ISO-10303-21;
HEADER;
/* Generated by software containing ST-Developer
 * from STEP Tools, Inc. (www.steptools.com) 
 */

FILE_DESCRIPTION(
/* description */ (''),
/* implementation_level */ '2;1');

FILE_NAME(
/* name */ 'C:\\Users\\DiequaCAD\\Documents\\Inventor\\Bearing\\6205.s
tp',
/* time_stamp */ '2017-05-01T11:12:28-05:00',
/* author */ ('DiequaCAD'),
/* organization */ (''),
/* preprocessor_version */ 'ST-DEVELOPER v16.13',
/* originating_system */ 'Autodesk Inventor 2018',
/* authorisation */ '');

FILE_SCHEMA (('CONFIG_CONTROL_DESIGN'));
ENDSEC;

DATA;
#10=MECHANICAL_DESIGN_GEOMETRIC_PRESENTATION_REPRESENTATION('',(#447,#446,
#441,#442,#443,#440,#444,#450,#448,#439,#445,#449),#11028);
#11=ITEM_DEFINED_TRANSFORMATION($,$,#3766,#4287);
#12=ITEM_DEFINED_TRANSFORMATION($,$,#3787,#4288);
#13=ITEM_DEFINED_TRANSFORMATION($,$,#3806,#4289);
#14=ITEM_DEFINED_TRANSFORMATION($,$,#3806,#4290);
#15=ITEM_DEFINED_TRANSFORMATION($,$,#3806,#4291);
#16=ITEM_DEFINED_TRANSFORMATION($,$,#3806,#4292);
#17=ITEM_DEFINED_TRANSFORMATION($,$,#3806,#4293);
#18=ITEM_DEFINED_TRANSFORMATION($,$,#3806,#4294);
#19=ITEM_DEFINED_TRANSFORMATION($,$,#3806,#4295);
#20=ITEM_DEFINED_TRANSFORMATION($,$,#3806,#4296);
#21=ITEM_DEFINED_TRANSFORMATION($,$,#3806,#4297);
#22=ITEM_DEFINED_TRANSFORMATION($,$,#3809,#4298);
#23=ITEM_DEFINED_TRANSFORMATION($,$,#3809,#4299);
#24=ITEM_DEFINED_TRANSFORMATION($,$,#4269,#4300);
#25=ITEM_DEFINED_TRANSFORMATION($,$,#4269,#4301);
#26=ITEM_DEFINED_TRANSFORMATION($,$,#4269,#4302);
#27=ITEM_DEFINED_TRANSFORMATION($,$,#4269,#4303);
#28=ITEM_DEFINED_TRANSFORMATION($,$,#4269,#4304);
#29=ITEM_DEFINED_TRANSFORMATION($,$,#4269,#4305);
#30=ITEM_DEFINED_TRANSFORMATION($,$,#4269,#4306);
#31=ITEM_DEFINED_TRANSFORMATION($,$,#4269,#4307);
#32=ITEM_DEFINED_TRANSFORMATION($,$,#4269,#4308);
#33=(
REPRESENTATION_RELATIONSHIP($,$,#11068,#11067)
REPRESENTATION_RELATIONSHIP_WITH_TRANSFORMATION(#11)
SHAPE_REPRESENTATION_RELATIONSHIP()
);
#34=(
REPRESENTATION_RELATIONSHIP($,$,#11069,#11067)
REPRESENTATION_RELATIONSHIP_WITH_TRANSFORMATION(#12)
SHAPE_REPRESENTATION_RELATIONSHIP()
);
#35=(
REPRESENTATION_RELATIONSHIP($,$,#11070,#11067)
REPRESENTATION_RELATIONSHIP_WITH_TRANSFORMATION(#13)
SHAPE_REPRESENTATION_RELATIONSHIP()
);
#36=(
REPRESENTATION_RELATIONSHIP($,$,#11070,#11067)
REPRESENTATION_RELATIONSHIP_WITH_TRANSFORMATION(#14)
SHAPE_REPRESENTATION_RELATIONSHIP()
);
#37=(
REPRESENTATION_RELATIONSHIP($,$,#11070,#11067)
REPRESENTATION_RELATIONSHIP_WITH_TRANSFORMATION(#15)
SHAPE_REPRESENTATION_RELATIONSHIP()
);
#38=(
REPRESENTATION_RELATIONSHIP($,$,#11070,#11067)
REPRESENTATION_RELATIONSHIP_WITH_TRANSFORMATION(#16)
SHAPE_REPRESENTATION_RELATIONSHIP()
);
#39=(
REPRESENTATION_RELATIONSHIP($,$,#11070,#11067)
REPRESENTATION_RELATIONSHIP_WITH_TRANSFORMATION(#17)
SHAPE_REPRESENTATION_RELATIONSHIP()
);
#40=(
REPRESENTATION_RELATIONSHIP($,$,#11070,#11067)
REPRESENTATION_RELATIONSHIP_WITH_TRANSFORMATION(#18)
SHAPE_REPRESENTATION_RELATIONSHIP()
);
#41=(
REPRESENTATION_RELATIONSHIP($,$,#11070,#11067)
REPRESENTATION_RELATIONSHIP_WITH_TRANSFORMATION(#19)
SHAPE_REPRESENTATION_RELATIONSHIP()
);
#42=(
REPRESENTATION_RELATIONSHIP($,$,#11070,#11067)
REPRESENTATION_RELATIONSHIP_WITH_TRANSFORMATION(#20)
SHAPE_REPRESENTATION_RELATIONSHIP()
);
#43=(
REPRESENTATION_RELATIONSHIP($,$,#11070,#11067)
REPRESENTATION_RELATIONSHIP_WITH_TRANSFORMATION(#21)
SHAPE_REPRESENTATION_RELATIONSHIP()
);
#44=(
REPRESENTATION_RELATIONSHIP($,$,#11071,#11067)
REPRESENTATION_RELATIONSHIP_WITH_TRANSFORMATION(#22)
SHAPE_REPRESENTATION_RELATIONSHIP()
);
#45=(
REPRESENTATION_RELATIONSHIP($,$,#11071,#11067)
REPRESENTATION_RELATIONSHIP_WITH_TRANSFORMATION(#23)
SHAPE_REPRESENTATION_RELATIONSHIP()
);
#46=(
REPRESENTATION_RELATIONSHIP($,$,#11072,#11067)
REPRESENTATION_RELATIONSHIP_WITH_TRANSFORMATION(#24)
SHAPE_REPRESENTATION_RELATIONSHIP()
);
#47=(
REPRESENTATION_RELATIONSHIP($,$,#11072,#11067)
REPRESENTATION_RELATIONSHIP_WITH_TRANSFORMATION(#25)
SHAPE_REPRESENTATION_RELATIONSHIP()
);
#48=(
REPRESENTATION_RELATIONSHIP($,$,#11072,#11067)
REPRESENTATION_RELATIONSHIP_WITH_TRANSFORMATION(#26)
SHAPE_REPRESENTATION_RELATIONSHIP()
);
#49=(
REPRESENTATION_RELATIONSHIP($,$,#11072,#11067)
REPRESENTATION_RELATIONSHIP_WITH_TRANSFORMATION(#27)
SHAPE_REPRESENTATION_RELATIONSHIP()
);
#50=(
REPRESENTATION_RELATIONSHIP($,$,#11072,#11067)
REPRESENTATION_RELATIONSHIP_WITH_TRANSFORMATION(#28)
SHAPE_REPRESENTATION_RELATIONSHIP()
);
#51=(
REPRESENTATION_RELATIONSHIP($,$,#11072,#11067)
REPRESENTATION_RELATIONSHIP_WITH_TRANSFORMATION(#29)
SHAPE_REPRESENTATION_RELATIONSHIP()
);
#52=(
REPRESENTATION_RELATIONSHIP($,$,#11072,#11067)
REPRESENTATION_RELATIONSHIP_WITH_TRANSFORMATION(#30)
SHAPE_REPRESENTATION_RELATIONSHIP()
);
#53=(
REPRESENTATION_RELATIONSHIP($,$,#11072,#11067)
REPRESENTATION_RELATIONSHIP_WITH_TRANSFORMATION(#31)
SHAPE_REPRESENTATION_RELATIONSHIP()
);
#54=(
REPRESENTATION_RELATIONSHIP($,$,#11072,#11067)
REPRESENTATION_RELATIONSHIP_WITH_TRANSFORMATION(#32)
SHAPE_REPRESENTATION_RELATIONSHIP()
);
#55=CONTEXT_DEPENDENT_SHAPE_REPRESENTATION(#33,#11045);
#56=CONTEXT_DEPENDENT_SHAPE_REPRESENTATION(#34,#11046);
#57=CONTEXT_DEPENDENT_SHAPE_REPRESENTATION(#35,#11047);
#58=CONTEXT_DEPENDENT_SHAPE_REPRESENTATION(#36,#11048);
#59=CONTEXT_DEPENDENT_SHAPE_REPRESENTATION(#37,#11049);
#60=CONTEXT_DEPENDENT_SHAPE_REPRESENTATION(#38,#11050);
#61=CONTEXT_DEPENDENT_SHAPE_REPRESENTATION(#39,#11051);
#62=CONTEXT_DEPENDENT_SHAPE_REPRESENTATION(#40,#11052);
#63=CONTEXT_DEPENDENT_SHAPE_REPRESENTATION(#41,#11053);
#64=CONTEXT_DEPENDENT_SHAPE_REPRESENTATION(#42,#11054);
#65=CONTEXT_DEPENDENT_SHAPE_REPRESENTATION(#43,#11055);
#66=CONTEXT_DEPENDENT_SHAPE_REPRESENTATION(#44,#11056);
#67=CONTEXT_DEPENDENT_SHAPE_REPRESENTATION(#45,#11057);
#68=CONTEXT_DEPENDENT_SHAPE_REPRESENTATION(#46,#11058);
#69=CONTEXT_DEPENDENT_SHAPE_REPRESENTATION(#47,#11059);
#70=CONTEXT_DEPENDENT_SHAPE_REPRESENTATION(#48,#11060);
#71=CONTEXT_DEPENDENT_SHAPE_REPRESENTATION(#49,#11061);
#72=CONTEXT_DEPENDENT_SHAPE_REPRESENTATION(#50,#11062);
#73=CONTEXT_DEPENDENT_SHAPE_REPRESENTATION(#51,#11063);
#74=CONTEXT_DEPENDENT_SHAPE_REPRESENTATION(#52,#11064);
#75=CONTEXT_DEPENDENT_SHAPE_REPRESENTATION(#53,#11065);
#76=CONTEXT_DEPENDENT_SHAPE_REPRESENTATION(#54,#11066);
#77=NEXT_ASSEMBLY_USAGE_OCCURRENCE('Inner Race:1','Inner Race:1',
'Inner Race:1',#11074,#11075,'Inner Race:1');
#78=NEXT_ASSEMBLY_USAGE_OCCURRENCE('Outer Race:1','Outer Race:1',
'Outer Race:1',#11074,#11076,'Outer Race:1');
#79=NEXT_ASSEMBLY_USAGE_OCCURRENCE('Ball:1','Ball:1','Ball:1',#11074,#11077,
'Ball:1');
#80=NEXT_ASSEMBLY_USAGE_OCCURRENCE('Ball:2','Ball:2','Ball:2',#11074,#11077,
'Ball:2');
#81=NEXT_ASSEMBLY_USAGE_OCCURRENCE('Ball:3','Ball:3','Ball:3',#11074,#11077,
'Ball:3');
#82=NEXT_ASSEMBLY_USAGE_OCCURRENCE('Ball:4','Ball:4','Ball:4',#11074,#11077,
'Ball:4');
#83=NEXT_ASSEMBLY_USAGE_OCCURRENCE('Ball:5','Ball:5','Ball:5',#11074,#11077,
'Ball:5');
#84=NEXT_ASSEMBLY_USAGE_OCCURRENCE('Ball:6','Ball:6','Ball:6',#11074,#11077,
'Ball:6');
#85=NEXT_ASSEMBLY_USAGE_OCCURRENCE('Ball:7','Ball:7','Ball:7',#11074,#11077,
'Ball:7');
#86=NEXT_ASSEMBLY_USAGE_OCCURRENCE('Ball:8','Ball:8','Ball:8',#11074,#11077,
'Ball:8');
#87=NEXT_ASSEMBLY_USAGE_OCCURRENCE('Ball:9','Ball:9','Ball:9',#11074,#11077,
'Ball:9');
#88=NEXT_ASSEMBLY_USAGE_OCCURRENCE('Cage:1','Cage:1','Cage:1',#11074,#11078,
'Cage:1');
#89=NEXT_ASSEMBLY_USAGE_OCCURRENCE('Cage:2','Cage:2','Cage:2',#11074,#11078,
'Cage:2');
#90=NEXT_ASSEMBLY_USAGE_OCCURRENCE('Rivit:1','Rivit:1','Rivit:1',#11074,
#11079,'Rivit:1');
#91=NEXT_ASSEMBLY_USAGE_OCCURRENCE('Rivit:2','Rivit:2','Rivit:2',#11074,
#11079,'Rivit:2');
#92=NEXT_ASSEMBLY_USAGE_OCCURRENCE('Rivit:3','Rivit:3','Rivit:3',#11074,
#11079,'Rivit:3');
#93=NEXT_ASSEMBLY_USAGE_OCCURRENCE('Rivit:4','Rivit:4','Rivit:4',#11074,
#11079,'Rivit:4');
#94=NEXT_ASSEMBLY_USAGE_OCCURRENCE('Rivit:5','Rivit:5','Rivit:5',#11074,
#11079,'Rivit:5');
#95=NEXT_ASSEMBLY_USAGE_OCCURRENCE('Rivit:6','Rivit:6','Rivit:6',#11074,
#11079,'Rivit:6');
#96=NEXT_ASSEMBLY_USAGE_OCCURRENCE('Rivit:7','Rivit:7','Rivit:7',#11074,
#11079,'Rivit:7');
#97=NEXT_ASSEMBLY_USAGE_OCCURRENCE('Rivit:8','Rivit:8','Rivit:8',#11074,
#11079,'Rivit:8');
#98=NEXT_ASSEMBLY_USAGE_OCCURRENCE('Rivit:9','Rivit:9','Rivit:9',#11074,
#11079,'Rivit:9');
#99=ELLIPSE('',#3811,0.111978630702229,0.0991361065691153);
#100=ELLIPSE('',#3813,0.20181754951366,0.195210739974415);
#101=ELLIPSE('',#3818,0.135754141896964,0.0993994291095265);
#102=ELLIPSE('',#3820,0.215057614062038,0.194948035049729);
#103=ELLIPSE('',#3879,4.14086745182449,4.00481979603222);
#104=ELLIPSE('',#3901,4.37436849095163,4.17183517084308);
#105=ELLIPSE('',#3909,0.111978630398316,0.0991361062607552);
#106=ELLIPSE('',#3911,0.201817549568042,0.195210740035997);
#107=ELLIPSE('',#3916,0.135754141856453,0.0993994290694707);
#108=ELLIPSE('',#3918,0.215057614061281,0.194948035048786);
#109=ELLIPSE('',#3979,0.111978630561262,0.0991361064277246);
#110=ELLIPSE('',#3981,0.20181754964015,0.195210740117065);
#111=ELLIPSE('',#3986,0.13575414188331,0.0993994290974715);
#112=ELLIPSE('',#3988,0.21505761406293,0.194948035051434);
#113=ELLIPSE('',#4025,0.111978630570023,0.0991361064309763);
#114=ELLIPSE('',#4027,0.201817549676986,0.195210740156379);
#115=ELLIPSE('',#4032,0.135754141894079,0.099399429107216);
#116=ELLIPSE('',#4034,0.215057614047841,0.194948035032271);
#117=ELLIPSE('',#4071,0.111978630603694,0.0991361064666586);
#118=ELLIPSE('',#4073,0.201817549644868,0.195210740121038);
#119=ELLIPSE('',#4078,0.135754141908933,0.0993994291230027);
#120=ELLIPSE('',#4080,0.21505761403424,0.194948035015238);
#121=ELLIPSE('',#4117,0.111978630675657,0.0991361065430474);
#122=ELLIPSE('',#4119,0.201817549618601,0.195210740093564);
#123=ELLIPSE('',#4124,0.135754141875438,0.099399429088504);
#124=ELLIPSE('',#4126,0.215057614057255,0.194948035043972);
#125=ELLIPSE('',#4163,0.111978630792273,0.0991361066623614);
#126=ELLIPSE('',#4165,0.201817549595603,0.195210740067473);
#127=ELLIPSE('',#4170,0.135754141859427,0.0993994290734411);
#128=ELLIPSE('',#4172,0.21505761406206,0.194948035049916);
#129=ELLIPSE('',#4209,0.111978630868029,0.0991361067388455);
#130=ELLIPSE('',#4211,0.201817549716738,0.195210740201348);
#131=ELLIPSE('',#4216,0.135754141877246,0.0993994290902545);
#132=ELLIPSE('',#4218,0.215057614075284,0.194948035066881);
#133=B_SPLINE_CURVE_WITH_KNOTS('',3,(#5491,#5492,#5493,#5494,#5495,#5496),
 .UNSPECIFIED.,.F.,.F.,(4,2,4),(0.,0.0315165899446608,0.0316811595880775),
 .UNSPECIFIED.);
#134=B_SPLINE_CURVE_WITH_KNOTS('',3,(#5497,#5498,#5499,#5500,#5501,#5502),
 .UNSPECIFIED.,.F.,.F.,(4,2,4),(-0.0316811595880775,-0.0315165899446608,
0.),.UNSPECIFIED.);
#135=B_SPLINE_CURVE_WITH_KNOTS('',3,(#5590,#5591,#5592,#5593,#5594,#5595),
 .UNSPECIFIED.,.F.,.F.,(4,2,4),(-0.0276102962819321,0.,0.000140557103825646),
 .UNSPECIFIED.);
#136=B_SPLINE_CURVE_WITH_KNOTS('',3,(#5596,#5597,#5598,#5599,#5600,#5601),
 .UNSPECIFIED.,.F.,.F.,(4,2,4),(-0.000140557103825646,0.,0.0276102962819321),
 .UNSPECIFIED.);
#137=B_SPLINE_CURVE_WITH_KNOTS('',3,(#5654,#5655,#5656,#5657,#5658,#5659,
#5660),.UNSPECIFIED.,.F.,.F.,(4,1,1,1,4),(-1.20036501245689,-0.895170223510421,
-0.573948848231655,-0.413338160592272,-0.0921167853135064),
 .UNSPECIFIED.);
#138=B_SPLINE_CURVE_WITH_KNOTS('',3,(#5663,#5664,#5665,#5666,#5667,#5668,
#5669),.UNSPECIFIED.,.F.,.F.,(4,1,1,1,4),(0.0921167853135064,0.413338160592272,
0.573948848231655,0.895170223510421,1.21639159878919),.UNSPECIFIED.);
#139=B_SPLINE_CURVE_WITH_KNOTS('',3,(#5744,#5745,#5746,#5747,#5748,#5749,
#5750,#5751,#5752),.UNSPECIFIED.,.F.,.F.,(4,1,1,1,1,1,4),(0.0204921730496952,
0.184368692430189,0.358245872893994,0.5321230533578,0.879877414285411,1.05375459474922,
1.22763177521302),.UNSPECIFIED.);
#140=B_SPLINE_CURVE_WITH_KNOTS('',3,(#5755,#5756,#5757,#5758,#5759,#5760,
#5761,#5762,#5763),.UNSPECIFIED.,.F.,.F.,(4,1,1,1,1,1,4),(-1.22763177521302,
-1.05375459474922,-0.879877414285411,-0.5321230533578,-0.358245872893994,
-0.184368692430189,-0.0104915119663835),.UNSPECIFIED.);
#141=B_SPLINE_CURVE_WITH_KNOTS('',3,(#5766,#5767,#5768,#5769,#5770,#5771,
#5772,#5773,#5774,#5775,#5776,#5777,#5778,#5779,#5780,#5781,#5782,#5783,
#5784,#5785,#5786,#5787,#5788,#5789,#5790,#5791,#5792,#5793,#5794,#5795,
#5796,#5797,#5798,#5799,#5800,#5801,#5802,#5803,#5804,#5805),
 .UNSPECIFIED.,.F.,.F.,(4,3,3,3,3,3,3,3,3,3,3,3,3,4),(0.,0.0014435150099628,
0.00280620401891164,0.00492656213595453,0.00601710314245574,0.00601973625027791,
0.0083071858930631,0.0103014030813671,0.01121845741534,0.0138856375075209,
0.0144606773029917,0.0176118105244583,0.0188069079226216,0.0189352528270593),
 .UNSPECIFIED.);
#142=B_SPLINE_CURVE_WITH_KNOTS('',3,(#5883,#5884,#5885,#5886,#5887,#5888,
#5889,#5890,#5891,#5892),.UNSPECIFIED.,.F.,.F.,(4,1,1,1,1,1,1,4),(-1.16262068810862,
-1.03805418581127,-0.996532018378819,-0.664354678919213,-0.49826600918941,
-0.332177339459606,-0.166088669729803,0.),.UNSPECIFIED.);
#143=B_SPLINE_CURVE_WITH_KNOTS('',3,(#5896,#5897,#5898,#5899,#5900,#5901,
#5902,#5903,#5904,#5905),.UNSPECIFIED.,.F.,.F.,(4,1,1,1,1,1,1,4),(0.,0.166088669729803,
0.332177339459606,0.49826600918941,0.664354678919213,0.996532018378819,
1.03805418581127,1.15261791813458),.UNSPECIFIED.);
#144=B_SPLINE_CURVE_WITH_KNOTS('',3,(#5907,#5908,#5909,#5910,#5911,#5912,
#5913,#5914,#5915,#5916,#5917,#5918,#5919,#5920,#5921,#5922,#5923,#5924,
#5925,#5926,#5927,#5928,#5929,#5930,#5931,#5932,#5933,#5934,#5935,#5936,
#5937,#5938,#5939,#5940,#5941,#5942,#5943,#5944,#5945,#5946),
 .UNSPECIFIED.,.F.,.F.,(4,3,3,3,3,3,3,3,3,3,3,3,3,4),(-0.000118924116260009,
0.,0.00322982303680138,0.00437939712424575,0.00710578495927626,0.00856728159284422,
0.0108463210249244,0.0119510785743877,0.0128878468229679,0.0149888537061758,
0.0161239552588909,0.0162898250488503,0.0186022525932933,0.0189561687812745),
 .UNSPECIFIED.);
#145=B_SPLINE_CURVE_WITH_KNOTS('',3,(#6018,#6019,#6020,#6021,#6022,#6023,
#6024,#6025),.UNSPECIFIED.,.F.,.F.,(4,1,1,1,1,4),(0.0204200362297014,0.194299200336221,
0.54205752854926,0.889815856762299,1.06369502086882,1.23757418497534),
 .UNSPECIFIED.);
#146=B_SPLINE_CURVE_WITH_KNOTS('',3,(#6029,#6030,#6031,#6032,#6033,#6034,
#6035,#6036,#6037,#6038,#6039,#6040,#6041,#6042,#6043,#6044,#6045,#6046,
#6047,#6048,#6049,#6050,#6051,#6052,#6053,#6054,#6055,#6056,#6057,#6058,
#6059,#6060,#6061,#6062,#6063,#6064,#6065,#6066,#6067,#6068),
 .UNSPECIFIED.,.F.,.F.,(4,3,3,3,3,3,3,3,3,3,3,3,3,4),(0.,0.00144351501543112,
0.00280620518100404,0.00492640425339112,0.00601711122885177,0.00601973629184787,
0.00830722021528436,0.0103014294042304,0.0112184572856958,0.0138855722180672,
0.0144606831751184,0.0176125254601146,0.0188069052345864,0.0189352526353771),
 .UNSPECIFIED.);
#147=B_SPLINE_CURVE_WITH_KNOTS('',3,(#6069,#6070,#6071,#6072,#6073,#6074,
#6075,#6076),.UNSPECIFIED.,.F.,.F.,(4,1,1,1,1,4),(-1.22757158129922,-1.06369502086882,
-0.889815856762299,-0.54205752854926,-0.194299200336221,-0.0204200362297014),
 .UNSPECIFIED.);
#148=B_SPLINE_CURVE_WITH_KNOTS('',3,(#6079,#6080,#6081,#6082,#6083,#6084,
#6085,#6086,#6087,#6088,#6089),.UNSPECIFIED.,.F.,.F.,(4,1,1,1,1,1,1,1,4),
(0.0104917031377562,0.176582087204437,0.342672471271117,0.508762855337798,
0.674853239404478,0.840943623471159,1.00703400753784,1.04855660355451,1.17312439160452),
 .UNSPECIFIED.);
#149=B_SPLINE_CURVE_WITH_KNOTS('',3,(#6158,#6159,#6160,#6161,#6162,#6163,
#6164,#6165,#6166,#6167,#6168),.UNSPECIFIED.,.F.,.F.,(4,1,1,1,1,1,1,1,4),
(-1.17312439160452,-1.04855660355451,-1.00703400753784,-0.840943623471159,
-0.674853239404478,-0.508762855337798,-0.342672471271117,-0.176582087204437,
-0.0204928741671657),.UNSPECIFIED.);
#150=B_SPLINE_CURVE_WITH_KNOTS('',3,(#6170,#6171,#6172,#6173,#6174,#6175,
#6176,#6177,#6178,#6179,#6180,#6181,#6182,#6183,#6184,#6185,#6186,#6187,
#6188,#6189,#6190,#6191,#6192,#6193,#6194,#6195,#6196,#6197,#6198,#6199,
#6200,#6201,#6202,#6203,#6204,#6205,#6206),.UNSPECIFIED.,.F.,.F.,(4,3,3,
3,3,3,3,3,3,3,3,3,4),(-0.000118926320660895,0.,0.00320160192645152,0.00437938919928728,
0.00705279850484809,0.00856725419864796,0.0108137341492886,0.0119510763519146,
0.0128878369647281,0.0150814197824684,0.0161239520373476,0.0184006837415737,
0.0189561667109678),.UNSPECIFIED.);
#151=B_SPLINE_CURVE_WITH_KNOTS('',3,(#6212,#6213,#6214,#6215,#6216,#6217,
#6218,#6219,#6220,#6221),.UNSPECIFIED.,.F.,.F.,(4,1,1,1,1,1,1,4),(0.,0.166088664463155,
0.332177328926311,0.498265993389466,0.664354657852621,0.830443322315777,
0.996531986778932,1.15261980380853),.UNSPECIFIED.);
#152=B_SPLINE_CURVE_WITH_KNOTS('',3,(#6225,#6226,#6227,#6228,#6229,#6230,
#6231,#6232,#6233,#6234),.UNSPECIFIED.,.F.,.F.,(4,1,1,1,1,1,1,4),(0.,0.166088664463155,
0.332177328926311,0.498265993389466,0.664354657852622,0.830443322315777,
0.996531986778932,1.15261980419572),.UNSPECIFIED.);
#153=B_SPLINE_CURVE_WITH_KNOTS('',3,(#6238,#6239,#6240,#6241,#6242,#6243,
#6244,#6245,#6246,#6247),.UNSPECIFIED.,.F.,.F.,(4,1,1,1,1,1,1,4),(0.,0.166088664463155,
0.33217732892631,0.498265993389466,0.664354657852621,0.996531986778931,
1.03805415289472,1.1526179501731),.UNSPECIFIED.);
#154=B_SPLINE_CURVE_WITH_KNOTS('',3,(#6251,#6252,#6253,#6254,#6255,#6256,
#6257,#6258,#6259,#6260),.UNSPECIFIED.,.F.,.F.,(4,1,1,1,1,1,1,4),(0.,0.166088664463155,
0.33217732892631,0.498265993389465,0.664354657852621,0.830443322315776,
0.996531986778931,1.15261980403995),.UNSPECIFIED.);
#155=B_SPLINE_CURVE_WITH_KNOTS('',3,(#6264,#6265,#6266,#6267,#6268,#6269,
#6270,#6271,#6272),.UNSPECIFIED.,.F.,.F.,(4,1,1,1,1,1,4),(0.,0.332177328926311,
0.498265993389466,0.664354657852621,0.830443322315777,0.996531986778932,
1.15261975098123),.UNSPECIFIED.);
#156=B_SPLINE_CURVE_WITH_KNOTS('',3,(#6276,#6277,#6278,#6279,#6280,#6281,
#6282,#6283,#6284,#6285),.UNSPECIFIED.,.F.,.F.,(4,1,1,1,1,1,1,4),(0.,0.166088664463155,
0.33217732892631,0.498265993389466,0.664354657852621,0.830443322315776,
0.996531986778931,1.15261980381852),.UNSPECIFIED.);
#157=B_SPLINE_CURVE_WITH_KNOTS('',3,(#6289,#6290,#6291,#6292,#6293,#6294,
#6295,#6296,#6297,#6298),.UNSPECIFIED.,.F.,.F.,(4,1,1,1,1,1,1,4),(0.,0.166088664463155,
0.332177328926311,0.498265993389466,0.664354657852621,0.830443322315777,
0.996531986778932,1.15261980436064),.UNSPECIFIED.);
#158=B_SPLINE_CURVE_WITH_KNOTS('',3,(#6301,#6302,#6303,#6304,#6305),
 .UNSPECIFIED.,.F.,.F.,(4,1,4),(-0.0280703618817417,-0.012030155092175,
0.),.UNSPECIFIED.);
#159=B_SPLINE_CURVE_WITH_KNOTS('',3,(#6309,#6310,#6311,#6312,#6313),
 .UNSPECIFIED.,.F.,.F.,(4,1,4),(4.56604179500218E-16,0.0120301564160279,
0.0280703649707312),.UNSPECIFIED.);
#160=B_SPLINE_CURVE_WITH_KNOTS('',3,(#6317,#6318,#6319,#6320,#6321,#6322,
#6323),.UNSPECIFIED.,.F.,.F.,(4,1,1,1,4),(0.091809131657902,0.408308718123115,
0.566558511355721,0.883058097820934,1.19576421883782),.UNSPECIFIED.);
#161=B_SPLINE_CURVE_WITH_KNOTS('',3,(#6325,#6326,#6327,#6328,#6329),
 .UNSPECIFIED.,.F.,.F.,(4,1,4),(-0.0280703651359092,-0.0120301564868182,
0.),.UNSPECIFIED.);
#162=B_SPLINE_CURVE_WITH_KNOTS('',3,(#6333,#6334,#6335,#6336,#6337,#6338,
#6339),.UNSPECIFIED.,.F.,.F.,(4,1,1,1,4),(0.0921167853135067,0.413338160592272,
0.734559535871038,1.0557809111498,1.21639159878919),.UNSPECIFIED.);
#163=B_SPLINE_CURVE_WITH_KNOTS('',3,(#6341,#6342,#6343,#6344,#6345),
 .UNSPECIFIED.,.F.,.F.,(4,1,4),(-0.028070361778027,-0.0120301550477259,
0.),.UNSPECIFIED.);
#164=B_SPLINE_CURVE_WITH_KNOTS('',3,(#6349,#6350,#6351,#6352,#6353,#6354,
#6355),.UNSPECIFIED.,.F.,.F.,(4,1,1,1,4),(0.0921167853135063,0.413338160592272,
0.734559535871037,1.0557809111498,1.21639159878919),.UNSPECIFIED.);
#165=B_SPLINE_CURVE_WITH_KNOTS('',3,(#6357,#6358,#6359,#6360,#6361),
 .UNSPECIFIED.,.F.,.F.,(4,1,4),(-0.0280703685070228,-0.0120301579315812,
0.),.UNSPECIFIED.);
#166=B_SPLINE_CURVE_WITH_KNOTS('',3,(#6365,#6366,#6367,#6368,#6369,#6370,
#6371),.UNSPECIFIED.,.F.,.F.,(4,1,1,1,4),(0.0921167853135064,0.413338160592272,
0.573948848231655,0.895170223510421,1.21639159878919),.UNSPECIFIED.);
#167=B_SPLINE_CURVE_WITH_KNOTS('',3,(#6373,#6374,#6375,#6376,#6377),
 .UNSPECIFIED.,.F.,.F.,(4,1,4),(-0.0280703617812782,-0.016040206732159,
0.),.UNSPECIFIED.);
#168=B_SPLINE_CURVE_WITH_KNOTS('',3,(#6381,#6382,#6383,#6384,#6385,#6386,
#6387),.UNSPECIFIED.,.F.,.F.,(4,1,1,1,4),(0.0921167853135061,0.252727472952889,
0.573948848231655,0.89517022351042,1.21639159878919),.UNSPECIFIED.);
#169=B_SPLINE_CURVE_WITH_KNOTS('',3,(#6389,#6390,#6391,#6392,#6393),
 .UNSPECIFIED.,.F.,.F.,(4,1,4),(-0.0280703672090454,-0.0120301573753052,
0.),.UNSPECIFIED.);
#170=B_SPLINE_CURVE_WITH_KNOTS('',3,(#6397,#6398,#6399,#6400,#6401,#6402,
#6403),.UNSPECIFIED.,.F.,.F.,(4,1,1,1,4),(0.0921167853135066,0.413338160592272,
0.573948848231655,0.895170223510421,1.21639159878919),.UNSPECIFIED.);
#171=B_SPLINE_CURVE_WITH_KNOTS('',3,(#6405,#6406,#6407,#6408,#6409),
 .UNSPECIFIED.,.F.,.F.,(4,1,4),(-0.0280703617994644,-0.0120301550569133,
0.),.UNSPECIFIED.);
#172=B_SPLINE_CURVE_WITH_KNOTS('',3,(#6413,#6414,#6415,#6416,#6417,#6418,
#6419),.UNSPECIFIED.,.F.,.F.,(4,1,1,1,4),(0.0921167853135066,0.252727472952889,
0.573948848231655,0.89517022351042,1.21639159878919),.UNSPECIFIED.);
#173=B_SPLINE_CURVE_WITH_KNOTS('',3,(#6421,#6422,#6423,#6424,#6425),
 .UNSPECIFIED.,.F.,.F.,(4,1,4),(-0.0280703629987074,-0.0160402074278328,
0.),.UNSPECIFIED.);
#174=B_SPLINE_CURVE_WITH_KNOTS('',3,(#6429,#6430,#6431,#6432,#6433,#6434,
#6435),.UNSPECIFIED.,.F.,.F.,(4,1,1,1,4),(0.0921167853135066,0.413338160592272,
0.573948848231655,0.89517022351042,1.21639159878919),.UNSPECIFIED.);
#175=B_SPLINE_CURVE_WITH_KNOTS('',3,(#6436,#6437,#6438,#6439,#6440),
 .UNSPECIFIED.,.F.,.F.,(4,1,4),(-0.0280703626831204,-0.0160402072474973,
0.),.UNSPECIFIED.);
#176=B_SPLINE_CURVE_WITH_KNOTS('',3,(#6467,#6468,#6469,#6470,#6471,#6472,
#6473,#6474,#6475,#6476,#6477,#6478,#6479,#6480,#6481,#6482),
 .UNSPECIFIED.,.F.,.F.,(4,3,3,3,3,4),(-0.0271024498722131,-0.0194181624899729,
-0.0155603469430064,-0.0116044695842457,-0.003596994261734,0.),
 .UNSPECIFIED.);
#177=B_SPLINE_CURVE_WITH_KNOTS('',3,(#6509,#6510,#6511,#6512,#6513),
 .UNSPECIFIED.,.F.,.F.,(4,1,4),(0.,0.012030155092175,0.0280703618817417),
 .UNSPECIFIED.);
#178=B_SPLINE_CURVE_WITH_KNOTS('',3,(#6547,#6548,#6549,#6550,#6551,#6552),
 .UNSPECIFIED.,.F.,.F.,(4,1,1,4),(-0.0291321561366445,-0.0208086829547461,
-0.0124852097728477,0.),.UNSPECIFIED.);
#179=B_SPLINE_CURVE_WITH_KNOTS('',3,(#6556,#6557,#6558,#6559,#6560,#6561),
 .UNSPECIFIED.,.F.,.F.,(4,1,1,4),(0.,0.0124852097728477,0.0208086829547461,
0.0291321561366445),.UNSPECIFIED.);
#180=B_SPLINE_CURVE_WITH_KNOTS('',3,(#6607,#6608,#6609,#6610,#6611,#6612,
#6613),.UNSPECIFIED.,.F.,.F.,(4,1,1,1,4),(0.0755446897085534,0.413085689401922,
0.581856189248606,0.919397188941974,1.25693818863534),.UNSPECIFIED.);
#181=B_SPLINE_CURVE_WITH_KNOTS('',3,(#6614,#6615,#6616,#6617,#6618,#6619,
#6620),.UNSPECIFIED.,.F.,.F.,(4,1,1,1,4),(-1.25693818863534,-0.919397188941974,
-0.581856189248606,-0.413085689401922,-0.0904497950601051),
 .UNSPECIFIED.);
#182=B_SPLINE_CURVE_WITH_KNOTS('',3,(#6649,#6650,#6651,#6652,#6653,#6654,
#6655,#6656,#6657,#6658,#6659,#6660,#6661),.UNSPECIFIED.,.F.,.F.,(4,3,3,
3,4),(-0.0235360117562447,-0.0156386419457789,-0.0100203341207189,-0.0077307500929677,
0.),.UNSPECIFIED.);
#183=B_SPLINE_CURVE_WITH_KNOTS('',3,(#6688,#6689,#6690,#6691,#6692),
 .UNSPECIFIED.,.F.,.F.,(4,1,4),(-0.029132156461478,-0.012485209912062,0.),
 .UNSPECIFIED.);
#184=B_SPLINE_CURVE_WITH_KNOTS('',3,(#6693,#6694,#6695,#6696,#6697),
 .UNSPECIFIED.,.F.,.F.,(4,1,4),(0.,0.012485209912062,0.0291321561723371),
 .UNSPECIFIED.);
#185=B_SPLINE_CURVE_WITH_KNOTS('',3,(#6723,#6724,#6725,#6726,#6727),
 .UNSPECIFIED.,.F.,.F.,(4,1,4),(-0.0280703649707312,-0.0120301564160279,
-4.56604179500218E-16),.UNSPECIFIED.);
#186=B_SPLINE_CURVE_WITH_KNOTS('',3,(#6761,#6762,#6763,#6764,#6765,#6766),
 .UNSPECIFIED.,.F.,.F.,(4,2,4),(0.,0.0315165899446999,0.0316811595880778),
 .UNSPECIFIED.);
#187=B_SPLINE_CURVE_WITH_KNOTS('',3,(#6767,#6768,#6769,#6770,#6771,#6772),
 .UNSPECIFIED.,.F.,.F.,(4,2,4),(-0.0316811595880778,-0.0315165899446999,
0.),.UNSPECIFIED.);
#188=B_SPLINE_CURVE_WITH_KNOTS('',3,(#6860,#6861,#6862,#6863,#6864,#6865),
 .UNSPECIFIED.,.F.,.F.,(4,2,4),(-0.0276102962818809,0.,0.000140557102506955),
 .UNSPECIFIED.);
#189=B_SPLINE_CURVE_WITH_KNOTS('',3,(#6866,#6867,#6868,#6869,#6870,#6871),
 .UNSPECIFIED.,.F.,.F.,(4,2,4),(-0.000140557102506955,0.,0.0276102962818809),
 .UNSPECIFIED.);
#190=B_SPLINE_CURVE_WITH_KNOTS('',3,(#6922,#6923,#6924,#6925,#6926,#6927,
#6928),.UNSPECIFIED.,.F.,.F.,(4,1,1,1,4),(-1.20036500454855,-0.89517022351042,
-0.573948848231655,-0.413338160592272,-0.0921167853135066),
 .UNSPECIFIED.);
#191=B_SPLINE_CURVE_WITH_KNOTS('',3,(#6992,#6993,#6994,#6995,#6996,#6997,
#6998,#6999,#7000,#7001),.UNSPECIFIED.,.F.,.F.,(4,1,1,1,1,1,1,4),(-1.16262065124209,
-0.996531986778932,-0.830443322315777,-0.664354657852621,-0.498265993389466,
-0.332177328926311,-0.166088664463155,0.),.UNSPECIFIED.);
#192=B_SPLINE_CURVE_WITH_KNOTS('',3,(#7004,#7005,#7006,#7007,#7008,#7009,
#7010,#7011,#7012,#7013,#7014,#7015,#7016,#7017,#7018,#7019,#7020,#7021,
#7022,#7023,#7024,#7025,#7026,#7027,#7028,#7029,#7030,#7031,#7032,#7033,
#7034,#7035,#7036,#7037,#7038,#7039,#7040,#7041,#7042,#7043),
 .UNSPECIFIED.,.F.,.F.,(4,3,3,3,3,3,3,3,3,3,3,3,3,4),(-0.000118924115304528,
0.,0.0032309799385492,0.00437939712558737,0.00710643514087212,0.00856728159907154,
0.0108465877141076,0.0119510785702962,0.0128878468191531,0.0149888052580645,
0.0161239552529247,0.0162898250428516,0.0186015995306983,0.0189561687741389),
 .UNSPECIFIED.);
#193=B_SPLINE_CURVE_WITH_KNOTS('',3,(#7120,#7121,#7122,#7123,#7124,#7125,
#7126,#7127,#7128),.UNSPECIFIED.,.F.,.F.,(4,1,1,1,1,1,4),(0.020494822579339,
0.184368726881036,0.358245898000478,0.706000240239362,0.879877411358805,
1.05375458247825,1.22763175359769),.UNSPECIFIED.);
#194=B_SPLINE_CURVE_WITH_KNOTS('',3,(#7131,#7132,#7133,#7134,#7135,#7136,
#7137,#7138,#7139),.UNSPECIFIED.,.F.,.F.,(4,1,1,1,1,1,4),(-1.22763175359769,
-1.05375458247825,-0.879877411358805,-0.706000240239362,-0.358245898000478,
-0.184368726881036,-0.0104915557615934),.UNSPECIFIED.);
#195=B_SPLINE_CURVE_WITH_KNOTS('',3,(#7142,#7143,#7144,#7145,#7146,#7147,
#7148,#7149,#7150,#7151,#7152,#7153,#7154,#7155,#7156,#7157,#7158,#7159,
#7160,#7161,#7162,#7163,#7164,#7165,#7166,#7167,#7168,#7169,#7170,#7171,
#7172,#7173,#7174,#7175,#7176,#7177,#7178,#7179,#7180,#7181),
 .UNSPECIFIED.,.F.,.F.,(4,3,3,3,3,3,3,3,3,3,3,3,3,4),(0.,0.00144351500996186,
0.00280620401880823,0.00492647316053645,0.00601710314174249,0.00601973625027469,
0.00830723687429638,0.0103014030793681,0.011218457415351,0.0138857856559261,
0.0144606773002865,0.0176126442808948,0.0188069079221194,0.0189352528268074),
 .UNSPECIFIED.);
#196=B_SPLINE_CURVE_WITH_KNOTS('',3,(#7196,#7197,#7198,#7199,#7200,#7201,
#7202,#7203,#7204,#7205,#7206,#7207,#7208,#7209,#7210,#7211,#7212,#7213,
#7214,#7215,#7216,#7217,#7218,#7219,#7220,#7221,#7222,#7223,#7224,#7225,
#7226,#7227,#7228,#7229,#7230,#7231,#7232,#7233,#7234,#7235),
 .UNSPECIFIED.,.F.,.F.,(4,3,3,3,3,3,3,3,3,3,3,3,3,4),(-0.000118924115222845,
0.,0.00323101362794459,0.00437939712429239,0.00710664754381208,0.00856728159631894,
0.0108467493393876,0.0119510785663679,0.0128878468148999,0.0149888573302239,
0.0161239552475414,0.01628982503741,0.018601544622585,0.0189561687677611),
 .UNSPECIFIED.);
#197=B_SPLINE_CURVE_WITH_KNOTS('',3,(#7249,#7250,#7251,#7252,#7253,#7254,
#7255,#7256,#7257,#7258,#7259,#7260,#7261,#7262,#7263,#7264,#7265,#7266,
#7267,#7268,#7269,#7270,#7271,#7272,#7273,#7274,#7275,#7276,#7277,#7278,
#7279,#7280,#7281,#7282,#7283,#7284,#7285,#7286,#7287,#7288),
 .UNSPECIFIED.,.F.,.F.,(4,3,3,3,3,3,3,3,3,3,3,3,3,4),(-0.0189352528268588,
-0.0188069079222012,-0.0156552886381149,-0.0144606773003007,-0.0117928299198156,
-0.0112184574153594,-0.0103014030793765,-0.0080134735906597,-0.00601973625027897,
-0.0060171031417469,-0.00389670984028469,-0.00280620401880904,-0.00144351500996185,
0.),.UNSPECIFIED.);
#198=B_SPLINE_CURVE_WITH_KNOTS('',3,(#7314,#7315,#7316,#7317,#7318),
 .UNSPECIFIED.,.F.,.F.,(4,1,4),(0.,0.0160402072474973,0.0280703626831204),
 .UNSPECIFIED.);
#199=B_SPLINE_CURVE_WITH_KNOTS('',3,(#7345,#7346,#7347,#7348,#7349),
 .UNSPECIFIED.,.F.,.F.,(4,1,4),(-0.0291321561646895,-0.0166469463798229,
-8.06333444957738E-16),.UNSPECIFIED.);
#200=B_SPLINE_CURVE_WITH_KNOTS('',3,(#7351,#7352,#7353,#7354,#7355),
 .UNSPECIFIED.,.F.,.F.,(4,1,4),(8.06333444957738E-16,0.0166469463798229,
0.0291321561646895),.UNSPECIFIED.);
#201=B_SPLINE_CURVE_WITH_KNOTS('',3,(#7394,#7395,#7396,#7397,#7398,#7399,
#7400),.UNSPECIFIED.,.F.,.F.,(4,1,1,1,4),(0.0755446897085538,0.413085689401922,
0.75062668909529,0.919397188941974,1.25693818863534),.UNSPECIFIED.);
#202=B_SPLINE_CURVE_WITH_KNOTS('',3,(#7401,#7402,#7403,#7404,#7405,#7406,
#7407),.UNSPECIFIED.,.F.,.F.,(4,1,1,1,4),(-1.25693818863534,-0.919397188941974,
-0.75062668909529,-0.413085689401922,-0.0904461687490053),.UNSPECIFIED.);
#203=B_SPLINE_CURVE_WITH_KNOTS('',3,(#7412,#7413,#7414,#7415,#7416,#7417,
#7418,#7419,#7420),.UNSPECIFIED.,.F.,.F.,(4,1,1,1,1,1,4),(0.0204922887216299,
0.184368726881035,0.358245898000478,0.53212306911992,0.879877411358804,
1.05375458247825,1.22763175359769),.UNSPECIFIED.);
#204=B_SPLINE_CURVE_WITH_KNOTS('',3,(#7424,#7425,#7426,#7427,#7428,#7429,
#7430,#7431,#7432),.UNSPECIFIED.,.F.,.F.,(4,1,1,1,1,1,4),(0.0204922899156683,
0.184368726881036,0.358245898000478,0.53212306911992,0.879877411358805,
1.05375458247825,1.22763175359769),.UNSPECIFIED.);
#205=B_SPLINE_CURVE_WITH_KNOTS('',3,(#7436,#7437,#7438,#7439,#7440,#7441,
#7442,#7443),.UNSPECIFIED.,.F.,.F.,(4,1,1,1,1,4),(0.0204894238430698,0.184368726881035,
0.53212306911992,0.879877411358804,1.05375458247825,1.22763175359769),
 .UNSPECIFIED.);
#206=B_SPLINE_CURVE_WITH_KNOTS('',3,(#7447,#7448,#7449,#7450,#7451,#7452,
#7453,#7454,#7455),.UNSPECIFIED.,.F.,.F.,(4,1,1,1,1,1,4),(0.020492289420963,
0.184368726881035,0.358245898000478,0.53212306911992,0.879877411358804,
1.05375458247825,1.22763175359769),.UNSPECIFIED.);
#207=B_SPLINE_CURVE_WITH_KNOTS('',3,(#7459,#7460,#7461,#7462,#7463,#7464,
#7465,#7466),.UNSPECIFIED.,.F.,.F.,(4,1,1,1,1,4),(0.0204894245981836,0.184368726881035,
0.532123069119919,0.879877411358803,1.05375458247825,1.22763175359769),
 .UNSPECIFIED.);
#208=B_SPLINE_CURVE_WITH_KNOTS('',3,(#7469,#7470,#7471,#7472,#7473,#7474,
#7475,#7476),.UNSPECIFIED.,.F.,.F.,(4,1,1,1,1,4),(0.0204894238658834,0.184368726881036,
0.53212306911992,0.879877411358804,1.05375458247825,1.22763175359769),
 .UNSPECIFIED.);
#209=B_SPLINE_CURVE_WITH_KNOTS('',3,(#7478,#7479,#7480,#7481,#7482),
 .UNSPECIFIED.,.F.,.F.,(4,1,4),(-0.0291321561430814,-0.0166469463674751,
0.),.UNSPECIFIED.);
#210=B_SPLINE_CURVE_WITH_KNOTS('',3,(#7484,#7485,#7486,#7487,#7488,#7489,
#7490),.UNSPECIFIED.,.F.,.F.,(4,1,1,1,4),(0.0755446897085533,0.244315189555237,
0.581856189248606,0.919397188941974,1.25693818863534),.UNSPECIFIED.);
#211=B_SPLINE_CURVE_WITH_KNOTS('',3,(#7494,#7495,#7496,#7497,#7498,#7499),
 .UNSPECIFIED.,.F.,.F.,(4,1,1,4),(-0.0291321561331518,-0.0208086829522515,
-0.0124852097713513,-8.58997144356814E-16),.UNSPECIFIED.);
#212=B_SPLINE_CURVE_WITH_KNOTS('',3,(#7501,#7502,#7503,#7504,#7505,#7506,
#7507),.UNSPECIFIED.,.F.,.F.,(4,1,1,1,4),(0.0755446897085536,0.413085689401922,
0.581856189248606,0.919397188941974,1.25693818863534),.UNSPECIFIED.);
#213=B_SPLINE_CURVE_WITH_KNOTS('',3,(#7511,#7512,#7513,#7514,#7515,#7516),
 .UNSPECIFIED.,.F.,.F.,(4,1,1,4),(-0.0291321561662064,-0.0208086829758619,
-0.0124852097855175,-8.04720307040473E-16),.UNSPECIFIED.);
#214=B_SPLINE_CURVE_WITH_KNOTS('',3,(#7518,#7519,#7520,#7521,#7522,#7523,
#7524),.UNSPECIFIED.,.F.,.F.,(4,1,1,1,4),(0.0755446897085538,0.413085689401922,
0.581856189248606,0.919397188941975,1.25693818863534),.UNSPECIFIED.);
#215=B_SPLINE_CURVE_WITH_KNOTS('',3,(#7528,#7529,#7530,#7531,#7532),
 .UNSPECIFIED.,.F.,.F.,(4,1,4),(-0.0291321561395189,-0.0166469463654398,
-9.46256320503655E-16),.UNSPECIFIED.);
#216=B_SPLINE_CURVE_WITH_KNOTS('',3,(#7534,#7535,#7536,#7537,#7538,#7539,
#7540),.UNSPECIFIED.,.F.,.F.,(4,1,1,1,4),(0.0755446897085536,0.413085689401922,
0.750626689095291,0.919397188941975,1.25693818863534),.UNSPECIFIED.);
#217=B_SPLINE_CURVE_WITH_KNOTS('',3,(#7544,#7545,#7546,#7547,#7548,#7549),
 .UNSPECIFIED.,.F.,.F.,(4,1,1,4),(-0.0291321561567062,-0.020808682969076,
-0.0124852097814457,-3.21139251520303E-16),.UNSPECIFIED.);
#218=B_SPLINE_CURVE_WITH_KNOTS('',3,(#7551,#7552,#7553,#7554,#7555,#7556,
#7557),.UNSPECIFIED.,.F.,.F.,(4,1,1,1,4),(0.0755446897085537,0.244315189555238,
0.581856189248606,0.919397188941975,1.25693818863534),.UNSPECIFIED.);
#219=B_SPLINE_CURVE_WITH_KNOTS('',3,(#7561,#7562,#7563,#7564,#7565),
 .UNSPECIFIED.,.F.,.F.,(4,1,4),(-0.0291321561406475,-0.0166469463660843,
0.),.UNSPECIFIED.);
#220=B_SPLINE_CURVE_WITH_KNOTS('',3,(#7567,#7568,#7569,#7570,#7571,#7572,
#7573),.UNSPECIFIED.,.F.,.F.,(4,1,1,1,4),(0.0755446897085537,0.413085689401922,
0.75062668909529,0.919397188941974,1.25693818863534),.UNSPECIFIED.);
#221=B_SPLINE_CURVE_WITH_KNOTS('',3,(#7577,#7578,#7579,#7580,#7581),
 .UNSPECIFIED.,.F.,.F.,(4,1,4),(-0.0291321561627065,-0.0166469463786898,
-9.09198963994207E-16),.UNSPECIFIED.);
#222=B_SPLINE_CURVE_WITH_KNOTS('',3,(#7582,#7583,#7584,#7585,#7586,#7587,
#7588),.UNSPECIFIED.,.F.,.F.,(4,1,1,1,4),(0.0958369037650051,0.424842987714241,
0.591248047963059,0.924058168460695,1.25686828895833),.UNSPECIFIED.);
#223=B_SPLINE_CURVE_WITH_KNOTS('',3,(#7617,#7618,#7619,#7620,#7621,#7622),
 .UNSPECIFIED.,.F.,.F.,(4,2,4),(0.,0.0315165899445892,0.0316811595880781),
 .UNSPECIFIED.);
#224=B_SPLINE_CURVE_WITH_KNOTS('',3,(#7623,#7624,#7625,#7626,#7627,#7628),
 .UNSPECIFIED.,.F.,.F.,(4,2,4),(-0.0316811595880781,-0.0315165899445892,
0.),.UNSPECIFIED.);
#225=B_SPLINE_CURVE_WITH_KNOTS('',3,(#7715,#7716,#7717,#7718,#7719,#7720),
 .UNSPECIFIED.,.F.,.F.,(4,2,4),(-0.0276102962818763,0.,0.000140557102479101),
 .UNSPECIFIED.);
#226=B_SPLINE_CURVE_WITH_KNOTS('',3,(#7721,#7722,#7723,#7724,#7725,#7726),
 .UNSPECIFIED.,.F.,.F.,(4,2,4),(-0.000140557102479101,0.,0.0276102962818763),
 .UNSPECIFIED.);
#227=B_SPLINE_CURVE_WITH_KNOTS('',3,(#7775,#7776,#7777,#7778,#7779,#7780,
#7781),.UNSPECIFIED.,.F.,.F.,(4,1,1,1,4),(-1.20036433616948,-0.89517022351042,
-0.573948848231655,-0.252727472952889,-0.0921167853135066),
 .UNSPECIFIED.);
#228=B_SPLINE_CURVE_WITH_KNOTS('',3,(#7844,#7845,#7846,#7847,#7848,#7849,
#7850,#7851,#7852,#7853),.UNSPECIFIED.,.F.,.F.,(4,1,1,1,1,1,1,4),(-1.16262065124209,
-0.996531986778932,-0.830443322315777,-0.664354657852622,-0.498265993389466,
-0.332177328926311,-0.166088664463155,0.),.UNSPECIFIED.);
#229=B_SPLINE_CURVE_WITH_KNOTS('',3,(#7920,#7921,#7922,#7923,#7924,#7925,
#7926,#7927),.UNSPECIFIED.,.F.,.F.,(4,1,1,1,1,4),(-1.22763175359769,-1.05375458247825,
-0.879877411358804,-0.53212306911992,-0.184368726881036,-0.0104915557615933),
 .UNSPECIFIED.);
#230=B_SPLINE_CURVE_WITH_KNOTS('',3,(#7935,#7936,#7937,#7938,#7939,#7940,
#7941,#7942,#7943,#7944,#7945,#7946,#7947,#7948,#7949,#7950,#7951,#7952,
#7953,#7954,#7955,#7956,#7957,#7958,#7959,#7960,#7961,#7962,#7963,#7964,
#7965,#7966,#7967,#7968,#7969,#7970,#7971,#7972,#7973,#7974),
 .UNSPECIFIED.,.F.,.F.,(4,3,3,3,3,3,3,3,3,3,3,3,3,4),(-0.000118924115384142,
0.,0.0032297995705399,0.00437939712598334,0.00710565911278541,0.00856728159991377,
0.0108462331021927,0.0119510785715001,0.0128878468204577,0.0149888265893271,
0.0161239552545757,0.0162898250445202,0.0186022798278989,0.0189561687760922),
 .UNSPECIFIED.);
#231=B_SPLINE_CURVE_WITH_KNOTS('',3,(#7986,#7987,#7988,#7989,#7990,#7991,
#7992,#7993,#7994,#7995,#7996,#7997,#7998,#7999,#8000,#8001,#8002,#8003,
#8004,#8005,#8006,#8007,#8008,#8009,#8010,#8011,#8012,#8013,#8014,#8015,
#8016,#8017,#8018,#8019,#8020,#8021,#8022,#8023,#8024,#8025),
 .UNSPECIFIED.,.F.,.F.,(4,3,3,3,3,3,3,3,3,3,3,3,3,4),(-0.0189352528269027,
-0.0188069079221943,-0.0156553074943636,-0.0144606773003142,-0.0117928790085081,
-0.0112184574153707,-0.0103014030793869,-0.00801345033698734,-0.00601973625028181,
-0.0060171031417498,-0.0038967343040222,-0.00280620401880935,-0.00144351500996186,
0.),.UNSPECIFIED.);
#232=B_SPLINE_CURVE_WITH_KNOTS('',3,(#8052,#8053,#8054,#8055,#8056),
 .UNSPECIFIED.,.F.,.F.,(4,1,4),(0.,0.0160402074278328,0.0280703629987074),
 .UNSPECIFIED.);
#233=B_SPLINE_CURVE_WITH_KNOTS('',3,(#8083,#8084,#8085,#8086,#8087),
 .UNSPECIFIED.,.F.,.F.,(4,1,4),(0.,0.0166469463674751,0.0291321561430814),
 .UNSPECIFIED.);
#234=B_SPLINE_CURVE_WITH_KNOTS('',3,(#8126,#8127,#8128,#8129,#8130,#8131,
#8132),.UNSPECIFIED.,.F.,.F.,(4,1,1,1,4),(-1.25693818863534,-0.919397188941974,
-0.581856189248606,-0.244315189555237,-0.0904353289019278),
 .UNSPECIFIED.);
#235=B_SPLINE_CURVE_WITH_KNOTS('',3,(#8161,#8162,#8163,#8164,#8165,#8166),
 .UNSPECIFIED.,.F.,.F.,(4,2,4),(0.,0.0315165899446726,0.0316811595880779),
 .UNSPECIFIED.);
#236=B_SPLINE_CURVE_WITH_KNOTS('',3,(#8167,#8168,#8169,#8170,#8171,#8172),
 .UNSPECIFIED.,.F.,.F.,(4,2,4),(-0.0316811595880779,-0.0315165899446726,
0.),.UNSPECIFIED.);
#237=B_SPLINE_CURVE_WITH_KNOTS('',3,(#8259,#8260,#8261,#8262,#8263,#8264),
 .UNSPECIFIED.,.F.,.F.,(4,2,4),(-0.0276102962819451,0.,0.000140557102425198),
 .UNSPECIFIED.);
#238=B_SPLINE_CURVE_WITH_KNOTS('',3,(#8265,#8266,#8267,#8268,#8269,#8270),
 .UNSPECIFIED.,.F.,.F.,(4,2,4),(-0.000140557102425198,0.,0.0276102962819451),
 .UNSPECIFIED.);
#239=B_SPLINE_CURVE_WITH_KNOTS('',3,(#8319,#8320,#8321,#8322,#8323,#8324,
#8325),.UNSPECIFIED.,.F.,.F.,(4,1,1,1,4),(-1.2003650080113,-0.895170223510421,
-0.573948848231655,-0.413338160592272,-0.0921167853135066),
 .UNSPECIFIED.);
#240=B_SPLINE_CURVE_WITH_KNOTS('',3,(#8388,#8389,#8390,#8391,#8392,#8393,
#8394,#8395,#8396,#8397),.UNSPECIFIED.,.F.,.F.,(4,1,1,1,1,1,1,4),(-1.16262065124209,
-1.03805415289472,-0.996531986778931,-0.664354657852621,-0.498265993389466,
-0.33217732892631,-0.166088664463155,0.),.UNSPECIFIED.);
#241=B_SPLINE_CURVE_WITH_KNOTS('',3,(#8464,#8465,#8466,#8467,#8468,#8469,
#8470,#8471),.UNSPECIFIED.,.F.,.F.,(4,1,1,1,1,4),(-1.22763175359769,-1.05375458247825,
-0.879877411358803,-0.532123069119919,-0.184368726881035,-0.0104915557615932),
 .UNSPECIFIED.);
#242=B_SPLINE_CURVE_WITH_KNOTS('',3,(#8479,#8480,#8481,#8482,#8483,#8484,
#8485,#8486,#8487,#8488,#8489,#8490,#8491,#8492,#8493,#8494,#8495,#8496,
#8497,#8498,#8499,#8500,#8501,#8502,#8503,#8504,#8505,#8506,#8507,#8508,
#8509,#8510,#8511,#8512,#8513,#8514,#8515,#8516,#8517,#8518),
 .UNSPECIFIED.,.F.,.F.,(4,3,3,3,3,3,3,3,3,3,3,3,3,4),(-0.000118924115531491,
0.,0.00323100099208714,0.00437939712831542,0.00710656725853933,0.00856728160487853,
0.0108466881913456,0.0119510785785897,0.0128878468281348,0.0149888380924635,
0.0161239552642834,0.0162898250543321,0.0186015653036166,0.0189561687875802),
 .UNSPECIFIED.);
#243=B_SPLINE_CURVE_WITH_KNOTS('',3,(#8530,#8531,#8532,#8533,#8534,#8535,
#8536,#8537,#8538,#8539,#8540,#8541,#8542,#8543,#8544,#8545,#8546,#8547,
#8548,#8549,#8550,#8551,#8552,#8553,#8554,#8555,#8556,#8557,#8558,#8559,
#8560,#8561,#8562,#8563,#8564,#8565,#8566,#8567,#8568,#8569),
 .UNSPECIFIED.,.F.,.F.,(4,3,3,3,3,3,3,3,3,3,3,3,3,4),(-0.0189352528264159,
-0.018806907921419,-0.0156558041992026,-0.0144606773002664,-0.0117935710782514,
-0.0112184574153339,-0.0103014030793529,-0.00801391949675857,-0.00601973625026787,
-0.00601710314173544,-0.00389678118602891,-0.00280620401880629,-0.00144351500996182,
0.),.UNSPECIFIED.);
#244=B_SPLINE_CURVE_WITH_KNOTS('',3,(#8596,#8597,#8598,#8599,#8600),
 .UNSPECIFIED.,.F.,.F.,(4,1,4),(0.,0.0120301550569133,0.0280703617994644),
 .UNSPECIFIED.);
#245=B_SPLINE_CURVE_WITH_KNOTS('',3,(#8632,#8633,#8634,#8635,#8636,#8637),
 .UNSPECIFIED.,.F.,.F.,(4,1,1,4),(8.58997144356814E-16,0.0124852097713513,
0.0208086829522515,0.0291321561331518),.UNSPECIFIED.);
#246=B_SPLINE_CURVE_WITH_KNOTS('',3,(#8676,#8677,#8678,#8679,#8680,#8681,
#8682),.UNSPECIFIED.,.F.,.F.,(4,1,1,1,4),(-1.25693818863534,-0.919397188941974,
-0.581856189248606,-0.413085689401922,-0.0904497771755833),
 .UNSPECIFIED.);
#247=B_SPLINE_CURVE_WITH_KNOTS('',3,(#8711,#8712,#8713,#8714,#8715,#8716),
 .UNSPECIFIED.,.F.,.F.,(4,2,4),(0.,0.0315165899446277,0.0316811595880775),
 .UNSPECIFIED.);
#248=B_SPLINE_CURVE_WITH_KNOTS('',3,(#8717,#8718,#8719,#8720,#8721,#8722),
 .UNSPECIFIED.,.F.,.F.,(4,2,4),(-0.0316811595880775,-0.0315165899446277,
0.),.UNSPECIFIED.);
#249=B_SPLINE_CURVE_WITH_KNOTS('',3,(#8809,#8810,#8811,#8812,#8813,#8814),
 .UNSPECIFIED.,.F.,.F.,(4,2,4),(-0.0276102962818867,0.,0.00014055710246882),
 .UNSPECIFIED.);
#250=B_SPLINE_CURVE_WITH_KNOTS('',3,(#8815,#8816,#8817,#8818,#8819,#8820),
 .UNSPECIFIED.,.F.,.F.,(4,2,4),(-0.00014055710246882,0.,0.0276102962818867),
 .UNSPECIFIED.);
#251=B_SPLINE_CURVE_WITH_KNOTS('',3,(#8869,#8870,#8871,#8872,#8873,#8874,
#8875),.UNSPECIFIED.,.F.,.F.,(4,1,1,1,4),(-1.20036433054641,-0.89517022351042,
-0.573948848231655,-0.252727472952889,-0.0921167853135061),
 .UNSPECIFIED.);
#252=B_SPLINE_CURVE_WITH_KNOTS('',3,(#8938,#8939,#8940,#8941,#8942,#8943,
#8944,#8945,#8946,#8947),.UNSPECIFIED.,.F.,.F.,(4,1,1,1,1,1,1,4),(-1.16262065124209,
-0.996531986778931,-0.830443322315776,-0.664354657852621,-0.498265993389465,
-0.33217732892631,-0.166088664463155,0.),.UNSPECIFIED.);
#253=B_SPLINE_CURVE_WITH_KNOTS('',3,(#9021,#9022,#9023,#9024,#9025,#9026,
#9027,#9028,#9029),.UNSPECIFIED.,.F.,.F.,(4,1,1,1,1,1,4),(-1.22763175359769,
-1.05375458247825,-0.879877411358804,-0.53212306911992,-0.358245898000478,
-0.184368726881035,-0.0104915557615933),.UNSPECIFIED.);
#254=B_SPLINE_CURVE_WITH_KNOTS('',3,(#9037,#9038,#9039,#9040,#9041,#9042,
#9043,#9044,#9045,#9046,#9047,#9048,#9049,#9050,#9051,#9052,#9053,#9054,
#9055,#9056,#9057,#9058,#9059,#9060,#9061,#9062,#9063,#9064,#9065,#9066,
#9067,#9068,#9069,#9070,#9071,#9072,#9073,#9074,#9075,#9076),
 .UNSPECIFIED.,.F.,.F.,(4,3,3,3,3,3,3,3,3,3,3,3,3,4),(-0.000118924115053529,
0.,0.00323102598594184,0.00437939712310616,0.00710665523806165,0.00856728159379493,
0.010846751219959,0.0119510785627612,0.0128878468109924,0.0149888572459909,
0.0161239552426008,0.0162898250324169,0.0186015430287009,0.0189561687619193),
 .UNSPECIFIED.);
#255=B_SPLINE_CURVE_WITH_KNOTS('',3,(#9088,#9089,#9090,#9091,#9092,#9093,
#9094,#9095,#9096,#9097,#9098,#9099,#9100,#9101,#9102,#9103,#9104,#9105,
#9106,#9107,#9108,#9109,#9110,#9111,#9112,#9113,#9114,#9115,#9116,#9117,
#9118,#9119,#9120,#9121,#9122,#9123,#9124,#9125,#9126,#9127),
 .UNSPECIFIED.,.F.,.F.,(4,3,3,3,3,3,3,3,3,3,3,3,3,4),(-0.0189352528270667,
-0.0188069079225228,-0.0156552884400606,-0.014460677300288,-0.0117928295997667,
-0.0112184574153503,-0.0103014030793669,-0.00801347373939397,-0.00601973625027566,
-0.0060171031417431,-0.00389670968274701,-0.00280620401880865,-0.00144351500996229,
0.),.UNSPECIFIED.);
#256=B_SPLINE_CURVE_WITH_KNOTS('',3,(#9154,#9155,#9156,#9157,#9158),
 .UNSPECIFIED.,.F.,.F.,(4,1,4),(0.,0.0120301573753052,0.0280703672090454),
 .UNSPECIFIED.);
#257=B_SPLINE_CURVE_WITH_KNOTS('',3,(#9190,#9191,#9192,#9193,#9194,#9195),
 .UNSPECIFIED.,.F.,.F.,(4,1,1,4),(8.04720307040473E-16,0.0124852097855175,
0.0208086829758619,0.0291321561662064),.UNSPECIFIED.);
#258=B_SPLINE_CURVE_WITH_KNOTS('',3,(#9234,#9235,#9236,#9237,#9238,#9239,
#9240),.UNSPECIFIED.,.F.,.F.,(4,1,1,1,4),(-1.25693818863534,-0.919397188941975,
-0.581856189248606,-0.413085689401922,-0.0904497771074044),
 .UNSPECIFIED.);
#259=B_SPLINE_CURVE_WITH_KNOTS('',3,(#9269,#9270,#9271,#9272,#9273,#9274),
 .UNSPECIFIED.,.F.,.F.,(4,2,4),(0.,0.0315165899446432,0.0316811595880773),
 .UNSPECIFIED.);
#260=B_SPLINE_CURVE_WITH_KNOTS('',3,(#9275,#9276,#9277,#9278,#9279,#9280),
 .UNSPECIFIED.,.F.,.F.,(4,2,4),(-0.0316811595880773,-0.0315165899446432,
0.),.UNSPECIFIED.);
#261=B_SPLINE_CURVE_WITH_KNOTS('',3,(#9367,#9368,#9369,#9370,#9371,#9372),
 .UNSPECIFIED.,.F.,.F.,(4,2,4),(-0.0276102962818558,0.,0.000140557103907997),
 .UNSPECIFIED.);
#262=B_SPLINE_CURVE_WITH_KNOTS('',3,(#9373,#9374,#9375,#9376,#9377,#9378),
 .UNSPECIFIED.,.F.,.F.,(4,2,4),(-0.000140557103907997,0.,0.0276102962818558),
 .UNSPECIFIED.);
#263=B_SPLINE_CURVE_WITH_KNOTS('',3,(#9427,#9428,#9429,#9430,#9431,#9432,
#9433),.UNSPECIFIED.,.F.,.F.,(4,1,1,1,4),(-1.20036501023053,-0.895170223510421,
-0.573948848231655,-0.413338160592272,-0.0921167853135064),
 .UNSPECIFIED.);
#264=B_SPLINE_CURVE_WITH_KNOTS('',3,(#9490,#9491,#9492,#9493,#9494,#9495,
#9496,#9497,#9498),.UNSPECIFIED.,.F.,.F.,(4,1,1,1,1,1,4),(-1.16262065124209,
-0.996531986778932,-0.830443322315777,-0.664354657852621,-0.498265993389466,
-0.332177328926311,0.),.UNSPECIFIED.);
#265=B_SPLINE_CURVE_WITH_KNOTS('',3,(#9565,#9566,#9567,#9568,#9569,#9570,
#9571,#9572),.UNSPECIFIED.,.F.,.F.,(4,1,1,1,1,4),(-1.22763175359769,-1.05375458247825,
-0.879877411358804,-0.53212306911992,-0.184368726881035,-0.0104915557615932),
 .UNSPECIFIED.);
#266=B_SPLINE_CURVE_WITH_KNOTS('',3,(#9580,#9581,#9582,#9583,#9584,#9585,
#9586,#9587,#9588,#9589,#9590,#9591,#9592,#9593,#9594,#9595,#9596,#9597,
#9598,#9599,#9600,#9601,#9602,#9603,#9604,#9605,#9606,#9607,#9608,#9609,
#9610,#9611,#9612,#9613,#9614,#9615,#9616,#9617,#9618,#9619),
 .UNSPECIFIED.,.F.,.F.,(4,3,3,3,3,3,3,3,3,3,3,3,3,4),(-0.000118924115133957,
0.,0.00323098024382099,0.00437939712325477,0.0071064372266307,0.00856728159411243,
0.010846589323119,0.011951078563215,0.0128878468114846,0.0149888057914878,
0.0161239552432288,0.0162898250330516,0.0186015989675093,0.0189561687626701),
 .UNSPECIFIED.);
#267=B_SPLINE_CURVE_WITH_KNOTS('',3,(#9631,#9632,#9633,#9634,#9635,#9636,
#9637,#9638,#9639,#9640,#9641,#9642,#9643,#9644,#9645,#9646,#9647,#9648,
#9649,#9650,#9651,#9652,#9653,#9654,#9655,#9656,#9657,#9658,#9659,#9660,
#9661,#9662,#9663,#9664,#9665,#9666,#9667,#9668,#9669,#9670),
 .UNSPECIFIED.,.F.,.F.,(4,3,3,3,3,3,3,3,3,3,3,3,3,4),(-0.0189352528265652,
-0.0188069079218281,-0.0156558350531868,-0.0144606773002771,-0.0117936506900003,
-0.0112184574153454,-0.0103014030793658,-0.00801388131636746,-0.00601973625027566,
-0.00601710314174375,-0.00389682169521352,-0.00280620401880835,-0.00144351500996148,
0.),.UNSPECIFIED.);
#268=B_SPLINE_CURVE_WITH_KNOTS('',3,(#9697,#9698,#9699,#9700,#9701),
 .UNSPECIFIED.,.F.,.F.,(4,1,4),(0.,0.016040206732159,0.0280703617812782),
 .UNSPECIFIED.);
#269=B_SPLINE_CURVE_WITH_KNOTS('',3,(#9728,#9729,#9730,#9731,#9732),
 .UNSPECIFIED.,.F.,.F.,(4,1,4),(9.46256320503655E-16,0.0166469463654398,
0.0291321561395189),.UNSPECIFIED.);
#270=B_SPLINE_CURVE_WITH_KNOTS('',3,(#9771,#9772,#9773,#9774,#9775,#9776,
#9777),.UNSPECIFIED.,.F.,.F.,(4,1,1,1,4),(-1.25693818863534,-0.919397188941975,
-0.750626689095291,-0.413085689401922,-0.0904461891854463),
 .UNSPECIFIED.);
#271=B_SPLINE_CURVE_WITH_KNOTS('',3,(#9806,#9807,#9808,#9809,#9810,#9811),
 .UNSPECIFIED.,.F.,.F.,(4,2,4),(0.,0.0315165899446707,0.0316811595880773),
 .UNSPECIFIED.);
#272=B_SPLINE_CURVE_WITH_KNOTS('',3,(#9812,#9813,#9814,#9815,#9816,#9817),
 .UNSPECIFIED.,.F.,.F.,(4,2,4),(-0.0316811595880773,-0.0315165899446707,
0.),.UNSPECIFIED.);
#273=B_SPLINE_CURVE_WITH_KNOTS('',3,(#9904,#9905,#9906,#9907,#9908,#9909),
 .UNSPECIFIED.,.F.,.F.,(4,2,4),(-0.0276102962819089,0.,0.000140557103852966),
 .UNSPECIFIED.);
#274=B_SPLINE_CURVE_WITH_KNOTS('',3,(#9910,#9911,#9912,#9913,#9914,#9915),
 .UNSPECIFIED.,.F.,.F.,(4,2,4),(-0.000140557103852966,0.,0.0276102962819089),
 .UNSPECIFIED.);
#275=B_SPLINE_CURVE_WITH_KNOTS('',3,(#9964,#9965,#9966,#9967,#9968,#9969,
#9970),.UNSPECIFIED.,.F.,.F.,(4,1,1,1,4),(-1.20035639443114,-1.0557809111498,
-0.734559535871037,-0.413338160592272,-0.0921167853135063),
 .UNSPECIFIED.);
#276=B_SPLINE_CURVE_WITH_KNOTS('',3,(#10033,#10034,#10035,#10036,#10037,
#10038,#10039,#10040,#10041,#10042),.UNSPECIFIED.,.F.,.F.,(4,1,1,1,1,1,
1,4),(-1.16262065124209,-0.996531986778931,-0.830443322315776,-0.664354657852621,
-0.498265993389466,-0.33217732892631,-0.166088664463155,0.),
 .UNSPECIFIED.);
#277=B_SPLINE_CURVE_WITH_KNOTS('',3,(#10116,#10117,#10118,#10119,#10120,
#10121,#10122,#10123,#10124),.UNSPECIFIED.,.F.,.F.,(4,1,1,1,1,1,4),(-1.22763175359769,
-1.05375458247825,-0.879877411358805,-0.53212306911992,-0.358245898000478,
-0.184368726881036,-0.0104915557615933),.UNSPECIFIED.);
#278=B_SPLINE_CURVE_WITH_KNOTS('',3,(#10132,#10133,#10134,#10135,#10136,
#10137,#10138,#10139,#10140,#10141,#10142,#10143,#10144,#10145,#10146,#10147,
#10148,#10149,#10150,#10151,#10152,#10153,#10154,#10155,#10156,#10157,#10158,
#10159,#10160,#10161,#10162,#10163,#10164,#10165,#10166,#10167,#10168,#10169,
#10170,#10171),.UNSPECIFIED.,.F.,.F.,(4,3,3,3,3,3,3,3,3,3,3,3,3,4),(-0.000118924115520295,
0.,0.00323101767959778,0.0043793971273218,0.00710668592352675,0.00856728160277199,
0.0108467789602209,0.0119510785755872,0.0128878468248845,0.0149888665038787,
0.0161239552601741,0.0162898250501787,0.0186015347016506,0.0189561687827129),
 .UNSPECIFIED.);
#279=B_SPLINE_CURVE_WITH_KNOTS('',3,(#10183,#10184,#10185,#10186,#10187,
#10188,#10189,#10190,#10191,#10192,#10193,#10194,#10195,#10196,#10197,#10198,
#10199,#10200,#10201,#10202,#10203,#10204,#10205,#10206,#10207,#10208,#10209,
#10210,#10211,#10212,#10213,#10214,#10215,#10216,#10217,#10218,#10219,#10220,
#10221,#10222),.UNSPECIFIED.,.F.,.F.,(4,3,3,3,3,3,3,3,3,3,3,3,3,4),(0.,
0.00144351500996169,0.00280620401880618,0.00492656224295894,0.00601710314173512,
0.00601973625026734,0.00830718508620079,0.0103014030793548,0.0112184574153344,
0.0138856363101186,0.0144606773002625,0.0176118094473843,0.0188069079226251,
0.0189352528271733),.UNSPECIFIED.);
#280=B_SPLINE_CURVE_WITH_KNOTS('',3,(#10249,#10250,#10251,#10252,#10253),
 .UNSPECIFIED.,.F.,.F.,(4,1,4),(0.,0.0120301579315812,0.0280703685070228),
 .UNSPECIFIED.);
#281=B_SPLINE_CURVE_WITH_KNOTS('',3,(#10285,#10286,#10287,#10288,#10289,
#10290),.UNSPECIFIED.,.F.,.F.,(4,1,1,4),(3.21139251520303E-16,0.0124852097814457,
0.020808682969076,0.0291321561567062),.UNSPECIFIED.);
#282=B_SPLINE_CURVE_WITH_KNOTS('',3,(#10329,#10330,#10331,#10332,#10333,
#10334,#10335),.UNSPECIFIED.,.F.,.F.,(4,1,1,1,4),(-1.25693818863534,-0.919397188941975,
-0.581856189248606,-0.244315189555238,-0.0904353204751177),
 .UNSPECIFIED.);
#283=B_SPLINE_CURVE_WITH_KNOTS('',3,(#10364,#10365,#10366,#10367,#10368,
#10369),.UNSPECIFIED.,.F.,.F.,(4,2,4),(0.,0.0315165899446541,0.0316811595880775),
 .UNSPECIFIED.);
#284=B_SPLINE_CURVE_WITH_KNOTS('',3,(#10370,#10371,#10372,#10373,#10374,
#10375),.UNSPECIFIED.,.F.,.F.,(4,2,4),(-0.0316811595880775,-0.0315165899446541,
0.),.UNSPECIFIED.);
#285=B_SPLINE_CURVE_WITH_KNOTS('',3,(#10462,#10463,#10464,#10465,#10466,
#10467),.UNSPECIFIED.,.F.,.F.,(4,2,4),(-0.0276102962818519,0.,0.000140557103907702),
 .UNSPECIFIED.);
#286=B_SPLINE_CURVE_WITH_KNOTS('',3,(#10468,#10469,#10470,#10471,#10472,
#10473),.UNSPECIFIED.,.F.,.F.,(4,2,4),(-0.000140557103907702,0.,0.0276102962818519),
 .UNSPECIFIED.);
#287=B_SPLINE_CURVE_WITH_KNOTS('',3,(#10522,#10523,#10524,#10525,#10526,
#10527,#10528),.UNSPECIFIED.,.F.,.F.,(4,1,1,1,4),(-1.20035640978288,-1.0557809111498,
-0.734559535871038,-0.413338160592272,-0.0921167853135067),
 .UNSPECIFIED.);
#288=B_SPLINE_CURVE_WITH_KNOTS('',3,(#10591,#10592,#10593,#10594,#10595,
#10596,#10597,#10598,#10599,#10600),.UNSPECIFIED.,.F.,.F.,(4,1,1,1,1,1,
1,4),(-1.16262065124209,-0.996531986778932,-0.830443322315777,-0.664354657852621,
-0.498265993389466,-0.332177328926311,-0.166088664463155,0.),
 .UNSPECIFIED.);
#289=B_SPLINE_CURVE_WITH_KNOTS('',3,(#10674,#10675,#10676,#10677,#10678,
#10679,#10680,#10681,#10682),.UNSPECIFIED.,.F.,.F.,(4,1,1,1,1,1,4),(-1.22763175359769,
-1.05375458247825,-0.879877411358804,-0.53212306911992,-0.358245898000478,
-0.184368726881035,-0.0104915557615933),.UNSPECIFIED.);
#290=B_SPLINE_CURVE_WITH_KNOTS('',3,(#10720,#10721,#10722,#10723,#10724),
 .UNSPECIFIED.,.F.,.F.,(4,1,4),(0.,0.0120301550477259,0.028070361778027),
 .UNSPECIFIED.);
#291=B_SPLINE_CURVE_WITH_KNOTS('',3,(#10751,#10752,#10753,#10754,#10755),
 .UNSPECIFIED.,.F.,.F.,(4,1,4),(0.,0.0166469463660843,0.0291321561406475),
 .UNSPECIFIED.);
#292=B_SPLINE_CURVE_WITH_KNOTS('',3,(#10794,#10795,#10796,#10797,#10798,
#10799,#10800),.UNSPECIFIED.,.F.,.F.,(4,1,1,1,4),(-1.25693818863534,-0.919397188941974,
-0.75062668909529,-0.413085689401922,-0.0904461952689546),.UNSPECIFIED.);
#293=B_SPLINE_CURVE_WITH_KNOTS('',3,(#10830,#10831,#10832,#10833,#10834),
 .UNSPECIFIED.,.F.,.F.,(4,1,4),(0.,0.0120301564868182,0.0280703651359092),
 .UNSPECIFIED.);
#294=B_SPLINE_CURVE_WITH_KNOTS('',3,(#10861,#10862,#10863,#10864,#10865),
 .UNSPECIFIED.,.F.,.F.,(4,1,4),(9.09198963994207E-16,0.0166469463786898,
0.0291321561627065),.UNSPECIFIED.);
#295=B_SPLINE_CURVE_WITH_KNOTS('',3,(#10904,#10905,#10906,#10907,#10908,
#10909,#10910),.UNSPECIFIED.,.F.,.F.,(4,1,1,1,4),(-1.25686828895833,-0.924058168460695,
-0.591248047963059,-0.424842987714241,-0.0920328672166048),
 .UNSPECIFIED.);
#296=B_SPLINE_CURVE_WITH_KNOTS('',3,(#10946,#10947,#10948,#10949,#10950,
#10951,#10952),.UNSPECIFIED.,.F.,.F.,(4,1,1,1,4),(-1.19955768428615,-0.883058097820934,
-0.566558511355721,-0.408308718123115,-0.091809131657902),.UNSPECIFIED.);
#297=B_SPLINE_SURFACE_WITH_KNOTS('',3,3,((#5463,#5464,#5465,#5466,#5467,
#5468),(#5469,#5470,#5471,#5472,#5473,#5474),(#5475,#5476,#5477,#5478,#5479,
#5480),(#5481,#5482,#5483,#5484,#5485,#5486)),.UNSPECIFIED.,.F.,.F.,.F.,
(4,4),(4,2,4),(0.,1.),(-0.0316811595880775,-0.0315165899446608,0.),
 .UNSPECIFIED.);
#298=B_SPLINE_SURFACE_WITH_KNOTS('',3,3,((#5503,#5504,#5505,#5506),(#5507,
#5508,#5509,#5510),(#5511,#5512,#5513,#5514),(#5515,#5516,#5517,#5518),
(#5519,#5520,#5521,#5522)),.UNSPECIFIED.,.F.,.F.,.F.,(4,1,4),(4,4),(0.,
0.571428571428571,1.),(0.,0.00459770802591201),.UNSPECIFIED.);
#299=B_SPLINE_SURFACE_WITH_KNOTS('',3,3,((#5534,#5535,#5536,#5537),(#5538,
#5539,#5540,#5541),(#5542,#5543,#5544,#5545),(#5546,#5547,#5548,#5549),
(#5550,#5551,#5552,#5553)),.UNSPECIFIED.,.F.,.F.,.F.,(4,1,4),(4,4),(0.,
0.571428571428571,1.),(0.,0.0089289896039855),.UNSPECIFIED.);
#300=B_SPLINE_SURFACE_WITH_KNOTS('',3,3,((#5559,#5560,#5561,#5562,#5563,
#5564),(#5565,#5566,#5567,#5568,#5569,#5570),(#5571,#5572,#5573,#5574,#5575,
#5576),(#5577,#5578,#5579,#5580,#5581,#5582),(#5583,#5584,#5585,#5586,#5587,
#5588)),.UNSPECIFIED.,.F.,.F.,.F.,(4,1,4),(4,2,4),(0.,0.571428571428571,
1.),(-0.0276102962819321,0.,0.000140557103825646),.UNSPECIFIED.);
#301=B_SPLINE_SURFACE_WITH_KNOTS('',3,3,((#5618,#5619,#5620,#5621,#5622,
#5623,#5624),(#5625,#5626,#5627,#5628,#5629,#5630,#5631),(#5632,#5633,#5634,
#5635,#5636,#5637,#5638),(#5639,#5640,#5641,#5642,#5643,#5644,#5645),(#5646,
#5647,#5648,#5649,#5650,#5651,#5652)),.UNSPECIFIED.,.F.,.F.,.F.,(4,1,4),
(4,1,1,1,4),(0.,0.571428571428571,1.),(0.0921167853135064,0.413338160592272,
0.573948848231655,0.895170223510421,1.21639159878919),.UNSPECIFIED.);
#302=B_SPLINE_SURFACE_WITH_KNOTS('',3,3,((#5679,#5680,#5681,#5682,#5683,
#5684,#5685,#5686,#5687),(#5688,#5689,#5690,#5691,#5692,#5693,#5694,#5695,
#5696),(#5697,#5698,#5699,#5700,#5701,#5702,#5703,#5704,#5705),(#5706,#5707,
#5708,#5709,#5710,#5711,#5712,#5713,#5714),(#5715,#5716,#5717,#5718,#5719,
#5720,#5721,#5722,#5723),(#5724,#5725,#5726,#5727,#5728,#5729,#5730,#5731,
#5732),(#5733,#5734,#5735,#5736,#5737,#5738,#5739,#5740,#5741)),
 .UNSPECIFIED.,.F.,.F.,.F.,(4,1,1,1,4),(4,1,1,1,1,1,4),(0.,0.285714285714286,
0.5,0.714285714285714,1.),(0.0104915119663835,0.184368692430189,0.358245872893994,
0.5321230533578,0.879877414285411,1.05375459474922,1.22763177521302),
 .UNSPECIFIED.);
#303=B_SPLINE_SURFACE_WITH_KNOTS('',3,3,((#5822,#5823,#5824,#5825,#5826,
#5827,#5828,#5829,#5830,#5831),(#5832,#5833,#5834,#5835,#5836,#5837,#5838,
#5839,#5840,#5841),(#5842,#5843,#5844,#5845,#5846,#5847,#5848,#5849,#5850,
#5851),(#5852,#5853,#5854,#5855,#5856,#5857,#5858,#5859,#5860,#5861),(#5862,
#5863,#5864,#5865,#5866,#5867,#5868,#5869,#5870,#5871),(#5872,#5873,#5874,
#5875,#5876,#5877,#5878,#5879,#5880,#5881)),.UNSPECIFIED.,.F.,.F.,.F.,(4,
1,1,4),(4,1,1,1,1,1,1,4),(0.,0.5,0.714285714285714,1.),(0.,0.166088669729803,
0.332177339459606,0.49826600918941,0.664354678919213,0.996532018378819,
1.03805418581127,1.16262068810862),.UNSPECIFIED.);
#304=B_SPLINE_SURFACE_WITH_KNOTS('',3,3,((#5961,#5962,#5963,#5964,#5965,
#5966,#5967,#5968),(#5969,#5970,#5971,#5972,#5973,#5974,#5975,#5976),(#5977,
#5978,#5979,#5980,#5981,#5982,#5983,#5984),(#5985,#5986,#5987,#5988,#5989,
#5990,#5991,#5992),(#5993,#5994,#5995,#5996,#5997,#5998,#5999,#6000),(#6001,
#6002,#6003,#6004,#6005,#6006,#6007,#6008),(#6009,#6010,#6011,#6012,#6013,
#6014,#6015,#6016)),.UNSPECIFIED.,.F.,.F.,.F.,(4,1,1,1,4),(4,1,1,1,1,4),
(0.,0.285714285714286,0.5,0.714285714285714,1.),(0.0204200362297014,0.194299200336221,
0.54205752854926,0.889815856762299,1.06369502086882,1.23757418497534),
 .UNSPECIFIED.);
#305=B_SPLINE_SURFACE_WITH_KNOTS('',3,3,((#6091,#6092,#6093,#6094,#6095,
#6096,#6097,#6098,#6099,#6100,#6101),(#6102,#6103,#6104,#6105,#6106,#6107,
#6108,#6109,#6110,#6111,#6112),(#6113,#6114,#6115,#6116,#6117,#6118,#6119,
#6120,#6121,#6122,#6123),(#6124,#6125,#6126,#6127,#6128,#6129,#6130,#6131,
#6132,#6133,#6134),(#6135,#6136,#6137,#6138,#6139,#6140,#6141,#6142,#6143,
#6144,#6145),(#6146,#6147,#6148,#6149,#6150,#6151,#6152,#6153,#6154,#6155,
#6156)),.UNSPECIFIED.,.F.,.F.,.F.,(4,1,1,4),(4,1,1,1,1,1,1,1,4),(0.,0.5,
0.714285714285714,1.),(0.0104917031377562,0.176582087204437,0.342672471271117,
0.508762855337798,0.674853239404478,0.840943623471159,1.00703400753784,
1.04855660355451,1.17312439160452),.UNSPECIFIED.);
#306=B_SPLINE_SURFACE_WITH_KNOTS('',3,3,((#6441,#6442,#6443,#6444,#6445,
#6446),(#6447,#6448,#6449,#6450,#6451,#6452),(#6453,#6454,#6455,#6456,#6457,
#6458),(#6459,#6460,#6461,#6462,#6463,#6464)),.UNSPECIFIED.,.F.,.F.,.F.,
(4,4),(4,1,1,4),(0.,1.),(-2.51463083025058E-5,0.00160082473991878,0.00268480543873297,
0.00376878613754716),.UNSPECIFIED.);
#307=B_SPLINE_SURFACE_WITH_KNOTS('',3,3,((#6483,#6484,#6485,#6486,#6487),
(#6488,#6489,#6490,#6491,#6492),(#6493,#6494,#6495,#6496,#6497),(#6498,
#6499,#6500,#6501,#6502),(#6503,#6504,#6505,#6506,#6507)),.UNSPECIFIED.,
 .F.,.F.,.F.,(4,1,4),(4,1,4),(0.,0.571428571428571,1.),(0.,0.012030155092175,
0.0280703618817417),.UNSPECIFIED.);
#308=B_SPLINE_SURFACE_WITH_KNOTS('',3,3,((#6515,#6516,#6517,#6518,#6519,
#6520),(#6521,#6522,#6523,#6524,#6525,#6526),(#6527,#6528,#6529,#6530,#6531,
#6532),(#6533,#6534,#6535,#6536,#6537,#6538),(#6539,#6540,#6541,#6542,#6543,
#6544)),.UNSPECIFIED.,.F.,.F.,.F.,(4,1,4),(4,1,1,4),(0.,0.571428571428571,
1.),(0.,0.0124852097728477,0.0208086829547461,0.0291321561366445),
 .UNSPECIFIED.);
#309=B_SPLINE_SURFACE_WITH_KNOTS('',3,3,((#6572,#6573,#6574,#6575,#6576,
#6577,#6578),(#6579,#6580,#6581,#6582,#6583,#6584,#6585),(#6586,#6587,#6588,
#6589,#6590,#6591,#6592),(#6593,#6594,#6595,#6596,#6597,#6598,#6599),(#6600,
#6601,#6602,#6603,#6604,#6605,#6606)),.UNSPECIFIED.,.F.,.F.,.F.,(4,1,4),
(4,1,1,1,4),(0.,0.571428571428571,1.),(0.0755446897085534,0.413085689401922,
0.581856189248606,0.919397188941974,1.25693818863534),.UNSPECIFIED.);
#310=B_SPLINE_SURFACE_WITH_KNOTS('',3,3,((#6625,#6626,#6627,#6628),(#6629,
#6630,#6631,#6632),(#6633,#6634,#6635,#6636),(#6637,#6638,#6639,#6640),
(#6641,#6642,#6643,#6644)),.UNSPECIFIED.,.F.,.F.,.F.,(4,1,4),(4,4),(0.,
0.571428571428571,1.),(0.,0.00380360672237268),.UNSPECIFIED.);
#311=B_SPLINE_SURFACE_WITH_KNOTS('',3,3,((#6663,#6664,#6665,#6666,#6667),
(#6668,#6669,#6670,#6671,#6672),(#6673,#6674,#6675,#6676,#6677),(#6678,
#6679,#6680,#6681,#6682),(#6683,#6684,#6685,#6686,#6687)),.UNSPECIFIED.,
 .F.,.F.,.F.,(4,1,4),(4,1,4),(0.,0.571428571428571,1.),(0.,0.012485209912062,
0.029132156461478),.UNSPECIFIED.);
#312=B_SPLINE_SURFACE_WITH_KNOTS('',3,3,((#6698,#6699,#6700,#6701,#6702),
(#6703,#6704,#6705,#6706,#6707),(#6708,#6709,#6710,#6711,#6712),(#6713,
#6714,#6715,#6716,#6717),(#6718,#6719,#6720,#6721,#6722)),.UNSPECIFIED.,
 .F.,.F.,.F.,(4,1,4),(4,1,4),(0.,0.571428571428571,1.),(4.56604179500218E-16,
0.0120301564160279,0.0280703649707312),.UNSPECIFIED.);
#313=B_SPLINE_SURFACE_WITH_KNOTS('',3,3,((#6734,#6735,#6736,#6737,#6738,
#6739),(#6740,#6741,#6742,#6743,#6744,#6745),(#6746,#6747,#6748,#6749,#6750,
#6751),(#6752,#6753,#6754,#6755,#6756,#6757)),.UNSPECIFIED.,.F.,.F.,.F.,
(4,4),(4,2,4),(0.,1.),(-0.0316811595880778,-0.0315165899446999,0.),
 .UNSPECIFIED.);
#314=B_SPLINE_SURFACE_WITH_KNOTS('',3,3,((#6773,#6774,#6775,#6776),(#6777,
#6778,#6779,#6780),(#6781,#6782,#6783,#6784),(#6785,#6786,#6787,#6788),
(#6789,#6790,#6791,#6792)),.UNSPECIFIED.,.F.,.F.,.F.,(4,1,4),(4,4),(0.,
0.571428571428571,1.),(0.,0.00459770802591192),.UNSPECIFIED.);
#315=B_SPLINE_SURFACE_WITH_KNOTS('',3,3,((#6804,#6805,#6806,#6807),(#6808,
#6809,#6810,#6811),(#6812,#6813,#6814,#6815),(#6816,#6817,#6818,#6819),
(#6820,#6821,#6822,#6823)),.UNSPECIFIED.,.F.,.F.,.F.,(4,1,4),(4,4),(0.,
0.571428571428571,1.),(0.,0.0089289896039643),.UNSPECIFIED.);
#316=B_SPLINE_SURFACE_WITH_KNOTS('',3,3,((#6829,#6830,#6831,#6832,#6833,
#6834),(#6835,#6836,#6837,#6838,#6839,#6840),(#6841,#6842,#6843,#6844,#6845,
#6846),(#6847,#6848,#6849,#6850,#6851,#6852),(#6853,#6854,#6855,#6856,#6857,
#6858)),.UNSPECIFIED.,.F.,.F.,.F.,(4,1,4),(4,2,4),(0.,0.571428571428571,
1.),(-0.0276102962818809,0.,0.000140557102506955),.UNSPECIFIED.);
#317=B_SPLINE_SURFACE_WITH_KNOTS('',3,3,((#6886,#6887,#6888,#6889,#6890,
#6891,#6892),(#6893,#6894,#6895,#6896,#6897,#6898,#6899),(#6900,#6901,#6902,
#6903,#6904,#6905,#6906),(#6907,#6908,#6909,#6910,#6911,#6912,#6913),(#6914,
#6915,#6916,#6917,#6918,#6919,#6920)),.UNSPECIFIED.,.F.,.F.,.F.,(4,1,4),
(4,1,1,1,4),(0.,0.571428571428571,1.),(0.0921167853135066,0.413338160592272,
0.573948848231655,0.89517022351042,1.21639159878919),.UNSPECIFIED.);
#318=B_SPLINE_SURFACE_WITH_KNOTS('',3,3,((#6930,#6931,#6932,#6933,#6934,
#6935,#6936,#6937,#6938,#6939),(#6940,#6941,#6942,#6943,#6944,#6945,#6946,
#6947,#6948,#6949),(#6950,#6951,#6952,#6953,#6954,#6955,#6956,#6957,#6958,
#6959),(#6960,#6961,#6962,#6963,#6964,#6965,#6966,#6967,#6968,#6969),(#6970,
#6971,#6972,#6973,#6974,#6975,#6976,#6977,#6978,#6979),(#6980,#6981,#6982,
#6983,#6984,#6985,#6986,#6987,#6988,#6989)),.UNSPECIFIED.,.F.,.F.,.F.,(4,
1,1,4),(4,1,1,1,1,1,1,4),(0.,0.5,0.714285714285714,1.),(0.,0.166088664463155,
0.332177328926311,0.498265993389466,0.664354657852621,0.830443322315777,
0.996531986778932,1.16262065124209),.UNSPECIFIED.);
#319=B_SPLINE_SURFACE_WITH_KNOTS('',3,3,((#7055,#7056,#7057,#7058,#7059,
#7060,#7061,#7062,#7063),(#7064,#7065,#7066,#7067,#7068,#7069,#7070,#7071,
#7072),(#7073,#7074,#7075,#7076,#7077,#7078,#7079,#7080,#7081),(#7082,#7083,
#7084,#7085,#7086,#7087,#7088,#7089,#7090),(#7091,#7092,#7093,#7094,#7095,
#7096,#7097,#7098,#7099),(#7100,#7101,#7102,#7103,#7104,#7105,#7106,#7107,
#7108),(#7109,#7110,#7111,#7112,#7113,#7114,#7115,#7116,#7117)),
 .UNSPECIFIED.,.F.,.F.,.F.,(4,1,1,1,4),(4,1,1,1,1,1,4),(0.,0.285714285714286,
0.5,0.714285714285714,1.),(0.0104915557615934,0.184368726881036,0.358245898000478,
0.706000240239362,0.879877411358805,1.05375458247825,1.22763175359769),
 .UNSPECIFIED.);
#320=B_SPLINE_SURFACE_WITH_KNOTS('',3,3,((#7289,#7290,#7291,#7292,#7293),
(#7294,#7295,#7296,#7297,#7298),(#7299,#7300,#7301,#7302,#7303),(#7304,
#7305,#7306,#7307,#7308),(#7309,#7310,#7311,#7312,#7313)),.UNSPECIFIED.,
 .F.,.F.,.F.,(4,1,4),(4,1,4),(0.,0.571428571428571,1.),(0.,0.0160402072474973,
0.0280703626831204),.UNSPECIFIED.);
#321=B_SPLINE_SURFACE_WITH_KNOTS('',3,3,((#7319,#7320,#7321,#7322,#7323),
(#7324,#7325,#7326,#7327,#7328),(#7329,#7330,#7331,#7332,#7333),(#7334,
#7335,#7336,#7337,#7338),(#7339,#7340,#7341,#7342,#7343)),.UNSPECIFIED.,
 .F.,.F.,.F.,(4,1,4),(4,1,4),(0.,0.571428571428571,1.),(8.06333444957738E-16,
0.0166469463798229,0.0291321561646895),.UNSPECIFIED.);
#322=B_SPLINE_SURFACE_WITH_KNOTS('',3,3,((#7359,#7360,#7361,#7362,#7363,
#7364,#7365),(#7366,#7367,#7368,#7369,#7370,#7371,#7372),(#7373,#7374,#7375,
#7376,#7377,#7378,#7379),(#7380,#7381,#7382,#7383,#7384,#7385,#7386),(#7387,
#7388,#7389,#7390,#7391,#7392,#7393)),.UNSPECIFIED.,.F.,.F.,.F.,(4,1,4),
(4,1,1,1,4),(0.,0.571428571428571,1.),(0.0755446897085538,0.413085689401922,
0.75062668909529,0.919397188941974,1.25693818863534),.UNSPECIFIED.);
#323=B_SPLINE_SURFACE_WITH_KNOTS('',3,3,((#7590,#7591,#7592,#7593,#7594,
#7595),(#7596,#7597,#7598,#7599,#7600,#7601),(#7602,#7603,#7604,#7605,#7606,
#7607),(#7608,#7609,#7610,#7611,#7612,#7613)),.UNSPECIFIED.,.F.,.F.,.F.,
(4,4),(4,2,4),(0.,1.),(-0.0316811595880781,-0.0315165899445892,0.),
 .UNSPECIFIED.);
#324=B_SPLINE_SURFACE_WITH_KNOTS('',3,3,((#7629,#7630,#7631,#7632),(#7633,
#7634,#7635,#7636),(#7637,#7638,#7639,#7640),(#7641,#7642,#7643,#7644),
(#7645,#7646,#7647,#7648)),.UNSPECIFIED.,.F.,.F.,.F.,(4,1,4),(4,4),(0.,
0.571428571428571,1.),(0.,0.0045977080259123),.UNSPECIFIED.);
#325=B_SPLINE_SURFACE_WITH_KNOTS('',3,3,((#7660,#7661,#7662,#7663),(#7664,
#7665,#7666,#7667),(#7668,#7669,#7670,#7671),(#7672,#7673,#7674,#7675),
(#7676,#7677,#7678,#7679)),.UNSPECIFIED.,.F.,.F.,.F.,(4,1,4),(4,4),(0.,
0.571428571428571,1.),(0.,0.00892898960398677),.UNSPECIFIED.);
#326=B_SPLINE_SURFACE_WITH_KNOTS('',3,3,((#7685,#7686,#7687,#7688,#7689,
#7690),(#7691,#7692,#7693,#7694,#7695,#7696),(#7697,#7698,#7699,#7700,#7701,
#7702),(#7703,#7704,#7705,#7706,#7707,#7708),(#7709,#7710,#7711,#7712,#7713,
#7714)),.UNSPECIFIED.,.F.,.F.,.F.,(4,1,4),(4,2,4),(0.,0.571428571428571,
1.),(-0.0276102962818763,0.,0.000140557102479101),.UNSPECIFIED.);
#327=B_SPLINE_SURFACE_WITH_KNOTS('',3,3,((#7739,#7740,#7741,#7742,#7743,
#7744,#7745),(#7746,#7747,#7748,#7749,#7750,#7751,#7752),(#7753,#7754,#7755,
#7756,#7757,#7758,#7759),(#7760,#7761,#7762,#7763,#7764,#7765,#7766),(#7767,
#7768,#7769,#7770,#7771,#7772,#7773)),.UNSPECIFIED.,.F.,.F.,.F.,(4,1,4),
(4,1,1,1,4),(0.,0.571428571428571,1.),(0.0921167853135066,0.252727472952889,
0.573948848231655,0.89517022351042,1.21639159878919),.UNSPECIFIED.);
#328=B_SPLINE_SURFACE_WITH_KNOTS('',3,3,((#7783,#7784,#7785,#7786,#7787,
#7788,#7789,#7790,#7791,#7792),(#7793,#7794,#7795,#7796,#7797,#7798,#7799,
#7800,#7801,#7802),(#7803,#7804,#7805,#7806,#7807,#7808,#7809,#7810,#7811,
#7812),(#7813,#7814,#7815,#7816,#7817,#7818,#7819,#7820,#7821,#7822),(#7823,
#7824,#7825,#7826,#7827,#7828,#7829,#7830,#7831,#7832),(#7833,#7834,#7835,
#7836,#7837,#7838,#7839,#7840,#7841,#7842)),.UNSPECIFIED.,.F.,.F.,.F.,(4,
1,1,4),(4,1,1,1,1,1,1,4),(0.,0.5,0.714285714285714,1.),(0.,0.166088664463155,
0.332177328926311,0.498265993389466,0.664354657852622,0.830443322315777,
0.996531986778932,1.16262065124209),.UNSPECIFIED.);
#329=B_SPLINE_SURFACE_WITH_KNOTS('',3,3,((#7863,#7864,#7865,#7866,#7867,
#7868,#7869,#7870),(#7871,#7872,#7873,#7874,#7875,#7876,#7877,#7878),(#7879,
#7880,#7881,#7882,#7883,#7884,#7885,#7886),(#7887,#7888,#7889,#7890,#7891,
#7892,#7893,#7894),(#7895,#7896,#7897,#7898,#7899,#7900,#7901,#7902),(#7903,
#7904,#7905,#7906,#7907,#7908,#7909,#7910),(#7911,#7912,#7913,#7914,#7915,
#7916,#7917,#7918)),.UNSPECIFIED.,.F.,.F.,.F.,(4,1,1,1,4),(4,1,1,1,1,4),
(0.,0.285714285714286,0.5,0.714285714285714,1.),(0.0104915557615933,0.184368726881036,
0.53212306911992,0.879877411358804,1.05375458247825,1.22763175359769),
 .UNSPECIFIED.);
#330=B_SPLINE_SURFACE_WITH_KNOTS('',3,3,((#8027,#8028,#8029,#8030,#8031),
(#8032,#8033,#8034,#8035,#8036),(#8037,#8038,#8039,#8040,#8041),(#8042,
#8043,#8044,#8045,#8046),(#8047,#8048,#8049,#8050,#8051)),.UNSPECIFIED.,
 .F.,.F.,.F.,(4,1,4),(4,1,4),(0.,0.571428571428571,1.),(0.,0.0160402074278328,
0.0280703629987074),.UNSPECIFIED.);
#331=B_SPLINE_SURFACE_WITH_KNOTS('',3,3,((#8057,#8058,#8059,#8060,#8061),
(#8062,#8063,#8064,#8065,#8066),(#8067,#8068,#8069,#8070,#8071),(#8072,
#8073,#8074,#8075,#8076),(#8077,#8078,#8079,#8080,#8081)),.UNSPECIFIED.,
 .F.,.F.,.F.,(4,1,4),(4,1,4),(0.,0.571428571428571,1.),(0.,0.0166469463674751,
0.0291321561430814),.UNSPECIFIED.);
#332=B_SPLINE_SURFACE_WITH_KNOTS('',3,3,((#8091,#8092,#8093,#8094,#8095,
#8096,#8097),(#8098,#8099,#8100,#8101,#8102,#8103,#8104),(#8105,#8106,#8107,
#8108,#8109,#8110,#8111),(#8112,#8113,#8114,#8115,#8116,#8117,#8118),(#8119,
#8120,#8121,#8122,#8123,#8124,#8125)),.UNSPECIFIED.,.F.,.F.,.F.,(4,1,4),
(4,1,1,1,4),(0.,0.571428571428571,1.),(0.0755446897085533,0.244315189555237,
0.581856189248606,0.919397188941974,1.25693818863534),.UNSPECIFIED.);
#333=B_SPLINE_SURFACE_WITH_KNOTS('',3,3,((#8134,#8135,#8136,#8137,#8138,
#8139),(#8140,#8141,#8142,#8143,#8144,#8145),(#8146,#8147,#8148,#8149,#8150,
#8151),(#8152,#8153,#8154,#8155,#8156,#8157)),.UNSPECIFIED.,.F.,.F.,.F.,
(4,4),(4,2,4),(0.,1.),(-0.0316811595880779,-0.0315165899446726,0.),
 .UNSPECIFIED.);
#334=B_SPLINE_SURFACE_WITH_KNOTS('',3,3,((#8173,#8174,#8175,#8176),(#8177,
#8178,#8179,#8180),(#8181,#8182,#8183,#8184),(#8185,#8186,#8187,#8188),
(#8189,#8190,#8191,#8192)),.UNSPECIFIED.,.F.,.F.,.F.,(4,1,4),(4,4),(0.,
0.571428571428571,1.),(0.,0.00459770802591123),.UNSPECIFIED.);
#335=B_SPLINE_SURFACE_WITH_KNOTS('',3,3,((#8204,#8205,#8206,#8207),(#8208,
#8209,#8210,#8211),(#8212,#8213,#8214,#8215),(#8216,#8217,#8218,#8219),
(#8220,#8221,#8222,#8223)),.UNSPECIFIED.,.F.,.F.,.F.,(4,1,4),(4,4),(0.,
0.571428571428571,1.),(0.,0.0089289896039739),.UNSPECIFIED.);
#336=B_SPLINE_SURFACE_WITH_KNOTS('',3,3,((#8229,#8230,#8231,#8232,#8233,
#8234),(#8235,#8236,#8237,#8238,#8239,#8240),(#8241,#8242,#8243,#8244,#8245,
#8246),(#8247,#8248,#8249,#8250,#8251,#8252),(#8253,#8254,#8255,#8256,#8257,
#8258)),.UNSPECIFIED.,.F.,.F.,.F.,(4,1,4),(4,2,4),(0.,0.571428571428571,
1.),(-0.0276102962819451,0.,0.000140557102425198),.UNSPECIFIED.);
#337=B_SPLINE_SURFACE_WITH_KNOTS('',3,3,((#8283,#8284,#8285,#8286,#8287,
#8288,#8289),(#8290,#8291,#8292,#8293,#8294,#8295,#8296),(#8297,#8298,#8299,
#8300,#8301,#8302,#8303),(#8304,#8305,#8306,#8307,#8308,#8309,#8310),(#8311,
#8312,#8313,#8314,#8315,#8316,#8317)),.UNSPECIFIED.,.F.,.F.,.F.,(4,1,4),
(4,1,1,1,4),(0.,0.571428571428571,1.),(0.0921167853135066,0.413338160592272,
0.573948848231655,0.895170223510421,1.21639159878919),.UNSPECIFIED.);
#338=B_SPLINE_SURFACE_WITH_KNOTS('',3,3,((#8327,#8328,#8329,#8330,#8331,
#8332,#8333,#8334,#8335,#8336),(#8337,#8338,#8339,#8340,#8341,#8342,#8343,
#8344,#8345,#8346),(#8347,#8348,#8349,#8350,#8351,#8352,#8353,#8354,#8355,
#8356),(#8357,#8358,#8359,#8360,#8361,#8362,#8363,#8364,#8365,#8366),(#8367,
#8368,#8369,#8370,#8371,#8372,#8373,#8374,#8375,#8376),(#8377,#8378,#8379,
#8380,#8381,#8382,#8383,#8384,#8385,#8386)),.UNSPECIFIED.,.F.,.F.,.F.,(4,
1,1,4),(4,1,1,1,1,1,1,4),(0.,0.5,0.714285714285714,1.),(0.,0.166088664463155,
0.33217732892631,0.498265993389466,0.664354657852621,0.996531986778931,
1.03805415289472,1.16262065124209),.UNSPECIFIED.);
#339=B_SPLINE_SURFACE_WITH_KNOTS('',3,3,((#8407,#8408,#8409,#8410,#8411,
#8412,#8413,#8414),(#8415,#8416,#8417,#8418,#8419,#8420,#8421,#8422),(#8423,
#8424,#8425,#8426,#8427,#8428,#8429,#8430),(#8431,#8432,#8433,#8434,#8435,
#8436,#8437,#8438),(#8439,#8440,#8441,#8442,#8443,#8444,#8445,#8446),(#8447,
#8448,#8449,#8450,#8451,#8452,#8453,#8454),(#8455,#8456,#8457,#8458,#8459,
#8460,#8461,#8462)),.UNSPECIFIED.,.F.,.F.,.F.,(4,1,1,1,4),(4,1,1,1,1,4),
(0.,0.285714285714286,0.5,0.714285714285714,1.),(0.0104915557615932,0.184368726881035,
0.532123069119919,0.879877411358803,1.05375458247825,1.22763175359769),
 .UNSPECIFIED.);
#340=B_SPLINE_SURFACE_WITH_KNOTS('',3,3,((#8571,#8572,#8573,#8574,#8575),
(#8576,#8577,#8578,#8579,#8580),(#8581,#8582,#8583,#8584,#8585),(#8586,
#8587,#8588,#8589,#8590),(#8591,#8592,#8593,#8594,#8595)),.UNSPECIFIED.,
 .F.,.F.,.F.,(4,1,4),(4,1,4),(0.,0.571428571428571,1.),(0.,0.0120301550569133,
0.0280703617994644),.UNSPECIFIED.);
#341=B_SPLINE_SURFACE_WITH_KNOTS('',3,3,((#8601,#8602,#8603,#8604,#8605,
#8606),(#8607,#8608,#8609,#8610,#8611,#8612),(#8613,#8614,#8615,#8616,#8617,
#8618),(#8619,#8620,#8621,#8622,#8623,#8624),(#8625,#8626,#8627,#8628,#8629,
#8630)),.UNSPECIFIED.,.F.,.F.,.F.,(4,1,4),(4,1,1,4),(0.,0.571428571428571,
1.),(8.58997144356814E-16,0.0124852097713513,0.0208086829522515,0.0291321561331518),
 .UNSPECIFIED.);
#342=B_SPLINE_SURFACE_WITH_KNOTS('',3,3,((#8641,#8642,#8643,#8644,#8645,
#8646,#8647),(#8648,#8649,#8650,#8651,#8652,#8653,#8654),(#8655,#8656,#8657,
#8658,#8659,#8660,#8661),(#8662,#8663,#8664,#8665,#8666,#8667,#8668),(#8669,
#8670,#8671,#8672,#8673,#8674,#8675)),.UNSPECIFIED.,.F.,.F.,.F.,(4,1,4),
(4,1,1,1,4),(0.,0.571428571428571,1.),(0.0755446897085536,0.413085689401922,
0.581856189248606,0.919397188941974,1.25693818863534),.UNSPECIFIED.);
#343=B_SPLINE_SURFACE_WITH_KNOTS('',3,3,((#8684,#8685,#8686,#8687,#8688,
#8689),(#8690,#8691,#8692,#8693,#8694,#8695),(#8696,#8697,#8698,#8699,#8700,
#8701),(#8702,#8703,#8704,#8705,#8706,#8707)),.UNSPECIFIED.,.F.,.F.,.F.,
(4,4),(4,2,4),(0.,1.),(-0.0316811595880775,-0.0315165899446277,0.),
 .UNSPECIFIED.);
#344=B_SPLINE_SURFACE_WITH_KNOTS('',3,3,((#8723,#8724,#8725,#8726),(#8727,
#8728,#8729,#8730),(#8731,#8732,#8733,#8734),(#8735,#8736,#8737,#8738),
(#8739,#8740,#8741,#8742)),.UNSPECIFIED.,.F.,.F.,.F.,(4,1,4),(4,4),(0.,
0.571428571428571,1.),(0.,0.00459770802591325),.UNSPECIFIED.);
#345=B_SPLINE_SURFACE_WITH_KNOTS('',3,3,((#8754,#8755,#8756,#8757),(#8758,
#8759,#8760,#8761),(#8762,#8763,#8764,#8765),(#8766,#8767,#8768,#8769),
(#8770,#8771,#8772,#8773)),.UNSPECIFIED.,.F.,.F.,.F.,(4,1,4),(4,4),(0.,
0.571428571428571,1.),(0.,0.00892898960398566),.UNSPECIFIED.);
#346=B_SPLINE_SURFACE_WITH_KNOTS('',3,3,((#8779,#8780,#8781,#8782,#8783,
#8784),(#8785,#8786,#8787,#8788,#8789,#8790),(#8791,#8792,#8793,#8794,#8795,
#8796),(#8797,#8798,#8799,#8800,#8801,#8802),(#8803,#8804,#8805,#8806,#8807,
#8808)),.UNSPECIFIED.,.F.,.F.,.F.,(4,1,4),(4,2,4),(0.,0.571428571428571,
1.),(-0.0276102962818867,0.,0.00014055710246882),.UNSPECIFIED.);
#347=B_SPLINE_SURFACE_WITH_KNOTS('',3,3,((#8833,#8834,#8835,#8836,#8837,
#8838,#8839),(#8840,#8841,#8842,#8843,#8844,#8845,#8846),(#8847,#8848,#8849,
#8850,#8851,#8852,#8853),(#8854,#8855,#8856,#8857,#8858,#8859,#8860),(#8861,
#8862,#8863,#8864,#8865,#8866,#8867)),.UNSPECIFIED.,.F.,.F.,.F.,(4,1,4),
(4,1,1,1,4),(0.,0.571428571428571,1.),(0.0921167853135061,0.252727472952889,
0.573948848231655,0.89517022351042,1.21639159878919),.UNSPECIFIED.);
#348=B_SPLINE_SURFACE_WITH_KNOTS('',3,3,((#8877,#8878,#8879,#8880,#8881,
#8882,#8883,#8884,#8885,#8886),(#8887,#8888,#8889,#8890,#8891,#8892,#8893,
#8894,#8895,#8896),(#8897,#8898,#8899,#8900,#8901,#8902,#8903,#8904,#8905,
#8906),(#8907,#8908,#8909,#8910,#8911,#8912,#8913,#8914,#8915,#8916),(#8917,
#8918,#8919,#8920,#8921,#8922,#8923,#8924,#8925,#8926),(#8927,#8928,#8929,
#8930,#8931,#8932,#8933,#8934,#8935,#8936)),.UNSPECIFIED.,.F.,.F.,.F.,(4,
1,1,4),(4,1,1,1,1,1,1,4),(0.,0.5,0.714285714285714,1.),(0.,0.166088664463155,
0.33217732892631,0.498265993389465,0.664354657852621,0.830443322315776,
0.996531986778931,1.16262065124209),.UNSPECIFIED.);
#349=B_SPLINE_SURFACE_WITH_KNOTS('',3,3,((#8957,#8958,#8959,#8960,#8961,
#8962,#8963,#8964,#8965),(#8966,#8967,#8968,#8969,#8970,#8971,#8972,#8973,
#8974),(#8975,#8976,#8977,#8978,#8979,#8980,#8981,#8982,#8983),(#8984,#8985,
#8986,#8987,#8988,#8989,#8990,#8991,#8992),(#8993,#8994,#8995,#8996,#8997,
#8998,#8999,#9000,#9001),(#9002,#9003,#9004,#9005,#9006,#9007,#9008,#9009,
#9010),(#9011,#9012,#9013,#9014,#9015,#9016,#9017,#9018,#9019)),
 .UNSPECIFIED.,.F.,.F.,.F.,(4,1,1,1,4),(4,1,1,1,1,1,4),(0.,0.285714285714286,
0.5,0.714285714285714,1.),(0.0104915557615933,0.184368726881035,0.358245898000478,
0.53212306911992,0.879877411358804,1.05375458247825,1.22763175359769),
 .UNSPECIFIED.);
#350=B_SPLINE_SURFACE_WITH_KNOTS('',3,3,((#9129,#9130,#9131,#9132,#9133),
(#9134,#9135,#9136,#9137,#9138),(#9139,#9140,#9141,#9142,#9143),(#9144,
#9145,#9146,#9147,#9148),(#9149,#9150,#9151,#9152,#9153)),.UNSPECIFIED.,
 .F.,.F.,.F.,(4,1,4),(4,1,4),(0.,0.571428571428571,1.),(0.,0.0120301573753052,
0.0280703672090454),.UNSPECIFIED.);
#351=B_SPLINE_SURFACE_WITH_KNOTS('',3,3,((#9159,#9160,#9161,#9162,#9163,
#9164),(#9165,#9166,#9167,#9168,#9169,#9170),(#9171,#9172,#9173,#9174,#9175,
#9176),(#9177,#9178,#9179,#9180,#9181,#9182),(#9183,#9184,#9185,#9186,#9187,
#9188)),.UNSPECIFIED.,.F.,.F.,.F.,(4,1,4),(4,1,1,4),(0.,0.571428571428571,
1.),(8.04720307040473E-16,0.0124852097855175,0.0208086829758619,0.0291321561662064),
 .UNSPECIFIED.);
#352=B_SPLINE_SURFACE_WITH_KNOTS('',3,3,((#9199,#9200,#9201,#9202,#9203,
#9204,#9205),(#9206,#9207,#9208,#9209,#9210,#9211,#9212),(#9213,#9214,#9215,
#9216,#9217,#9218,#9219),(#9220,#9221,#9222,#9223,#9224,#9225,#9226),(#9227,
#9228,#9229,#9230,#9231,#9232,#9233)),.UNSPECIFIED.,.F.,.F.,.F.,(4,1,4),
(4,1,1,1,4),(0.,0.571428571428571,1.),(0.0755446897085538,0.413085689401922,
0.581856189248606,0.919397188941975,1.25693818863534),.UNSPECIFIED.);
#353=B_SPLINE_SURFACE_WITH_KNOTS('',3,3,((#9242,#9243,#9244,#9245,#9246,
#9247),(#9248,#9249,#9250,#9251,#9252,#9253),(#9254,#9255,#9256,#9257,#9258,
#9259),(#9260,#9261,#9262,#9263,#9264,#9265)),.UNSPECIFIED.,.F.,.F.,.F.,
(4,4),(4,2,4),(0.,1.),(-0.0316811595880773,-0.0315165899446432,0.),
 .UNSPECIFIED.);
#354=B_SPLINE_SURFACE_WITH_KNOTS('',3,3,((#9281,#9282,#9283,#9284),(#9285,
#9286,#9287,#9288),(#9289,#9290,#9291,#9292),(#9293,#9294,#9295,#9296),
(#9297,#9298,#9299,#9300)),.UNSPECIFIED.,.F.,.F.,.F.,(4,1,4),(4,4),(0.,
0.571428571428571,1.),(0.,0.0045977080259115),.UNSPECIFIED.);
#355=B_SPLINE_SURFACE_WITH_KNOTS('',3,3,((#9312,#9313,#9314,#9315),(#9316,
#9317,#9318,#9319),(#9320,#9321,#9322,#9323),(#9324,#9325,#9326,#9327),
(#9328,#9329,#9330,#9331)),.UNSPECIFIED.,.F.,.F.,.F.,(4,1,4),(4,4),(0.,
0.571428571428571,1.),(0.,0.00892898960398068),.UNSPECIFIED.);
#356=B_SPLINE_SURFACE_WITH_KNOTS('',3,3,((#9337,#9338,#9339,#9340,#9341,
#9342),(#9343,#9344,#9345,#9346,#9347,#9348),(#9349,#9350,#9351,#9352,#9353,
#9354),(#9355,#9356,#9357,#9358,#9359,#9360),(#9361,#9362,#9363,#9364,#9365,
#9366)),.UNSPECIFIED.,.F.,.F.,.F.,(4,1,4),(4,2,4),(0.,0.571428571428571,
1.),(-0.0276102962818558,0.,0.000140557103907997),.UNSPECIFIED.);
#357=B_SPLINE_SURFACE_WITH_KNOTS('',3,3,((#9391,#9392,#9393,#9394,#9395,
#9396,#9397),(#9398,#9399,#9400,#9401,#9402,#9403,#9404),(#9405,#9406,#9407,
#9408,#9409,#9410,#9411),(#9412,#9413,#9414,#9415,#9416,#9417,#9418),(#9419,
#9420,#9421,#9422,#9423,#9424,#9425)),.UNSPECIFIED.,.F.,.F.,.F.,(4,1,4),
(4,1,1,1,4),(0.,0.571428571428571,1.),(0.0921167853135064,0.413338160592272,
0.573948848231655,0.895170223510421,1.21639159878919),.UNSPECIFIED.);
#358=B_SPLINE_SURFACE_WITH_KNOTS('',3,3,((#9435,#9436,#9437,#9438,#9439,
#9440,#9441,#9442,#9443),(#9444,#9445,#9446,#9447,#9448,#9449,#9450,#9451,
#9452),(#9453,#9454,#9455,#9456,#9457,#9458,#9459,#9460,#9461),(#9462,#9463,
#9464,#9465,#9466,#9467,#9468,#9469,#9470),(#9471,#9472,#9473,#9474,#9475,
#9476,#9477,#9478,#9479),(#9480,#9481,#9482,#9483,#9484,#9485,#9486,#9487,
#9488)),.UNSPECIFIED.,.F.,.F.,.F.,(4,1,1,4),(4,1,1,1,1,1,4),(0.,0.5,0.714285714285714,
1.),(0.,0.332177328926311,0.498265993389466,0.664354657852621,0.830443322315777,
0.996531986778932,1.16262065124209),.UNSPECIFIED.);
#359=B_SPLINE_SURFACE_WITH_KNOTS('',3,3,((#9508,#9509,#9510,#9511,#9512,
#9513,#9514,#9515),(#9516,#9517,#9518,#9519,#9520,#9521,#9522,#9523),(#9524,
#9525,#9526,#9527,#9528,#9529,#9530,#9531),(#9532,#9533,#9534,#9535,#9536,
#9537,#9538,#9539),(#9540,#9541,#9542,#9543,#9544,#9545,#9546,#9547),(#9548,
#9549,#9550,#9551,#9552,#9553,#9554,#9555),(#9556,#9557,#9558,#9559,#9560,
#9561,#9562,#9563)),.UNSPECIFIED.,.F.,.F.,.F.,(4,1,1,1,4),(4,1,1,1,1,4),
(0.,0.285714285714286,0.5,0.714285714285714,1.),(0.0104915557615932,0.184368726881035,
0.53212306911992,0.879877411358804,1.05375458247825,1.22763175359769),
 .UNSPECIFIED.);
#360=B_SPLINE_SURFACE_WITH_KNOTS('',3,3,((#9672,#9673,#9674,#9675,#9676),
(#9677,#9678,#9679,#9680,#9681),(#9682,#9683,#9684,#9685,#9686),(#9687,
#9688,#9689,#9690,#9691),(#9692,#9693,#9694,#9695,#9696)),.UNSPECIFIED.,
 .F.,.F.,.F.,(4,1,4),(4,1,4),(0.,0.571428571428571,1.),(0.,0.016040206732159,
0.0280703617812782),.UNSPECIFIED.);
#361=B_SPLINE_SURFACE_WITH_KNOTS('',3,3,((#9702,#9703,#9704,#9705,#9706),
(#9707,#9708,#9709,#9710,#9711),(#9712,#9713,#9714,#9715,#9716),(#9717,
#9718,#9719,#9720,#9721),(#9722,#9723,#9724,#9725,#9726)),.UNSPECIFIED.,
 .F.,.F.,.F.,(4,1,4),(4,1,4),(0.,0.571428571428571,1.),(9.46256320503655E-16,
0.0166469463654398,0.0291321561395189),.UNSPECIFIED.);
#362=B_SPLINE_SURFACE_WITH_KNOTS('',3,3,((#9736,#9737,#9738,#9739,#9740,
#9741,#9742),(#9743,#9744,#9745,#9746,#9747,#9748,#9749),(#9750,#9751,#9752,
#9753,#9754,#9755,#9756),(#9757,#9758,#9759,#9760,#9761,#9762,#9763),(#9764,
#9765,#9766,#9767,#9768,#9769,#9770)),.UNSPECIFIED.,.F.,.F.,.F.,(4,1,4),
(4,1,1,1,4),(0.,0.571428571428571,1.),(0.0755446897085536,0.413085689401922,
0.750626689095291,0.919397188941975,1.25693818863534),.UNSPECIFIED.);
#363=B_SPLINE_SURFACE_WITH_KNOTS('',3,3,((#9779,#9780,#9781,#9782,#9783,
#9784),(#9785,#9786,#9787,#9788,#9789,#9790),(#9791,#9792,#9793,#9794,#9795,
#9796),(#9797,#9798,#9799,#9800,#9801,#9802)),.UNSPECIFIED.,.F.,.F.,.F.,
(4,4),(4,2,4),(0.,1.),(-0.0316811595880773,-0.0315165899446707,0.),
 .UNSPECIFIED.);
#364=B_SPLINE_SURFACE_WITH_KNOTS('',3,3,((#9818,#9819,#9820,#9821),(#9822,
#9823,#9824,#9825),(#9826,#9827,#9828,#9829),(#9830,#9831,#9832,#9833),
(#9834,#9835,#9836,#9837)),.UNSPECIFIED.,.F.,.F.,.F.,(4,1,4),(4,4),(0.,
0.571428571428571,1.),(0.,0.0045977080259126),.UNSPECIFIED.);
#365=B_SPLINE_SURFACE_WITH_KNOTS('',3,3,((#9849,#9850,#9851,#9852),(#9853,
#9854,#9855,#9856),(#9857,#9858,#9859,#9860),(#9861,#9862,#9863,#9864),
(#9865,#9866,#9867,#9868)),.UNSPECIFIED.,.F.,.F.,.F.,(4,1,4),(4,4),(0.,
0.571428571428571,1.),(0.,0.00892898960398236),.UNSPECIFIED.);
#366=B_SPLINE_SURFACE_WITH_KNOTS('',3,3,((#9874,#9875,#9876,#9877,#9878,
#9879),(#9880,#9881,#9882,#9883,#9884,#9885),(#9886,#9887,#9888,#9889,#9890,
#9891),(#9892,#9893,#9894,#9895,#9896,#9897),(#9898,#9899,#9900,#9901,#9902,
#9903)),.UNSPECIFIED.,.F.,.F.,.F.,(4,1,4),(4,2,4),(0.,0.571428571428571,
1.),(-0.0276102962819089,0.,0.000140557103852966),.UNSPECIFIED.);
#367=B_SPLINE_SURFACE_WITH_KNOTS('',3,3,((#9928,#9929,#9930,#9931,#9932,
#9933,#9934),(#9935,#9936,#9937,#9938,#9939,#9940,#9941),(#9942,#9943,#9944,
#9945,#9946,#9947,#9948),(#9949,#9950,#9951,#9952,#9953,#9954,#9955),(#9956,
#9957,#9958,#9959,#9960,#9961,#9962)),.UNSPECIFIED.,.F.,.F.,.F.,(4,1,4),
(4,1,1,1,4),(0.,0.571428571428571,1.),(0.0921167853135063,0.413338160592272,
0.734559535871037,1.0557809111498,1.21639159878919),.UNSPECIFIED.);
#368=B_SPLINE_SURFACE_WITH_KNOTS('',3,3,((#9972,#9973,#9974,#9975,#9976,
#9977,#9978,#9979,#9980,#9981),(#9982,#9983,#9984,#9985,#9986,#9987,#9988,
#9989,#9990,#9991),(#9992,#9993,#9994,#9995,#9996,#9997,#9998,#9999,#10000,
#10001),(#10002,#10003,#10004,#10005,#10006,#10007,#10008,#10009,#10010,
#10011),(#10012,#10013,#10014,#10015,#10016,#10017,#10018,#10019,#10020,
#10021),(#10022,#10023,#10024,#10025,#10026,#10027,#10028,#10029,#10030,
#10031)),.UNSPECIFIED.,.F.,.F.,.F.,(4,1,1,4),(4,1,1,1,1,1,1,4),(0.,0.5,
0.714285714285714,1.),(0.,0.166088664463155,0.33217732892631,0.498265993389466,
0.664354657852621,0.830443322315776,0.996531986778931,1.16262065124209),
 .UNSPECIFIED.);
#369=B_SPLINE_SURFACE_WITH_KNOTS('',3,3,((#10052,#10053,#10054,#10055,#10056,
#10057,#10058,#10059,#10060),(#10061,#10062,#10063,#10064,#10065,#10066,
#10067,#10068,#10069),(#10070,#10071,#10072,#10073,#10074,#10075,#10076,
#10077,#10078),(#10079,#10080,#10081,#10082,#10083,#10084,#10085,#10086,
#10087),(#10088,#10089,#10090,#10091,#10092,#10093,#10094,#10095,#10096),
(#10097,#10098,#10099,#10100,#10101,#10102,#10103,#10104,#10105),(#10106,
#10107,#10108,#10109,#10110,#10111,#10112,#10113,#10114)),.UNSPECIFIED.,
 .F.,.F.,.F.,(4,1,1,1,4),(4,1,1,1,1,1,4),(0.,0.285714285714286,0.5,0.714285714285714,
1.),(0.0104915557615933,0.184368726881036,0.358245898000478,0.53212306911992,
0.879877411358805,1.05375458247825,1.22763175359769),.UNSPECIFIED.);
#370=B_SPLINE_SURFACE_WITH_KNOTS('',3,3,((#10224,#10225,#10226,#10227,#10228),
(#10229,#10230,#10231,#10232,#10233),(#10234,#10235,#10236,#10237,#10238),
(#10239,#10240,#10241,#10242,#10243),(#10244,#10245,#10246,#10247,#10248)),
 .UNSPECIFIED.,.F.,.F.,.F.,(4,1,4),(4,1,4),(0.,0.571428571428571,1.),(0.,
0.0120301579315812,0.0280703685070228),.UNSPECIFIED.);
#371=B_SPLINE_SURFACE_WITH_KNOTS('',3,3,((#10254,#10255,#10256,#10257,#10258,
#10259),(#10260,#10261,#10262,#10263,#10264,#10265),(#10266,#10267,#10268,
#10269,#10270,#10271),(#10272,#10273,#10274,#10275,#10276,#10277),(#10278,
#10279,#10280,#10281,#10282,#10283)),.UNSPECIFIED.,.F.,.F.,.F.,(4,1,4),
(4,1,1,4),(0.,0.571428571428571,1.),(3.21139251520303E-16,0.0124852097814457,
0.020808682969076,0.0291321561567062),.UNSPECIFIED.);
#372=B_SPLINE_SURFACE_WITH_KNOTS('',3,3,((#10294,#10295,#10296,#10297,#10298,
#10299,#10300),(#10301,#10302,#10303,#10304,#10305,#10306,#10307),(#10308,
#10309,#10310,#10311,#10312,#10313,#10314),(#10315,#10316,#10317,#10318,
#10319,#10320,#10321),(#10322,#10323,#10324,#10325,#10326,#10327,#10328)),
 .UNSPECIFIED.,.F.,.F.,.F.,(4,1,4),(4,1,1,1,4),(0.,0.571428571428571,1.),
(0.0755446897085537,0.244315189555238,0.581856189248606,0.919397188941975,
1.25693818863534),.UNSPECIFIED.);
#373=B_SPLINE_SURFACE_WITH_KNOTS('',3,3,((#10337,#10338,#10339,#10340,#10341,
#10342),(#10343,#10344,#10345,#10346,#10347,#10348),(#10349,#10350,#10351,
#10352,#10353,#10354),(#10355,#10356,#10357,#10358,#10359,#10360)),
 .UNSPECIFIED.,.F.,.F.,.F.,(4,4),(4,2,4),(0.,1.),(-0.0316811595880775,-0.0315165899446541,
0.),.UNSPECIFIED.);
#374=B_SPLINE_SURFACE_WITH_KNOTS('',3,3,((#10376,#10377,#10378,#10379),
(#10380,#10381,#10382,#10383),(#10384,#10385,#10386,#10387),(#10388,#10389,
#10390,#10391),(#10392,#10393,#10394,#10395)),.UNSPECIFIED.,.F.,.F.,.F.,
(4,1,4),(4,4),(0.,0.571428571428571,1.),(0.,0.0045977080259117),
 .UNSPECIFIED.);
#375=B_SPLINE_SURFACE_WITH_KNOTS('',3,3,((#10407,#10408,#10409,#10410),
(#10411,#10412,#10413,#10414),(#10415,#10416,#10417,#10418),(#10419,#10420,
#10421,#10422),(#10423,#10424,#10425,#10426)),.UNSPECIFIED.,.F.,.F.,.F.,
(4,1,4),(4,4),(0.,0.571428571428571,1.),(0.,0.0089289896039853),
 .UNSPECIFIED.);
#376=B_SPLINE_SURFACE_WITH_KNOTS('',3,3,((#10432,#10433,#10434,#10435,#10436,
#10437),(#10438,#10439,#10440,#10441,#10442,#10443),(#10444,#10445,#10446,
#10447,#10448,#10449),(#10450,#10451,#10452,#10453,#10454,#10455),(#10456,
#10457,#10458,#10459,#10460,#10461)),.UNSPECIFIED.,.F.,.F.,.F.,(4,1,4),
(4,2,4),(0.,0.571428571428571,1.),(-0.0276102962818519,0.,0.000140557103907702),
 .UNSPECIFIED.);
#377=B_SPLINE_SURFACE_WITH_KNOTS('',3,3,((#10486,#10487,#10488,#10489,#10490,
#10491,#10492),(#10493,#10494,#10495,#10496,#10497,#10498,#10499),(#10500,
#10501,#10502,#10503,#10504,#10505,#10506),(#10507,#10508,#10509,#10510,
#10511,#10512,#10513),(#10514,#10515,#10516,#10517,#10518,#10519,#10520)),
 .UNSPECIFIED.,.F.,.F.,.F.,(4,1,4),(4,1,1,1,4),(0.,0.571428571428571,1.),
(0.0921167853135067,0.413338160592272,0.734559535871038,1.0557809111498,
1.21639159878919),.UNSPECIFIED.);
#378=B_SPLINE_SURFACE_WITH_KNOTS('',3,3,((#10530,#10531,#10532,#10533,#10534,
#10535,#10536,#10537,#10538,#10539),(#10540,#10541,#10542,#10543,#10544,
#10545,#10546,#10547,#10548,#10549),(#10550,#10551,#10552,#10553,#10554,
#10555,#10556,#10557,#10558,#10559),(#10560,#10561,#10562,#10563,#10564,
#10565,#10566,#10567,#10568,#10569),(#10570,#10571,#10572,#10573,#10574,
#10575,#10576,#10577,#10578,#10579),(#10580,#10581,#10582,#10583,#10584,
#10585,#10586,#10587,#10588,#10589)),.UNSPECIFIED.,.F.,.F.,.F.,(4,1,1,4),
(4,1,1,1,1,1,1,4),(0.,0.5,0.714285714285714,1.),(0.,0.166088664463155,0.332177328926311,
0.498265993389466,0.664354657852621,0.830443322315777,0.996531986778932,
1.16262065124209),.UNSPECIFIED.);
#379=B_SPLINE_SURFACE_WITH_KNOTS('',3,3,((#10610,#10611,#10612,#10613,#10614,
#10615,#10616,#10617,#10618),(#10619,#10620,#10621,#10622,#10623,#10624,
#10625,#10626,#10627),(#10628,#10629,#10630,#10631,#10632,#10633,#10634,
#10635,#10636),(#10637,#10638,#10639,#10640,#10641,#10642,#10643,#10644,
#10645),(#10646,#10647,#10648,#10649,#10650,#10651,#10652,#10653,#10654),
(#10655,#10656,#10657,#10658,#10659,#10660,#10661,#10662,#10663),(#10664,
#10665,#10666,#10667,#10668,#10669,#10670,#10671,#10672)),.UNSPECIFIED.,
 .F.,.F.,.F.,(4,1,1,1,4),(4,1,1,1,1,1,4),(0.,0.285714285714286,0.5,0.714285714285714,
1.),(0.0104915557615933,0.184368726881035,0.358245898000478,0.53212306911992,
0.879877411358804,1.05375458247825,1.22763175359769),.UNSPECIFIED.);
#380=B_SPLINE_SURFACE_WITH_KNOTS('',3,3,((#10695,#10696,#10697,#10698,#10699),
(#10700,#10701,#10702,#10703,#10704),(#10705,#10706,#10707,#10708,#10709),
(#10710,#10711,#10712,#10713,#10714),(#10715,#10716,#10717,#10718,#10719)),
 .UNSPECIFIED.,.F.,.F.,.F.,(4,1,4),(4,1,4),(0.,0.571428571428571,1.),(0.,
0.0120301550477259,0.028070361778027),.UNSPECIFIED.);
#381=B_SPLINE_SURFACE_WITH_KNOTS('',3,3,((#10725,#10726,#10727,#10728,#10729),
(#10730,#10731,#10732,#10733,#10734),(#10735,#10736,#10737,#10738,#10739),
(#10740,#10741,#10742,#10743,#10744),(#10745,#10746,#10747,#10748,#10749)),
 .UNSPECIFIED.,.F.,.F.,.F.,(4,1,4),(4,1,4),(0.,0.571428571428571,1.),(0.,
0.0166469463660843,0.0291321561406475),.UNSPECIFIED.);
#382=B_SPLINE_SURFACE_WITH_KNOTS('',3,3,((#10759,#10760,#10761,#10762,#10763,
#10764,#10765),(#10766,#10767,#10768,#10769,#10770,#10771,#10772),(#10773,
#10774,#10775,#10776,#10777,#10778,#10779),(#10780,#10781,#10782,#10783,
#10784,#10785,#10786),(#10787,#10788,#10789,#10790,#10791,#10792,#10793)),
 .UNSPECIFIED.,.F.,.F.,.F.,(4,1,4),(4,1,1,1,4),(0.,0.571428571428571,1.),
(0.0755446897085537,0.413085689401922,0.75062668909529,0.919397188941974,
1.25693818863534),.UNSPECIFIED.);
#383=B_SPLINE_SURFACE_WITH_KNOTS('',3,3,((#10803,#10804,#10805,#10806,#10807),
(#10808,#10809,#10810,#10811,#10812),(#10813,#10814,#10815,#10816,#10817),
(#10818,#10819,#10820,#10821,#10822),(#10823,#10824,#10825,#10826,#10827)),
 .UNSPECIFIED.,.F.,.F.,.F.,(4,1,4),(4,1,4),(0.,0.571428571428571,1.),(0.,
0.0120301564868182,0.0280703651359092),.UNSPECIFIED.);
#384=B_SPLINE_SURFACE_WITH_KNOTS('',3,3,((#10835,#10836,#10837,#10838,#10839),
(#10840,#10841,#10842,#10843,#10844),(#10845,#10846,#10847,#10848,#10849),
(#10850,#10851,#10852,#10853,#10854),(#10855,#10856,#10857,#10858,#10859)),
 .UNSPECIFIED.,.F.,.F.,.F.,(4,1,4),(4,1,4),(0.,0.571428571428571,1.),(9.09198963994207E-16,
0.0166469463786898,0.0291321561627065),.UNSPECIFIED.);
#385=B_SPLINE_SURFACE_WITH_KNOTS('',3,3,((#10869,#10870,#10871,#10872,#10873,
#10874,#10875),(#10876,#10877,#10878,#10879,#10880,#10881,#10882),(#10883,
#10884,#10885,#10886,#10887,#10888,#10889),(#10890,#10891,#10892,#10893,
#10894,#10895,#10896),(#10897,#10898,#10899,#10900,#10901,#10902,#10903)),
 .UNSPECIFIED.,.F.,.F.,.F.,(4,1,4),(4,1,1,1,4),(0.,0.571428571428571,1.),
(0.0920328672166048,0.424842987714241,0.591248047963059,0.924058168460695,
1.25686828895833),.UNSPECIFIED.);
#386=B_SPLINE_SURFACE_WITH_KNOTS('',3,3,((#10911,#10912,#10913,#10914,#10915,
#10916,#10917),(#10918,#10919,#10920,#10921,#10922,#10923,#10924),(#10925,
#10926,#10927,#10928,#10929,#10930,#10931),(#10932,#10933,#10934,#10935,
#10936,#10937,#10938),(#10939,#10940,#10941,#10942,#10943,#10944,#10945)),
 .UNSPECIFIED.,.F.,.F.,.F.,(4,1,4),(4,1,1,1,4),(0.,0.571428571428571,1.),
(0.091809131657902,0.408308718123115,0.566558511355721,0.883058097820934,
1.19955768428615),.UNSPECIFIED.);
#387=SPHERICAL_SURFACE('',#3807,3.969);
#388=SPHERICAL_SURFACE('',#3849,0.1);
#389=SPHERICAL_SURFACE('',#3857,0.1);
#390=SPHERICAL_SURFACE('',#3859,0.1);
#391=SPHERICAL_SURFACE('',#3861,0.1);
#392=SPHERICAL_SURFACE('',#3863,3.969);
#393=SPHERICAL_SURFACE('',#3866,3.969);
#394=SPHERICAL_SURFACE('',#3944,0.1);
#395=SPHERICAL_SURFACE('',#3946,0.1);
#396=SPHERICAL_SURFACE('',#3977,4.469);
#397=SPHERICAL_SURFACE('',#4006,0.1);
#398=SPHERICAL_SURFACE('',#4008,0.1);
#399=SPHERICAL_SURFACE('',#4019,3.969);
#400=SPHERICAL_SURFACE('',#4023,4.469);
#401=SPHERICAL_SURFACE('',#4052,0.1);
#402=SPHERICAL_SURFACE('',#4054,0.1);
#403=SPHERICAL_SURFACE('',#4065,3.969);
#404=SPHERICAL_SURFACE('',#4069,4.469);
#405=SPHERICAL_SURFACE('',#4098,0.1);
#406=SPHERICAL_SURFACE('',#4100,0.1);
#407=SPHERICAL_SURFACE('',#4111,3.969);
#408=SPHERICAL_SURFACE('',#4115,4.469);
#409=SPHERICAL_SURFACE('',#4144,0.1);
#410=SPHERICAL_SURFACE('',#4146,0.1);
#411=SPHERICAL_SURFACE('',#4157,3.969);
#412=SPHERICAL_SURFACE('',#4161,4.469);
#413=SPHERICAL_SURFACE('',#4190,0.1);
#414=SPHERICAL_SURFACE('',#4192,0.1);
#415=SPHERICAL_SURFACE('',#4203,3.969);
#416=SPHERICAL_SURFACE('',#4207,4.469);
#417=SPHERICAL_SURFACE('',#4236,0.1);
#418=SPHERICAL_SURFACE('',#4238,0.1);
#419=SPHERICAL_SURFACE('',#4245,3.969);
#420=SPHERICAL_SURFACE('',#4250,4.469);
#421=SPHERICAL_SURFACE('',#4251,3.969);
#422=SPHERICAL_SURFACE('',#4256,4.469);
#423=SPHERICAL_SURFACE('',#4268,4.469);
#424=SHAPE_REPRESENTATION_RELATIONSHIP('SRR','None',#11068,#429);
#425=SHAPE_REPRESENTATION_RELATIONSHIP('SRR','None',#11069,#430);
#426=SHAPE_REPRESENTATION_RELATIONSHIP('SRR','None',#11070,#431);
#427=SHAPE_REPRESENTATION_RELATIONSHIP('SRR','None',#11071,#432);
#428=SHAPE_REPRESENTATION_RELATIONSHIP('SRR','None',#11072,#433);
#429=ADVANCED_BREP_SHAPE_REPRESENTATION('',(#434),#11023);
#430=ADVANCED_BREP_SHAPE_REPRESENTATION('',(#435),#11024);
#431=ADVANCED_BREP_SHAPE_REPRESENTATION('',(#436),#11025);
#432=ADVANCED_BREP_SHAPE_REPRESENTATION('',(#437),#11026);
#433=ADVANCED_BREP_SHAPE_REPRESENTATION('',(#438),#11027);
#434=MANIFOLD_SOLID_BREP('Solid1',#3633);
#435=MANIFOLD_SOLID_BREP('Solid1',#3634);
#436=MANIFOLD_SOLID_BREP('Solid1',#3635);
#437=MANIFOLD_SOLID_BREP('Solid1',#3636);
#438=MANIFOLD_SOLID_BREP('Solid1',#3637);
#439=STYLED_ITEM('',(#3695),#3389);
#440=STYLED_ITEM('',(#3695),#3391);
#441=STYLED_ITEM('',(#3695),#3392);
#442=STYLED_ITEM('',(#3695),#3394);
#443=STYLED_ITEM('',(#3695),#3395);
#444=STYLED_ITEM('',(#3694),#434);
#445=STYLED_ITEM('',(#3697),#3400);
#446=STYLED_ITEM('',(#3694),#3404);
#447=STYLED_ITEM('',(#3696),#435);
#448=STYLED_ITEM('',(#3694),#436);
#449=STYLED_ITEM('',(#3698),#437);
#450=STYLED_ITEM('',(#3694),#438);
#451=PLANE('',#3772);
#452=PLANE('',#3779);
#453=PLANE('',#3791);
#454=PLANE('',#3800);
#455=PLANE('',#3825);
#456=PLANE('',#3903);
#457=PLANE('',#3923);
#458=PLANE('',#3948);
#459=PLANE('',#3953);
#460=PLANE('',#3992);
#461=PLANE('',#4012);
#462=PLANE('',#4038);
#463=PLANE('',#4058);
#464=PLANE('',#4084);
#465=PLANE('',#4104);
#466=PLANE('',#4130);
#467=PLANE('',#4150);
#468=PLANE('',#4176);
#469=PLANE('',#4196);
#470=PLANE('',#4222);
#471=PLANE('',#4242);
#472=PLANE('',#4267);
#473=PLANE('',#4270);
#474=PLANE('',#4276);
#475=PLANE('',#4280);
#476=PLANE('',#4286);
#477=CYLINDRICAL_SURFACE('',#3770,17.);
#478=CYLINDRICAL_SURFACE('',#3777,17.);
#479=CYLINDRICAL_SURFACE('',#3784,12.5);
#480=CYLINDRICAL_SURFACE('',#3793,22.05);
#481=CYLINDRICAL_SURFACE('',#3798,26.);
#482=CYLINDRICAL_SURFACE('',#3803,22.05);
#483=CYLINDRICAL_SURFACE('',#3869,18.);
#484=CYLINDRICAL_SURFACE('',#3964,21.);
#485=CYLINDRICAL_SURFACE('',#4257,0.75);
#486=CYLINDRICAL_SURFACE('',#4258,0.75);
#487=CYLINDRICAL_SURFACE('',#4259,0.75);
#488=CYLINDRICAL_SURFACE('',#4260,0.75);
#489=CYLINDRICAL_SURFACE('',#4261,0.75);
#490=CYLINDRICAL_SURFACE('',#4263,0.75);
#491=CYLINDRICAL_SURFACE('',#4264,0.75);
#492=CYLINDRICAL_SURFACE('',#4265,0.75);
#493=CYLINDRICAL_SURFACE('',#4266,0.75);
#494=CYLINDRICAL_SURFACE('',#4274,1.);
#495=CYLINDRICAL_SURFACE('',#4278,0.75);
#496=CYLINDRICAL_SURFACE('',#4282,1.);
#497=FACE_BOUND('',#800,.T.);
#498=FACE_BOUND('',#802,.T.);
#499=FACE_BOUND('',#804,.T.);
#500=FACE_BOUND('',#806,.T.);
#501=FACE_BOUND('',#808,.T.);
#502=FACE_BOUND('',#810,.T.);
#503=FACE_BOUND('',#812,.T.);
#504=FACE_BOUND('',#814,.T.);
#505=FACE_BOUND('',#816,.T.);
#506=FACE_BOUND('',#818,.T.);
#507=FACE_BOUND('',#820,.T.);
#508=FACE_BOUND('',#822,.T.);
#509=FACE_BOUND('',#824,.T.);
#510=FACE_BOUND('',#826,.T.);
#511=FACE_BOUND('',#828,.T.);
#512=FACE_BOUND('',#830,.T.);
#513=FACE_BOUND('',#832,.T.);
#514=FACE_BOUND('',#834,.T.);
#515=FACE_BOUND('',#836,.T.);
#516=FACE_BOUND('',#845,.T.);
#517=FACE_BOUND('',#863,.T.);
#518=FACE_BOUND('',#875,.T.);
#519=FACE_BOUND('',#884,.T.);
#520=FACE_BOUND('',#895,.T.);
#521=FACE_BOUND('',#898,.T.);
#522=FACE_BOUND('',#905,.T.);
#523=FACE_BOUND('',#914,.T.);
#524=FACE_BOUND('',#924,.T.);
#525=FACE_BOUND('',#939,.T.);
#526=FACE_BOUND('',#949,.T.);
#527=FACE_BOUND('',#964,.T.);
#528=FACE_BOUND('',#974,.T.);
#529=FACE_BOUND('',#989,.T.);
#530=FACE_BOUND('',#999,.T.);
#531=FACE_BOUND('',#1014,.T.);
#532=FACE_BOUND('',#1024,.T.);
#533=FACE_BOUND('',#1039,.T.);
#534=FACE_BOUND('',#1049,.T.);
#535=FACE_BOUND('',#1065,.T.);
#536=FACE_BOUND('',#1067,.T.);
#537=FACE_BOUND('',#1069,.T.);
#538=FACE_BOUND('',#1071,.T.);
#539=FACE_BOUND('',#1073,.T.);
#540=FACE_BOUND('',#1075,.T.);
#541=FACE_BOUND('',#1077,.T.);
#542=FACE_BOUND('',#1079,.T.);
#543=FACE_BOUND('',#1081,.T.);
#544=FACE_BOUND('',#1083,.T.);
#545=FACE_BOUND('',#1087,.T.);
#546=FACE_BOUND('',#1089,.T.);
#547=FACE_BOUND('',#1091,.T.);
#548=FACE_BOUND('',#1093,.T.);
#549=FACE_BOUND('',#1095,.T.);
#550=FACE_BOUND('',#1097,.T.);
#551=FACE_BOUND('',#1099,.T.);
#552=FACE_OUTER_BOUND('',#799,.T.);
#553=FACE_OUTER_BOUND('',#801,.T.);
#554=FACE_OUTER_BOUND('',#803,.T.);
#555=FACE_OUTER_BOUND('',#805,.T.);
#556=FACE_OUTER_BOUND('',#807,.T.);
#557=FACE_OUTER_BOUND('',#809,.T.);
#558=FACE_OUTER_BOUND('',#811,.T.);
#559=FACE_OUTER_BOUND('',#813,.T.);
#560=FACE_OUTER_BOUND('',#815,.T.);
#561=FACE_OUTER_BOUND('',#817,.T.);
#562=FACE_OUTER_BOUND('',#819,.T.);
#563=FACE_OUTER_BOUND('',#821,.T.);
#564=FACE_OUTER_BOUND('',#823,.T.);
#565=FACE_OUTER_BOUND('',#825,.T.);
#566=FACE_OUTER_BOUND('',#827,.T.);
#567=FACE_OUTER_BOUND('',#829,.T.);
#568=FACE_OUTER_BOUND('',#831,.T.);
#569=FACE_OUTER_BOUND('',#833,.T.);
#570=FACE_OUTER_BOUND('',#835,.T.);
#571=FACE_OUTER_BOUND('',#837,.T.);
#572=FACE_OUTER_BOUND('',#838,.T.);
#573=FACE_OUTER_BOUND('',#839,.T.);
#574=FACE_OUTER_BOUND('',#840,.T.);
#575=FACE_OUTER_BOUND('',#841,.T.);
#576=FACE_OUTER_BOUND('',#842,.T.);
#577=FACE_OUTER_BOUND('',#843,.T.);
#578=FACE_OUTER_BOUND('',#844,.T.);
#579=FACE_OUTER_BOUND('',#846,.T.);
#580=FACE_OUTER_BOUND('',#847,.T.);
#581=FACE_OUTER_BOUND('',#848,.T.);
#582=FACE_OUTER_BOUND('',#849,.T.);
#583=FACE_OUTER_BOUND('',#850,.T.);
#584=FACE_OUTER_BOUND('',#851,.T.);
#585=FACE_OUTER_BOUND('',#852,.T.);
#586=FACE_OUTER_BOUND('',#853,.T.);
#587=FACE_OUTER_BOUND('',#854,.T.);
#588=FACE_OUTER_BOUND('',#855,.T.);
#589=FACE_OUTER_BOUND('',#856,.T.);
#590=FACE_OUTER_BOUND('',#857,.T.);
#591=FACE_OUTER_BOUND('',#858,.T.);
#592=FACE_OUTER_BOUND('',#859,.T.);
#593=FACE_OUTER_BOUND('',#860,.T.);
#594=FACE_OUTER_BOUND('',#861,.T.);
#595=FACE_OUTER_BOUND('',#862,.T.);
#596=FACE_OUTER_BOUND('',#864,.T.);
#597=FACE_OUTER_BOUND('',#865,.T.);
#598=FACE_OUTER_BOUND('',#866,.T.);
#599=FACE_OUTER_BOUND('',#867,.T.);
#600=FACE_OUTER_BOUND('',#868,.T.);
#601=FACE_OUTER_BOUND('',#869,.T.);
#602=FACE_OUTER_BOUND('',#870,.T.);
#603=FACE_OUTER_BOUND('',#871,.T.);
#604=FACE_OUTER_BOUND('',#872,.T.);
#605=FACE_OUTER_BOUND('',#873,.T.);
#606=FACE_OUTER_BOUND('',#874,.T.);
#607=FACE_OUTER_BOUND('',#876,.T.);
#608=FACE_OUTER_BOUND('',#877,.T.);
#609=FACE_OUTER_BOUND('',#878,.T.);
#610=FACE_OUTER_BOUND('',#879,.T.);
#611=FACE_OUTER_BOUND('',#880,.T.);
#612=FACE_OUTER_BOUND('',#881,.T.);
#613=FACE_OUTER_BOUND('',#882,.T.);
#614=FACE_OUTER_BOUND('',#883,.T.);
#615=FACE_OUTER_BOUND('',#885,.T.);
#616=FACE_OUTER_BOUND('',#886,.T.);
#617=FACE_OUTER_BOUND('',#887,.T.);
#618=FACE_OUTER_BOUND('',#888,.T.);
#619=FACE_OUTER_BOUND('',#889,.T.);
#620=FACE_OUTER_BOUND('',#890,.T.);
#621=FACE_OUTER_BOUND('',#891,.T.);
#622=FACE_OUTER_BOUND('',#892,.T.);
#623=FACE_OUTER_BOUND('',#893,.T.);
#624=FACE_OUTER_BOUND('',#894,.T.);
#625=FACE_OUTER_BOUND('',#896,.T.);
#626=FACE_OUTER_BOUND('',#897,.T.);
#627=FACE_OUTER_BOUND('',#899,.T.);
#628=FACE_OUTER_BOUND('',#900,.T.);
#629=FACE_OUTER_BOUND('',#901,.T.);
#630=FACE_OUTER_BOUND('',#902,.T.);
#631=FACE_OUTER_BOUND('',#903,.T.);
#632=FACE_OUTER_BOUND('',#904,.T.);
#633=FACE_OUTER_BOUND('',#906,.T.);
#634=FACE_OUTER_BOUND('',#907,.T.);
#635=FACE_OUTER_BOUND('',#908,.T.);
#636=FACE_OUTER_BOUND('',#909,.T.);
#637=FACE_OUTER_BOUND('',#910,.T.);
#638=FACE_OUTER_BOUND('',#911,.T.);
#639=FACE_OUTER_BOUND('',#912,.T.);
#640=FACE_OUTER_BOUND('',#913,.T.);
#641=FACE_OUTER_BOUND('',#915,.T.);
#642=FACE_OUTER_BOUND('',#916,.T.);
#643=FACE_OUTER_BOUND('',#917,.T.);
#644=FACE_OUTER_BOUND('',#918,.T.);
#645=FACE_OUTER_BOUND('',#919,.T.);
#646=FACE_OUTER_BOUND('',#920,.T.);
#647=FACE_OUTER_BOUND('',#921,.T.);
#648=FACE_OUTER_BOUND('',#922,.T.);
#649=FACE_OUTER_BOUND('',#923,.T.);
#650=FACE_OUTER_BOUND('',#925,.T.);
#651=FACE_OUTER_BOUND('',#926,.T.);
#652=FACE_OUTER_BOUND('',#927,.T.);
#653=FACE_OUTER_BOUND('',#928,.T.);
#654=FACE_OUTER_BOUND('',#929,.T.);
#655=FACE_OUTER_BOUND('',#930,.T.);
#656=FACE_OUTER_BOUND('',#931,.T.);
#657=FACE_OUTER_BOUND('',#932,.T.);
#658=FACE_OUTER_BOUND('',#933,.T.);
#659=FACE_OUTER_BOUND('',#934,.T.);
#660=FACE_OUTER_BOUND('',#935,.T.);
#661=FACE_OUTER_BOUND('',#936,.T.);
#662=FACE_OUTER_BOUND('',#937,.T.);
#663=FACE_OUTER_BOUND('',#938,.T.);
#664=FACE_OUTER_BOUND('',#940,.T.);
#665=FACE_OUTER_BOUND('',#941,.T.);
#666=FACE_OUTER_BOUND('',#942,.T.);
#667=FACE_OUTER_BOUND('',#943,.T.);
#668=FACE_OUTER_BOUND('',#944,.T.);
#669=FACE_OUTER_BOUND('',#945,.T.);
#670=FACE_OUTER_BOUND('',#946,.T.);
#671=FACE_OUTER_BOUND('',#947,.T.);
#672=FACE_OUTER_BOUND('',#948,.T.);
#673=FACE_OUTER_BOUND('',#950,.T.);
#674=FACE_OUTER_BOUND('',#951,.T.);
#675=FACE_OUTER_BOUND('',#952,.T.);
#676=FACE_OUTER_BOUND('',#953,.T.);
#677=FACE_OUTER_BOUND('',#954,.T.);
#678=FACE_OUTER_BOUND('',#955,.T.);
#679=FACE_OUTER_BOUND('',#956,.T.);
#680=FACE_OUTER_BOUND('',#957,.T.);
#681=FACE_OUTER_BOUND('',#958,.T.);
#682=FACE_OUTER_BOUND('',#959,.T.);
#683=FACE_OUTER_BOUND('',#960,.T.);
#684=FACE_OUTER_BOUND('',#961,.T.);
#685=FACE_OUTER_BOUND('',#962,.T.);
#686=FACE_OUTER_BOUND('',#963,.T.);
#687=FACE_OUTER_BOUND('',#965,.T.);
#688=FACE_OUTER_BOUND('',#966,.T.);
#689=FACE_OUTER_BOUND('',#967,.T.);
#690=FACE_OUTER_BOUND('',#968,.T.);
#691=FACE_OUTER_BOUND('',#969,.T.);
#692=FACE_OUTER_BOUND('',#970,.T.);
#693=FACE_OUTER_BOUND('',#971,.T.);
#694=FACE_OUTER_BOUND('',#972,.T.);
#695=FACE_OUTER_BOUND('',#973,.T.);
#696=FACE_OUTER_BOUND('',#975,.T.);
#697=FACE_OUTER_BOUND('',#976,.T.);
#698=FACE_OUTER_BOUND('',#977,.T.);
#699=FACE_OUTER_BOUND('',#978,.T.);
#700=FACE_OUTER_BOUND('',#979,.T.);
#701=FACE_OUTER_BOUND('',#980,.T.);
#702=FACE_OUTER_BOUND('',#981,.T.);
#703=FACE_OUTER_BOUND('',#982,.T.);
#704=FACE_OUTER_BOUND('',#983,.T.);
#705=FACE_OUTER_BOUND('',#984,.T.);
#706=FACE_OUTER_BOUND('',#985,.T.);
#707=FACE_OUTER_BOUND('',#986,.T.);
#708=FACE_OUTER_BOUND('',#987,.T.);
#709=FACE_OUTER_BOUND('',#988,.T.);
#710=FACE_OUTER_BOUND('',#990,.T.);
#711=FACE_OUTER_BOUND('',#991,.T.);
#712=FACE_OUTER_BOUND('',#992,.T.);
#713=FACE_OUTER_BOUND('',#993,.T.);
#714=FACE_OUTER_BOUND('',#994,.T.);
#715=FACE_OUTER_BOUND('',#995,.T.);
#716=FACE_OUTER_BOUND('',#996,.T.);
#717=FACE_OUTER_BOUND('',#997,.T.);
#718=FACE_OUTER_BOUND('',#998,.T.);
#719=FACE_OUTER_BOUND('',#1000,.T.);
#720=FACE_OUTER_BOUND('',#1001,.T.);
#721=FACE_OUTER_BOUND('',#1002,.T.);
#722=FACE_OUTER_BOUND('',#1003,.T.);
#723=FACE_OUTER_BOUND('',#1004,.T.);
#724=FACE_OUTER_BOUND('',#1005,.T.);
#725=FACE_OUTER_BOUND('',#1006,.T.);
#726=FACE_OUTER_BOUND('',#1007,.T.);
#727=FACE_OUTER_BOUND('',#1008,.T.);
#728=FACE_OUTER_BOUND('',#1009,.T.);
#729=FACE_OUTER_BOUND('',#1010,.T.);
#730=FACE_OUTER_BOUND('',#1011,.T.);
#731=FACE_OUTER_BOUND('',#1012,.T.);
#732=FACE_OUTER_BOUND('',#1013,.T.);
#733=FACE_OUTER_BOUND('',#1015,.T.);
#734=FACE_OUTER_BOUND('',#1016,.T.);
#735=FACE_OUTER_BOUND('',#1017,.T.);
#736=FACE_OUTER_BOUND('',#1018,.T.);
#737=FACE_OUTER_BOUND('',#1019,.T.);
#738=FACE_OUTER_BOUND('',#1020,.T.);
#739=FACE_OUTER_BOUND('',#1021,.T.);
#740=FACE_OUTER_BOUND('',#1022,.T.);
#741=FACE_OUTER_BOUND('',#1023,.T.);
#742=FACE_OUTER_BOUND('',#1025,.T.);
#743=FACE_OUTER_BOUND('',#1026,.T.);
#744=FACE_OUTER_BOUND('',#1027,.T.);
#745=FACE_OUTER_BOUND('',#1028,.T.);
#746=FACE_OUTER_BOUND('',#1029,.T.);
#747=FACE_OUTER_BOUND('',#1030,.T.);
#748=FACE_OUTER_BOUND('',#1031,.T.);
#749=FACE_OUTER_BOUND('',#1032,.T.);
#750=FACE_OUTER_BOUND('',#1033,.T.);
#751=FACE_OUTER_BOUND('',#1034,.T.);
#752=FACE_OUTER_BOUND('',#1035,.T.);
#753=FACE_OUTER_BOUND('',#1036,.T.);
#754=FACE_OUTER_BOUND('',#1037,.T.);
#755=FACE_OUTER_BOUND('',#1038,.T.);
#756=FACE_OUTER_BOUND('',#1040,.T.);
#757=FACE_OUTER_BOUND('',#1041,.T.);
#758=FACE_OUTER_BOUND('',#1042,.T.);
#759=FACE_OUTER_BOUND('',#1043,.T.);
#760=FACE_OUTER_BOUND('',#1044,.T.);
#761=FACE_OUTER_BOUND('',#1045,.T.);
#762=FACE_OUTER_BOUND('',#1046,.T.);
#763=FACE_OUTER_BOUND('',#1047,.T.);
#764=FACE_OUTER_BOUND('',#1048,.T.);
#765=FACE_OUTER_BOUND('',#1050,.T.);
#766=FACE_OUTER_BOUND('',#1051,.T.);
#767=FACE_OUTER_BOUND('',#1052,.T.);
#768=FACE_OUTER_BOUND('',#1053,.T.);
#769=FACE_OUTER_BOUND('',#1054,.T.);
#770=FACE_OUTER_BOUND('',#1055,.T.);
#771=FACE_OUTER_BOUND('',#1056,.T.);
#772=FACE_OUTER_BOUND('',#1057,.T.);
#773=FACE_OUTER_BOUND('',#1058,.T.);
#774=FACE_OUTER_BOUND('',#1059,.T.);
#775=FACE_OUTER_BOUND('',#1060,.T.);
#776=FACE_OUTER_BOUND('',#1061,.T.);
#777=FACE_OUTER_BOUND('',#1062,.T.);
#778=FACE_OUTER_BOUND('',#1063,.T.);
#779=FACE_OUTER_BOUND('',#1064,.T.);
#780=FACE_OUTER_BOUND('',#1066,.T.);
#781=FACE_OUTER_BOUND('',#1068,.T.);
#782=FACE_OUTER_BOUND('',#1070,.T.);
#783=FACE_OUTER_BOUND('',#1072,.T.);
#784=FACE_OUTER_BOUND('',#1074,.T.);
#785=FACE_OUTER_BOUND('',#1076,.T.);
#786=FACE_OUTER_BOUND('',#1078,.T.);
#787=FACE_OUTER_BOUND('',#1080,.T.);
#788=FACE_OUTER_BOUND('',#1082,.T.);
#789=FACE_OUTER_BOUND('',#1084,.T.);
#790=FACE_OUTER_BOUND('',#1085,.T.);
#791=FACE_OUTER_BOUND('',#1086,.T.);
#792=FACE_OUTER_BOUND('',#1088,.T.);
#793=FACE_OUTER_BOUND('',#1090,.T.);
#794=FACE_OUTER_BOUND('',#1092,.T.);
#795=FACE_OUTER_BOUND('',#1094,.T.);
#796=FACE_OUTER_BOUND('',#1096,.T.);
#797=FACE_OUTER_BOUND('',#1098,.T.);
#798=FACE_OUTER_BOUND('',#1100,.T.);
#799=EDGE_LOOP('',(#2266));
#800=EDGE_LOOP('',(#2267));
#801=EDGE_LOOP('',(#2268));
#802=EDGE_LOOP('',(#2269));
#803=EDGE_LOOP('',(#2270));
#804=EDGE_LOOP('',(#2271));
#805=EDGE_LOOP('',(#2272));
#806=EDGE_LOOP('',(#2273));
#807=EDGE_LOOP('',(#2274));
#808=EDGE_LOOP('',(#2275));
#809=EDGE_LOOP('',(#2276));
#810=EDGE_LOOP('',(#2277));
#811=EDGE_LOOP('',(#2278));
#812=EDGE_LOOP('',(#2279));
#813=EDGE_LOOP('',(#2280));
#814=EDGE_LOOP('',(#2281));
#815=EDGE_LOOP('',(#2282));
#816=EDGE_LOOP('',(#2283));
#817=EDGE_LOOP('',(#2284));
#818=EDGE_LOOP('',(#2285));
#819=EDGE_LOOP('',(#2286));
#820=EDGE_LOOP('',(#2287));
#821=EDGE_LOOP('',(#2288));
#822=EDGE_LOOP('',(#2289));
#823=EDGE_LOOP('',(#2290));
#824=EDGE_LOOP('',(#2291));
#825=EDGE_LOOP('',(#2292));
#826=EDGE_LOOP('',(#2293));
#827=EDGE_LOOP('',(#2294));
#828=EDGE_LOOP('',(#2295));
#829=EDGE_LOOP('',(#2296));
#830=EDGE_LOOP('',(#2297));
#831=EDGE_LOOP('',(#2298));
#832=EDGE_LOOP('',(#2299));
#833=EDGE_LOOP('',(#2300));
#834=EDGE_LOOP('',(#2301));
#835=EDGE_LOOP('',(#2302));
#836=EDGE_LOOP('',(#2303));
#837=EDGE_LOOP('',(#2304,#2305));
#838=EDGE_LOOP('',(#2306,#2307,#2308));
#839=EDGE_LOOP('',(#2309,#2310,#2311,#2312));
#840=EDGE_LOOP('',(#2313,#2314,#2315,#2316));
#841=EDGE_LOOP('',(#2317,#2318,#2319,#2320));
#842=EDGE_LOOP('',(#2321,#2322,#2323));
#843=EDGE_LOOP('',(#2324,#2325,#2326,#2327,#2328));
#844=EDGE_LOOP('',(#2329,#2330,#2331,#2332));
#845=EDGE_LOOP('',(#2333));
#846=EDGE_LOOP('',(#2334,#2335,#2336,#2337,#2338));
#847=EDGE_LOOP('',(#2339,#2340,#2341,#2342));
#848=EDGE_LOOP('',(#2343,#2344,#2345,#2346));
#849=EDGE_LOOP('',(#2347,#2348,#2349,#2350,#2351));
#850=EDGE_LOOP('',(#2352,#2353,#2354,#2355));
#851=EDGE_LOOP('',(#2356,#2357,#2358,#2359));
#852=EDGE_LOOP('',(#2360,#2361,#2362));
#853=EDGE_LOOP('',(#2363,#2364,#2365,#2366,#2367));
#854=EDGE_LOOP('',(#2368,#2369,#2370,#2371));
#855=EDGE_LOOP('',(#2372,#2373,#2374));
#856=EDGE_LOOP('',(#2375,#2376,#2377));
#857=EDGE_LOOP('',(#2378,#2379,#2380));
#858=EDGE_LOOP('',(#2381,#2382,#2383,#2384));
#859=EDGE_LOOP('',(#2385,#2386,#2387,#2388,#2389));
#860=EDGE_LOOP('',(#2390,#2391,#2392,#2393));
#861=EDGE_LOOP('',(#2394,#2395,#2396,#2397,#2398));
#862=EDGE_LOOP('',(#2399,#2400,#2401,#2402,#2403,#2404,#2405,#2406,#2407,
#2408,#2409,#2410,#2411,#2412,#2413,#2414,#2415,#2416));
#863=EDGE_LOOP('',(#2417,#2418,#2419,#2420,#2421,#2422,#2423,#2424,#2425,
#2426,#2427,#2428,#2429,#2430,#2431,#2432,#2433,#2434,#2435,#2436,#2437,
#2438,#2439,#2440,#2441,#2442,#2443,#2444,#2445));
#864=EDGE_LOOP('',(#2446,#2447,#2448));
#865=EDGE_LOOP('',(#2449,#2450,#2451,#2452));
#866=EDGE_LOOP('',(#2453,#2454,#2455,#2456));
#867=EDGE_LOOP('',(#2457,#2458,#2459,#2460));
#868=EDGE_LOOP('',(#2461,#2462,#2463,#2464));
#869=EDGE_LOOP('',(#2465,#2466,#2467,#2468));
#870=EDGE_LOOP('',(#2469,#2470,#2471,#2472));
#871=EDGE_LOOP('',(#2473,#2474,#2475));
#872=EDGE_LOOP('',(#2476,#2477,#2478,#2479));
#873=EDGE_LOOP('',(#2480,#2481,#2482,#2483));
#874=EDGE_LOOP('',(#2484,#2485,#2486,#2487));
#875=EDGE_LOOP('',(#2488));
#876=EDGE_LOOP('',(#2489,#2490,#2491,#2492));
#877=EDGE_LOOP('',(#2493,#2494,#2495));
#878=EDGE_LOOP('',(#2496,#2497,#2498,#2499));
#879=EDGE_LOOP('',(#2500,#2501,#2502,#2503));
#880=EDGE_LOOP('',(#2504,#2505,#2506,#2507));
#881=EDGE_LOOP('',(#2508,#2509,#2510));
#882=EDGE_LOOP('',(#2511,#2512,#2513,#2514,#2515));
#883=EDGE_LOOP('',(#2516,#2517,#2518,#2519));
#884=EDGE_LOOP('',(#2520));
#885=EDGE_LOOP('',(#2521,#2522,#2523,#2524,#2525));
#886=EDGE_LOOP('',(#2526,#2527,#2528,#2529));
#887=EDGE_LOOP('',(#2530,#2531,#2532,#2533,#2534));
#888=EDGE_LOOP('',(#2535,#2536,#2537,#2538));
#889=EDGE_LOOP('',(#2539,#2540,#2541,#2542));
#890=EDGE_LOOP('',(#2543,#2544,#2545,#2546,#2547));
#891=EDGE_LOOP('',(#2548,#2549,#2550,#2551));
#892=EDGE_LOOP('',(#2552,#2553,#2554));
#893=EDGE_LOOP('',(#2555,#2556,#2557));
#894=EDGE_LOOP('',(#2558,#2559,#2560,#2561,#2562,#2563));
#895=EDGE_LOOP('',(#2564));
#896=EDGE_LOOP('',(#2565,#2566,#2567,#2568));
#897=EDGE_LOOP('',(#2569,#2570,#2571,#2572,#2573,#2574));
#898=EDGE_LOOP('',(#2575));
#899=EDGE_LOOP('',(#2576,#2577,#2578,#2579));
#900=EDGE_LOOP('',(#2580,#2581,#2582,#2583));
#901=EDGE_LOOP('',(#2584,#2585,#2586,#2587));
#902=EDGE_LOOP('',(#2588,#2589,#2590,#2591));
#903=EDGE_LOOP('',(#2592,#2593,#2594,#2595));
#904=EDGE_LOOP('',(#2596,#2597,#2598,#2599,#2600,#2601,#2602,#2603,#2604,
#2605,#2606,#2607,#2608,#2609,#2610,#2611,#2612,#2613));
#905=EDGE_LOOP('',(#2614,#2615,#2616,#2617,#2618,#2619,#2620,#2621,#2622,
#2623,#2624,#2625,#2626,#2627,#2628,#2629,#2630,#2631,#2632,#2633,#2634,
#2635,#2636,#2637,#2638,#2639,#2640,#2641,#2642));
#906=EDGE_LOOP('',(#2643,#2644,#2645,#2646,#2647,#2648));
#907=EDGE_LOOP('',(#2649,#2650,#2651));
#908=EDGE_LOOP('',(#2652,#2653,#2654,#2655));
#909=EDGE_LOOP('',(#2656,#2657,#2658,#2659));
#910=EDGE_LOOP('',(#2660,#2661,#2662,#2663));
#911=EDGE_LOOP('',(#2664,#2665,#2666));
#912=EDGE_LOOP('',(#2667,#2668,#2669,#2670,#2671));
#913=EDGE_LOOP('',(#2672,#2673,#2674,#2675));
#914=EDGE_LOOP('',(#2676));
#915=EDGE_LOOP('',(#2677,#2678,#2679,#2680,#2681));
#916=EDGE_LOOP('',(#2682,#2683,#2684,#2685));
#917=EDGE_LOOP('',(#2686,#2687,#2688,#2689,#2690));
#918=EDGE_LOOP('',(#2691,#2692,#2693,#2694));
#919=EDGE_LOOP('',(#2695,#2696,#2697,#2698,#2699));
#920=EDGE_LOOP('',(#2700,#2701,#2702));
#921=EDGE_LOOP('',(#2703,#2704,#2705));
#922=EDGE_LOOP('',(#2706,#2707,#2708,#2709));
#923=EDGE_LOOP('',(#2710,#2711,#2712,#2713,#2714,#2715));
#924=EDGE_LOOP('',(#2716));
#925=EDGE_LOOP('',(#2717,#2718,#2719,#2720));
#926=EDGE_LOOP('',(#2721,#2722,#2723,#2724));
#927=EDGE_LOOP('',(#2725,#2726,#2727,#2728));
#928=EDGE_LOOP('',(#2729,#2730,#2731,#2732));
#929=EDGE_LOOP('',(#2733,#2734,#2735,#2736));
#930=EDGE_LOOP('',(#2737,#2738,#2739,#2740));
#931=EDGE_LOOP('',(#2741,#2742,#2743,#2744,#2745,#2746));
#932=EDGE_LOOP('',(#2747,#2748,#2749));
#933=EDGE_LOOP('',(#2750,#2751,#2752,#2753));
#934=EDGE_LOOP('',(#2754,#2755,#2756,#2757));
#935=EDGE_LOOP('',(#2758,#2759,#2760,#2761));
#936=EDGE_LOOP('',(#2762,#2763,#2764));
#937=EDGE_LOOP('',(#2765,#2766,#2767,#2768,#2769));
#938=EDGE_LOOP('',(#2770,#2771,#2772,#2773));
#939=EDGE_LOOP('',(#2774));
#940=EDGE_LOOP('',(#2775,#2776,#2777,#2778,#2779));
#941=EDGE_LOOP('',(#2780,#2781,#2782,#2783));
#942=EDGE_LOOP('',(#2784,#2785,#2786,#2787,#2788));
#943=EDGE_LOOP('',(#2789,#2790,#2791,#2792));
#944=EDGE_LOOP('',(#2793,#2794,#2795,#2796,#2797));
#945=EDGE_LOOP('',(#2798,#2799,#2800));
#946=EDGE_LOOP('',(#2801,#2802,#2803));
#947=EDGE_LOOP('',(#2804,#2805,#2806,#2807));
#948=EDGE_LOOP('',(#2808,#2809,#2810,#2811,#2812,#2813));
#949=EDGE_LOOP('',(#2814));
#950=EDGE_LOOP('',(#2815,#2816,#2817,#2818));
#951=EDGE_LOOP('',(#2819,#2820,#2821,#2822));
#952=EDGE_LOOP('',(#2823,#2824,#2825,#2826));
#953=EDGE_LOOP('',(#2827,#2828,#2829,#2830));
#954=EDGE_LOOP('',(#2831,#2832,#2833,#2834));
#955=EDGE_LOOP('',(#2835,#2836,#2837,#2838));
#956=EDGE_LOOP('',(#2839,#2840,#2841,#2842,#2843,#2844));
#957=EDGE_LOOP('',(#2845,#2846,#2847));
#958=EDGE_LOOP('',(#2848,#2849,#2850,#2851));
#959=EDGE_LOOP('',(#2852,#2853,#2854,#2855));
#960=EDGE_LOOP('',(#2856,#2857,#2858,#2859));
#961=EDGE_LOOP('',(#2860,#2861,#2862));
#962=EDGE_LOOP('',(#2863,#2864,#2865,#2866,#2867));
#963=EDGE_LOOP('',(#2868,#2869,#2870,#2871));
#964=EDGE_LOOP('',(#2872));
#965=EDGE_LOOP('',(#2873,#2874,#2875,#2876,#2877));
#966=EDGE_LOOP('',(#2878,#2879,#2880,#2881));
#967=EDGE_LOOP('',(#2882,#2883,#2884,#2885,#2886));
#968=EDGE_LOOP('',(#2887,#2888,#2889,#2890));
#969=EDGE_LOOP('',(#2891,#2892,#2893,#2894,#2895));
#970=EDGE_LOOP('',(#2896,#2897,#2898));
#971=EDGE_LOOP('',(#2899,#2900,#2901));
#972=EDGE_LOOP('',(#2902,#2903,#2904,#2905));
#973=EDGE_LOOP('',(#2906,#2907,#2908,#2909,#2910,#2911));
#974=EDGE_LOOP('',(#2912));
#975=EDGE_LOOP('',(#2913,#2914,#2915,#2916));
#976=EDGE_LOOP('',(#2917,#2918,#2919,#2920));
#977=EDGE_LOOP('',(#2921,#2922,#2923,#2924));
#978=EDGE_LOOP('',(#2925,#2926,#2927,#2928));
#979=EDGE_LOOP('',(#2929,#2930,#2931,#2932));
#980=EDGE_LOOP('',(#2933,#2934,#2935,#2936));
#981=EDGE_LOOP('',(#2937,#2938,#2939,#2940,#2941,#2942));
#982=EDGE_LOOP('',(#2943,#2944,#2945));
#983=EDGE_LOOP('',(#2946,#2947,#2948,#2949));
#984=EDGE_LOOP('',(#2950,#2951,#2952,#2953));
#985=EDGE_LOOP('',(#2954,#2955,#2956,#2957));
#986=EDGE_LOOP('',(#2958,#2959,#2960));
#987=EDGE_LOOP('',(#2961,#2962,#2963,#2964,#2965));
#988=EDGE_LOOP('',(#2966,#2967,#2968,#2969));
#989=EDGE_LOOP('',(#2970));
#990=EDGE_LOOP('',(#2971,#2972,#2973,#2974,#2975));
#991=EDGE_LOOP('',(#2976,#2977,#2978,#2979));
#992=EDGE_LOOP('',(#2980,#2981,#2982,#2983,#2984));
#993=EDGE_LOOP('',(#2985,#2986,#2987,#2988));
#994=EDGE_LOOP('',(#2989,#2990,#2991,#2992,#2993));
#995=EDGE_LOOP('',(#2994,#2995,#2996));
#996=EDGE_LOOP('',(#2997,#2998,#2999));
#997=EDGE_LOOP('',(#3000,#3001,#3002,#3003));
#998=EDGE_LOOP('',(#3004,#3005,#3006,#3007,#3008,#3009));
#999=EDGE_LOOP('',(#3010));
#1000=EDGE_LOOP('',(#3011,#3012,#3013,#3014));
#1001=EDGE_LOOP('',(#3015,#3016,#3017,#3018));
#1002=EDGE_LOOP('',(#3019,#3020,#3021,#3022));
#1003=EDGE_LOOP('',(#3023,#3024,#3025,#3026));
#1004=EDGE_LOOP('',(#3027,#3028,#3029,#3030));
#1005=EDGE_LOOP('',(#3031,#3032,#3033,#3034));
#1006=EDGE_LOOP('',(#3035,#3036,#3037,#3038,#3039,#3040));
#1007=EDGE_LOOP('',(#3041,#3042,#3043));
#1008=EDGE_LOOP('',(#3044,#3045,#3046,#3047));
#1009=EDGE_LOOP('',(#3048,#3049,#3050,#3051));
#1010=EDGE_LOOP('',(#3052,#3053,#3054,#3055));
#1011=EDGE_LOOP('',(#3056,#3057,#3058));
#1012=EDGE_LOOP('',(#3059,#3060,#3061,#3062,#3063));
#1013=EDGE_LOOP('',(#3064,#3065,#3066,#3067));
#1014=EDGE_LOOP('',(#3068));
#1015=EDGE_LOOP('',(#3069,#3070,#3071,#3072,#3073));
#1016=EDGE_LOOP('',(#3074,#3075,#3076,#3077));
#1017=EDGE_LOOP('',(#3078,#3079,#3080,#3081,#3082));
#1018=EDGE_LOOP('',(#3083,#3084,#3085,#3086));
#1019=EDGE_LOOP('',(#3087,#3088,#3089,#3090,#3091));
#1020=EDGE_LOOP('',(#3092,#3093,#3094));
#1021=EDGE_LOOP('',(#3095,#3096,#3097));
#1022=EDGE_LOOP('',(#3098,#3099,#3100,#3101));
#1023=EDGE_LOOP('',(#3102,#3103,#3104,#3105,#3106,#3107));
#1024=EDGE_LOOP('',(#3108));
#1025=EDGE_LOOP('',(#3109,#3110,#3111,#3112));
#1026=EDGE_LOOP('',(#3113,#3114,#3115,#3116));
#1027=EDGE_LOOP('',(#3117,#3118,#3119,#3120));
#1028=EDGE_LOOP('',(#3121,#3122,#3123,#3124));
#1029=EDGE_LOOP('',(#3125,#3126,#3127,#3128));
#1030=EDGE_LOOP('',(#3129,#3130,#3131,#3132));
#1031=EDGE_LOOP('',(#3133,#3134,#3135,#3136,#3137,#3138));
#1032=EDGE_LOOP('',(#3139,#3140,#3141));
#1033=EDGE_LOOP('',(#3142,#3143,#3144,#3145));
#1034=EDGE_LOOP('',(#3146,#3147,#3148,#3149));
#1035=EDGE_LOOP('',(#3150,#3151,#3152,#3153));
#1036=EDGE_LOOP('',(#3154,#3155,#3156));
#1037=EDGE_LOOP('',(#3157,#3158,#3159,#3160,#3161));
#1038=EDGE_LOOP('',(#3162,#3163,#3164,#3165));
#1039=EDGE_LOOP('',(#3166));
#1040=EDGE_LOOP('',(#3167,#3168,#3169,#3170,#3171));
#1041=EDGE_LOOP('',(#3172,#3173,#3174,#3175));
#1042=EDGE_LOOP('',(#3176,#3177,#3178,#3179,#3180));
#1043=EDGE_LOOP('',(#3181,#3182,#3183,#3184));
#1044=EDGE_LOOP('',(#3185,#3186,#3187,#3188,#3189));
#1045=EDGE_LOOP('',(#3190,#3191,#3192));
#1046=EDGE_LOOP('',(#3193,#3194,#3195));
#1047=EDGE_LOOP('',(#3196,#3197,#3198,#3199));
#1048=EDGE_LOOP('',(#3200,#3201,#3202,#3203,#3204,#3205));
#1049=EDGE_LOOP('',(#3206));
#1050=EDGE_LOOP('',(#3207,#3208,#3209,#3210));
#1051=EDGE_LOOP('',(#3211,#3212,#3213,#3214));
#1052=EDGE_LOOP('',(#3215,#3216,#3217,#3218));
#1053=EDGE_LOOP('',(#3219,#3220,#3221,#3222));
#1054=EDGE_LOOP('',(#3223,#3224,#3225,#3226));
#1055=EDGE_LOOP('',(#3227,#3228,#3229,#3230));
#1056=EDGE_LOOP('',(#3231,#3232,#3233,#3234,#3235,#3236));
#1057=EDGE_LOOP('',(#3237,#3238,#3239,#3240));
#1058=EDGE_LOOP('',(#3241,#3242,#3243,#3244));
#1059=EDGE_LOOP('',(#3245,#3246,#3247,#3248));
#1060=EDGE_LOOP('',(#3249,#3250,#3251,#3252));
#1061=EDGE_LOOP('',(#3253,#3254,#3255,#3256));
#1062=EDGE_LOOP('',(#3257,#3258,#3259,#3260));
#1063=EDGE_LOOP('',(#3261,#3262,#3263,#3264));
#1064=EDGE_LOOP('',(#3265));
#1065=EDGE_LOOP('',(#3266));
#1066=EDGE_LOOP('',(#3267));
#1067=EDGE_LOOP('',(#3268));
#1068=EDGE_LOOP('',(#3269));
#1069=EDGE_LOOP('',(#3270));
#1070=EDGE_LOOP('',(#3271));
#1071=EDGE_LOOP('',(#3272));
#1072=EDGE_LOOP('',(#3273));
#1073=EDGE_LOOP('',(#3274));
#1074=EDGE_LOOP('',(#3275));
#1075=EDGE_LOOP('',(#3276));
#1076=EDGE_LOOP('',(#3277));
#1077=EDGE_LOOP('',(#3278));
#1078=EDGE_LOOP('',(#3279));
#1079=EDGE_LOOP('',(#3280));
#1080=EDGE_LOOP('',(#3281));
#1081=EDGE_LOOP('',(#3282));
#1082=EDGE_LOOP('',(#3283,#3284,#3285,#3286,#3287,#3288));
#1083=EDGE_LOOP('',(#3289));
#1084=EDGE_LOOP('',(#3290,#3291,#3292,#3293,#3294,#3295));
#1085=EDGE_LOOP('',(#3296));
#1086=EDGE_LOOP('',(#3297));
#1087=EDGE_LOOP('',(#3298));
#1088=EDGE_LOOP('',(#3299));
#1089=EDGE_LOOP('',(#3300));
#1090=EDGE_LOOP('',(#3301));
#1091=EDGE_LOOP('',(#3302));
#1092=EDGE_LOOP('',(#3303));
#1093=EDGE_LOOP('',(#3304));
#1094=EDGE_LOOP('',(#3305));
#1095=EDGE_LOOP('',(#3306));
#1096=EDGE_LOOP('',(#3307));
#1097=EDGE_LOOP('',(#3308));
#1098=EDGE_LOOP('',(#3309));
#1099=EDGE_LOOP('',(#3310));
#1100=EDGE_LOOP('',(#3311));
#1101=CIRCLE('',#3768,17.);
#1102=CIRCLE('',#3769,16.9);
#1103=CIRCLE('',#3771,17.);
#1104=CIRCLE('',#3773,14.);
#1105=CIRCLE('',#3775,16.9);
#1106=CIRCLE('',#3776,17.);
#1107=CIRCLE('',#3778,17.);
#1108=CIRCLE('',#3780,14.);
#1109=CIRCLE('',#3783,12.5);
#1110=CIRCLE('',#3785,12.5);
#1111=CIRCLE('',#3789,22.05);
#1112=CIRCLE('',#3790,22.15);
#1113=CIRCLE('',#3792,24.5);
#1114=CIRCLE('',#3794,22.05);
#1115=CIRCLE('',#3796,26.);
#1116=CIRCLE('',#3797,24.5);
#1117=CIRCLE('',#3799,26.);
#1118=CIRCLE('',#3801,22.05);
#1119=CIRCLE('',#3804,22.05);
#1120=CIRCLE('',#3808,3.969);
#1121=CIRCLE('',#3810,0.100000000000001);
#1122=CIRCLE('',#3812,0.1);
#1123=CIRCLE('',#3815,0.1);
#1124=CIRCLE('',#3816,4.39098406752276);
#1125=CIRCLE('',#3817,4.48923835410863);
#1126=CIRCLE('',#3819,0.0999999999999991);
#1127=CIRCLE('',#3822,20.9);
#1128=CIRCLE('',#3823,0.1);
#1129=CIRCLE('',#3824,21.);
#1130=CIRCLE('',#3826,18.1);
#1131=CIRCLE('',#3827,4.48923835410863);
#1132=CIRCLE('',#3828,0.75);
#1133=CIRCLE('',#3830,18.);
#1134=CIRCLE('',#3831,0.099999999999998);
#1135=CIRCLE('',#3832,0.1);
#1136=CIRCLE('',#3834,0.100000000000002);
#1137=CIRCLE('',#3835,4.0677710112542);
#1138=CIRCLE('',#3836,0.1);
#1139=CIRCLE('',#3837,3.96780121495894);
#1140=CIRCLE('',#3838,0.100000000000001);
#1141=CIRCLE('',#3839,0.100000000023209);
#1142=CIRCLE('',#3841,20.9);
#1143=CIRCLE('',#3842,0.1);
#1144=CIRCLE('',#3843,21.);
#1145=CIRCLE('',#3845,0.0999999999999996);
#1146=CIRCLE('',#3846,4.0677710112542);
#1147=CIRCLE('',#3847,0.1);
#1148=CIRCLE('',#3848,3.96780121495894);
#1149=CIRCLE('',#3850,0.1);
#1150=CIRCLE('',#3851,0.1);
#1151=CIRCLE('',#3852,0.100000000014438);
#1152=CIRCLE('',#3854,18.);
#1153=CIRCLE('',#3855,0.100000000000002);
#1154=CIRCLE('',#3856,18.1);
#1155=CIRCLE('',#3858,0.1);
#1156=CIRCLE('',#3860,0.1);
#1157=CIRCLE('',#3862,0.1);
#1158=CIRCLE('',#3864,3.969);
#1159=CIRCLE('',#3865,0.0999999999981448);
#1160=CIRCLE('',#3867,3.969);
#1161=CIRCLE('',#3868,0.100000000008666);
#1162=CIRCLE('',#3870,18.);
#1163=CIRCLE('',#3871,18.);
#1164=CIRCLE('',#3872,18.);
#1165=CIRCLE('',#3873,18.);
#1166=CIRCLE('',#3874,18.);
#1167=CIRCLE('',#3875,18.);
#1168=CIRCLE('',#3876,18.);
#1169=CIRCLE('',#3877,18.);
#1170=CIRCLE('',#3878,18.);
#1171=CIRCLE('',#3880,18.);
#1172=CIRCLE('',#3881,18.);
#1173=CIRCLE('',#3882,18.);
#1174=CIRCLE('',#3883,18.);
#1175=CIRCLE('',#3884,18.);
#1176=CIRCLE('',#3885,18.);
#1177=CIRCLE('',#3886,18.);
#1178=CIRCLE('',#3887,0.100000000000001);
#1179=CIRCLE('',#3888,0.0999999999999992);
#1180=CIRCLE('',#3889,0.1);
#1181=CIRCLE('',#3890,0.100000000000003);
#1182=CIRCLE('',#3892,0.0999999999999936);
#1183=CIRCLE('',#3893,20.9);
#1184=CIRCLE('',#3894,21.);
#1185=CIRCLE('',#3896,4.48923835410863);
#1186=CIRCLE('',#3897,4.39098406752276);
#1187=CIRCLE('',#3899,0.1);
#1188=CIRCLE('',#3900,18.1);
#1189=CIRCLE('',#3902,0.0999999997422168);
#1190=CIRCLE('',#3904,4.48923835410864);
#1191=CIRCLE('',#3905,0.75);
#1192=CIRCLE('',#3907,4.39098406752276);
#1193=CIRCLE('',#3908,0.100000000000002);
#1194=CIRCLE('',#3910,0.1);
#1195=CIRCLE('',#3913,0.1);
#1196=CIRCLE('',#3914,4.39098406752276);
#1197=CIRCLE('',#3915,4.48923835410863);
#1198=CIRCLE('',#3917,0.100000000000001);
#1199=CIRCLE('',#3920,20.9);
#1200=CIRCLE('',#3921,0.1);
#1201=CIRCLE('',#3922,21.);
#1202=CIRCLE('',#3924,18.1);
#1203=CIRCLE('',#3925,4.48923835410863);
#1204=CIRCLE('',#3926,0.75);
#1205=CIRCLE('',#3928,0.0999999999999996);
#1206=CIRCLE('',#3929,0.0999999999999998);
#1207=CIRCLE('',#3930,0.0999999999999991);
#1208=CIRCLE('',#3931,0.0999999999931426);
#1209=CIRCLE('',#3933,18.1);
#1210=CIRCLE('',#3935,0.0999999999999995);
#1211=CIRCLE('',#3936,4.0677710112542);
#1212=CIRCLE('',#3937,0.1);
#1213=CIRCLE('',#3938,3.96780121495894);
#1214=CIRCLE('',#3939,0.100000000000003);
#1215=CIRCLE('',#3940,0.100000000004207);
#1216=CIRCLE('',#3942,21.);
#1217=CIRCLE('',#3943,20.9);
#1218=CIRCLE('',#3945,0.1);
#1219=CIRCLE('',#3947,0.1);
#1220=CIRCLE('',#3949,3.969);
#1221=CIRCLE('',#3950,0.75);
#1222=CIRCLE('',#3952,18.1);
#1223=CIRCLE('',#3954,20.9);
#1224=CIRCLE('',#3955,0.0999999999987799);
#1225=CIRCLE('',#3956,3.969);
#1226=CIRCLE('',#3957,0.100000000030611);
#1227=CIRCLE('',#3958,0.75);
#1228=CIRCLE('',#3960,21.);
#1229=CIRCLE('',#3961,0.100000000000002);
#1230=CIRCLE('',#3963,4.39098406752276);
#1231=CIRCLE('',#3965,21.);
#1232=CIRCLE('',#3966,21.);
#1233=CIRCLE('',#3967,21.);
#1234=CIRCLE('',#3968,21.);
#1235=CIRCLE('',#3969,21.);
#1236=CIRCLE('',#3970,21.);
#1237=CIRCLE('',#3971,21.);
#1238=CIRCLE('',#3972,21.);
#1239=CIRCLE('',#3973,21.);
#1240=CIRCLE('',#3974,21.);
#1241=CIRCLE('',#3975,21.);
#1242=CIRCLE('',#3976,21.);
#1243=CIRCLE('',#3978,0.0999999999999998);
#1244=CIRCLE('',#3980,0.1);
#1245=CIRCLE('',#3983,0.1);
#1246=CIRCLE('',#3984,4.39098406752276);
#1247=CIRCLE('',#3985,4.48923835410863);
#1248=CIRCLE('',#3987,0.1);
#1249=CIRCLE('',#3990,20.9);
#1250=CIRCLE('',#3991,0.1);
#1251=CIRCLE('',#3993,18.1);
#1252=CIRCLE('',#3994,4.48923835410863);
#1253=CIRCLE('',#3995,0.75);
#1254=CIRCLE('',#3997,0.0999999999999966);
#1255=CIRCLE('',#3998,0.100000000000002);
#1256=CIRCLE('',#3999,0.0999999999999991);
#1257=CIRCLE('',#4001,0.0999999999999983);
#1258=CIRCLE('',#4002,4.0677710112542);
#1259=CIRCLE('',#4003,0.1);
#1260=CIRCLE('',#4004,3.96780121495894);
#1261=CIRCLE('',#4005,0.100000000000003);
#1262=CIRCLE('',#4007,0.1);
#1263=CIRCLE('',#4009,0.1);
#1264=CIRCLE('',#4011,18.1);
#1265=CIRCLE('',#4013,20.9);
#1266=CIRCLE('',#4014,0.10000000001597);
#1267=CIRCLE('',#4015,3.969);
#1268=CIRCLE('',#4016,0.100000000054192);
#1269=CIRCLE('',#4017,0.75);
#1270=CIRCLE('',#4020,0.100000000000002);
#1271=CIRCLE('',#4022,4.39098406752276);
#1272=CIRCLE('',#4024,0.0999999999999989);
#1273=CIRCLE('',#4026,0.1);
#1274=CIRCLE('',#4029,0.1);
#1275=CIRCLE('',#4030,4.39098406752276);
#1276=CIRCLE('',#4031,4.48923835410864);
#1277=CIRCLE('',#4033,0.100000000000003);
#1278=CIRCLE('',#4036,20.9);
#1279=CIRCLE('',#4037,0.1);
#1280=CIRCLE('',#4039,18.1);
#1281=CIRCLE('',#4040,4.48923835410863);
#1282=CIRCLE('',#4041,0.75);
#1283=CIRCLE('',#4043,0.1);
#1284=CIRCLE('',#4044,0.1);
#1285=CIRCLE('',#4045,0.0999999999999994);
#1286=CIRCLE('',#4047,0.1);
#1287=CIRCLE('',#4048,4.0677710112542);
#1288=CIRCLE('',#4049,0.1);
#1289=CIRCLE('',#4050,3.96780121495894);
#1290=CIRCLE('',#4051,0.100000000000001);
#1291=CIRCLE('',#4053,0.1);
#1292=CIRCLE('',#4055,0.1);
#1293=CIRCLE('',#4057,18.1);
#1294=CIRCLE('',#4059,20.9);
#1295=CIRCLE('',#4060,0.0999999999993361);
#1296=CIRCLE('',#4061,3.969);
#1297=CIRCLE('',#4062,0.100000000019902);
#1298=CIRCLE('',#4063,0.75);
#1299=CIRCLE('',#4066,0.0999999999999997);
#1300=CIRCLE('',#4068,4.39098406752276);
#1301=CIRCLE('',#4070,0.0999999999999996);
#1302=CIRCLE('',#4072,0.1);
#1303=CIRCLE('',#4075,0.1);
#1304=CIRCLE('',#4076,4.39098406752276);
#1305=CIRCLE('',#4077,4.48923835410863);
#1306=CIRCLE('',#4079,0.100000000000001);
#1307=CIRCLE('',#4082,20.9);
#1308=CIRCLE('',#4083,0.1);
#1309=CIRCLE('',#4085,18.1);
#1310=CIRCLE('',#4086,4.48923835410864);
#1311=CIRCLE('',#4087,0.75);
#1312=CIRCLE('',#4089,0.0999999999999984);
#1313=CIRCLE('',#4090,0.100000000000001);
#1314=CIRCLE('',#4091,0.1);
#1315=CIRCLE('',#4093,0.0999999999999981);
#1316=CIRCLE('',#4094,4.0677710112542);
#1317=CIRCLE('',#4095,0.1);
#1318=CIRCLE('',#4096,3.96780121495894);
#1319=CIRCLE('',#4097,0.100000000000002);
#1320=CIRCLE('',#4099,0.1);
#1321=CIRCLE('',#4101,0.1);
#1322=CIRCLE('',#4103,18.1);
#1323=CIRCLE('',#4105,20.9);
#1324=CIRCLE('',#4106,0.0999999999999348);
#1325=CIRCLE('',#4107,3.969);
#1326=CIRCLE('',#4108,0.100000000020787);
#1327=CIRCLE('',#4109,0.75);
#1328=CIRCLE('',#4112,0.100000000000001);
#1329=CIRCLE('',#4114,4.39098406752276);
#1330=CIRCLE('',#4116,0.100000000000002);
#1331=CIRCLE('',#4118,0.1);
#1332=CIRCLE('',#4121,0.1);
#1333=CIRCLE('',#4122,4.39098406752276);
#1334=CIRCLE('',#4123,4.48923835410863);
#1335=CIRCLE('',#4125,0.0999999999999998);
#1336=CIRCLE('',#4128,20.9);
#1337=CIRCLE('',#4129,0.1);
#1338=CIRCLE('',#4131,18.1);
#1339=CIRCLE('',#4132,4.48923835410863);
#1340=CIRCLE('',#4133,0.75);
#1341=CIRCLE('',#4135,0.100000000000001);
#1342=CIRCLE('',#4136,0.100000000000003);
#1343=CIRCLE('',#4137,0.0999999999999995);
#1344=CIRCLE('',#4139,0.0999999999999995);
#1345=CIRCLE('',#4140,4.0677710112542);
#1346=CIRCLE('',#4141,0.1);
#1347=CIRCLE('',#4142,3.96780121495894);
#1348=CIRCLE('',#4143,0.100000000000001);
#1349=CIRCLE('',#4145,0.1);
#1350=CIRCLE('',#4147,0.1);
#1351=CIRCLE('',#4149,18.1);
#1352=CIRCLE('',#4151,20.9);
#1353=CIRCLE('',#4152,0.0999999999974538);
#1354=CIRCLE('',#4153,3.969);
#1355=CIRCLE('',#4154,0.0999999999993945);
#1356=CIRCLE('',#4155,0.75);
#1357=CIRCLE('',#4158,0.100000000000002);
#1358=CIRCLE('',#4160,4.39098406752276);
#1359=CIRCLE('',#4162,0.1);
#1360=CIRCLE('',#4164,0.1);
#1361=CIRCLE('',#4167,0.1);
#1362=CIRCLE('',#4168,4.39098406752276);
#1363=CIRCLE('',#4169,4.48923835410863);
#1364=CIRCLE('',#4171,0.0999999999999987);
#1365=CIRCLE('',#4174,20.9);
#1366=CIRCLE('',#4175,0.1);
#1367=CIRCLE('',#4177,18.1);
#1368=CIRCLE('',#4178,4.48923835410863);
#1369=CIRCLE('',#4179,0.75);
#1370=CIRCLE('',#4181,0.0999999999999997);
#1371=CIRCLE('',#4182,0.100000000000001);
#1372=CIRCLE('',#4183,0.0999999999999979);
#1373=CIRCLE('',#4185,0.0999999999999997);
#1374=CIRCLE('',#4186,4.0677710112542);
#1375=CIRCLE('',#4187,0.1);
#1376=CIRCLE('',#4188,3.96780121495894);
#1377=CIRCLE('',#4189,0.100000000000003);
#1378=CIRCLE('',#4191,0.1);
#1379=CIRCLE('',#4193,0.1);
#1380=CIRCLE('',#4195,18.1);
#1381=CIRCLE('',#4197,20.9);
#1382=CIRCLE('',#4198,0.100000000015916);
#1383=CIRCLE('',#4199,3.969);
#1384=CIRCLE('',#4200,0.100000000170422);
#1385=CIRCLE('',#4201,0.75);
#1386=CIRCLE('',#4204,0.100000000000004);
#1387=CIRCLE('',#4206,4.39098406752276);
#1388=CIRCLE('',#4208,0.0999999999999994);
#1389=CIRCLE('',#4210,0.1);
#1390=CIRCLE('',#4213,0.1);
#1391=CIRCLE('',#4214,4.39098406752276);
#1392=CIRCLE('',#4215,4.48923835410863);
#1393=CIRCLE('',#4217,0.100000000000002);
#1394=CIRCLE('',#4220,20.9);
#1395=CIRCLE('',#4221,0.1);
#1396=CIRCLE('',#4223,18.1);
#1397=CIRCLE('',#4224,4.48923835410863);
#1398=CIRCLE('',#4225,0.75);
#1399=CIRCLE('',#4227,0.1);
#1400=CIRCLE('',#4228,0.100000000000002);
#1401=CIRCLE('',#4229,0.0999999999999995);
#1402=CIRCLE('',#4231,0.100000000000001);
#1403=CIRCLE('',#4232,4.0677710112542);
#1404=CIRCLE('',#4233,0.1);
#1405=CIRCLE('',#4234,3.96780121495894);
#1406=CIRCLE('',#4235,0.100000000000001);
#1407=CIRCLE('',#4237,0.1);
#1408=CIRCLE('',#4239,0.1);
#1409=CIRCLE('',#4241,18.1);
#1410=CIRCLE('',#4243,20.9);
#1411=CIRCLE('',#4244,0.75);
#1412=CIRCLE('',#4247,0.100000000000002);
#1413=CIRCLE('',#4249,4.39098406752276);
#1414=CIRCLE('',#4252,0.1);
#1415=CIRCLE('',#4253,0.0999999999999989);
#1416=CIRCLE('',#4255,4.39098406752276);
#1417=CIRCLE('',#4262,0.75);
#1418=CIRCLE('',#4271,0.800000000000001);
#1419=CIRCLE('',#4273,1.);
#1420=CIRCLE('',#4275,1.);
#1421=CIRCLE('',#4277,0.75);
#1422=CIRCLE('',#4279,0.75);
#1423=CIRCLE('',#4281,1.);
#1424=CIRCLE('',#4283,1.);
#1425=CIRCLE('',#4285,0.8);
#1426=VERTEX_POINT('',#5400);
#1427=VERTEX_POINT('',#5402);
#1428=VERTEX_POINT('',#5405);
#1429=VERTEX_POINT('',#5408);
#1430=VERTEX_POINT('',#5411);
#1431=VERTEX_POINT('',#5413);
#1432=VERTEX_POINT('',#5416);
#1433=VERTEX_POINT('',#5419);
#1434=VERTEX_POINT('',#5423);
#1435=VERTEX_POINT('',#5426);
#1436=VERTEX_POINT('',#5431);
#1437=VERTEX_POINT('',#5433);
#1438=VERTEX_POINT('',#5436);
#1439=VERTEX_POINT('',#5439);
#1440=VERTEX_POINT('',#5442);
#1441=VERTEX_POINT('',#5444);
#1442=VERTEX_POINT('',#5447);
#1443=VERTEX_POINT('',#5450);
#1444=VERTEX_POINT('',#5454);
#1445=VERTEX_POINT('',#5460);
#1446=VERTEX_POINT('',#5461);
#1447=VERTEX_POINT('',#5487);
#1448=VERTEX_POINT('',#5488);
#1449=VERTEX_POINT('',#5490);
#1450=VERTEX_POINT('',#5523);
#1451=VERTEX_POINT('',#5525);
#1452=VERTEX_POINT('',#5529);
#1453=VERTEX_POINT('',#5530);
#1454=VERTEX_POINT('',#5554);
#1455=VERTEX_POINT('',#5556);
#1456=VERTEX_POINT('',#5589);
#1457=VERTEX_POINT('',#5603);
#1458=VERTEX_POINT('',#5605);
#1459=VERTEX_POINT('',#5609);
#1460=VERTEX_POINT('',#5612);
#1461=VERTEX_POINT('',#5615);
#1462=VERTEX_POINT('',#5653);
#1463=VERTEX_POINT('',#5661);
#1464=VERTEX_POINT('',#5671);
#1465=VERTEX_POINT('',#5672);
#1466=VERTEX_POINT('',#5674);
#1467=VERTEX_POINT('',#5676);
#1468=VERTEX_POINT('',#5742);
#1469=VERTEX_POINT('',#5743);
#1470=VERTEX_POINT('',#5754);
#1471=VERTEX_POINT('',#5764);
#1472=VERTEX_POINT('',#5807);
#1473=VERTEX_POINT('',#5809);
#1474=VERTEX_POINT('',#5813);
#1475=VERTEX_POINT('',#5815);
#1476=VERTEX_POINT('',#5817);
#1477=VERTEX_POINT('',#5882);
#1478=VERTEX_POINT('',#5893);
#1479=VERTEX_POINT('',#5895);
#1480=VERTEX_POINT('',#5906);
#1481=VERTEX_POINT('',#5949);
#1482=VERTEX_POINT('',#6017);
#1483=VERTEX_POINT('',#6026);
#1484=VERTEX_POINT('',#6028);
#1485=VERTEX_POINT('',#6078);
#1486=VERTEX_POINT('',#6157);
#1487=VERTEX_POINT('',#6169);
#1488=VERTEX_POINT('',#6209);
#1489=VERTEX_POINT('',#6211);
#1490=VERTEX_POINT('',#6222);
#1491=VERTEX_POINT('',#6224);
#1492=VERTEX_POINT('',#6235);
#1493=VERTEX_POINT('',#6237);
#1494=VERTEX_POINT('',#6248);
#1495=VERTEX_POINT('',#6250);
#1496=VERTEX_POINT('',#6261);
#1497=VERTEX_POINT('',#6263);
#1498=VERTEX_POINT('',#6273);
#1499=VERTEX_POINT('',#6275);
#1500=VERTEX_POINT('',#6286);
#1501=VERTEX_POINT('',#6288);
#1502=VERTEX_POINT('',#6300);
#1503=VERTEX_POINT('',#6306);
#1504=VERTEX_POINT('',#6308);
#1505=VERTEX_POINT('',#6314);
#1506=VERTEX_POINT('',#6316);
#1507=VERTEX_POINT('',#6324);
#1508=VERTEX_POINT('',#6330);
#1509=VERTEX_POINT('',#6332);
#1510=VERTEX_POINT('',#6340);
#1511=VERTEX_POINT('',#6346);
#1512=VERTEX_POINT('',#6348);
#1513=VERTEX_POINT('',#6356);
#1514=VERTEX_POINT('',#6362);
#1515=VERTEX_POINT('',#6364);
#1516=VERTEX_POINT('',#6372);
#1517=VERTEX_POINT('',#6378);
#1518=VERTEX_POINT('',#6380);
#1519=VERTEX_POINT('',#6388);
#1520=VERTEX_POINT('',#6394);
#1521=VERTEX_POINT('',#6396);
#1522=VERTEX_POINT('',#6404);
#1523=VERTEX_POINT('',#6410);
#1524=VERTEX_POINT('',#6412);
#1525=VERTEX_POINT('',#6420);
#1526=VERTEX_POINT('',#6426);
#1527=VERTEX_POINT('',#6428);
#1528=VERTEX_POINT('',#6465);
#1529=VERTEX_POINT('',#6508);
#1530=VERTEX_POINT('',#6545);
#1531=VERTEX_POINT('',#6546);
#1532=VERTEX_POINT('',#6553);
#1533=VERTEX_POINT('',#6555);
#1534=VERTEX_POINT('',#6564);
#1535=VERTEX_POINT('',#6565);
#1536=VERTEX_POINT('',#6622);
#1537=VERTEX_POINT('',#6645);
#1538=VERTEX_POINT('',#6646);
#1539=VERTEX_POINT('',#6648);
#1540=VERTEX_POINT('',#6730);
#1541=VERTEX_POINT('',#6758);
#1542=VERTEX_POINT('',#6759);
#1543=VERTEX_POINT('',#6793);
#1544=VERTEX_POINT('',#6795);
#1545=VERTEX_POINT('',#6799);
#1546=VERTEX_POINT('',#6800);
#1547=VERTEX_POINT('',#6824);
#1548=VERTEX_POINT('',#6826);
#1549=VERTEX_POINT('',#6859);
#1550=VERTEX_POINT('',#6873);
#1551=VERTEX_POINT('',#6875);
#1552=VERTEX_POINT('',#6879);
#1553=VERTEX_POINT('',#6882);
#1554=VERTEX_POINT('',#6921);
#1555=VERTEX_POINT('',#6990);
#1556=VERTEX_POINT('',#6991);
#1557=VERTEX_POINT('',#7003);
#1558=VERTEX_POINT('',#7048);
#1559=VERTEX_POINT('',#7049);
#1560=VERTEX_POINT('',#7051);
#1561=VERTEX_POINT('',#7118);
#1562=VERTEX_POINT('',#7119);
#1563=VERTEX_POINT('',#7130);
#1564=VERTEX_POINT('',#7140);
#1565=VERTEX_POINT('',#7191);
#1566=VERTEX_POINT('',#7194);
#1567=VERTEX_POINT('',#7237);
#1568=VERTEX_POINT('',#7239);
#1569=VERTEX_POINT('',#7241);
#1570=VERTEX_POINT('',#7244);
#1571=VERTEX_POINT('',#7247);
#1572=VERTEX_POINT('',#7344);
#1573=VERTEX_POINT('',#7350);
#1574=VERTEX_POINT('',#7409);
#1575=VERTEX_POINT('',#7411);
#1576=VERTEX_POINT('',#7421);
#1577=VERTEX_POINT('',#7423);
#1578=VERTEX_POINT('',#7433);
#1579=VERTEX_POINT('',#7435);
#1580=VERTEX_POINT('',#7444);
#1581=VERTEX_POINT('',#7446);
#1582=VERTEX_POINT('',#7456);
#1583=VERTEX_POINT('',#7458);
#1584=VERTEX_POINT('',#7467);
#1585=VERTEX_POINT('',#7477);
#1586=VERTEX_POINT('',#7483);
#1587=VERTEX_POINT('',#7491);
#1588=VERTEX_POINT('',#7493);
#1589=VERTEX_POINT('',#7500);
#1590=VERTEX_POINT('',#7508);
#1591=VERTEX_POINT('',#7510);
#1592=VERTEX_POINT('',#7517);
#1593=VERTEX_POINT('',#7525);
#1594=VERTEX_POINT('',#7527);
#1595=VERTEX_POINT('',#7533);
#1596=VERTEX_POINT('',#7541);
#1597=VERTEX_POINT('',#7543);
#1598=VERTEX_POINT('',#7550);
#1599=VERTEX_POINT('',#7558);
#1600=VERTEX_POINT('',#7560);
#1601=VERTEX_POINT('',#7566);
#1602=VERTEX_POINT('',#7574);
#1603=VERTEX_POINT('',#7576);
#1604=VERTEX_POINT('',#7614);
#1605=VERTEX_POINT('',#7615);
#1606=VERTEX_POINT('',#7649);
#1607=VERTEX_POINT('',#7651);
#1608=VERTEX_POINT('',#7655);
#1609=VERTEX_POINT('',#7656);
#1610=VERTEX_POINT('',#7680);
#1611=VERTEX_POINT('',#7682);
#1612=VERTEX_POINT('',#7728);
#1613=VERTEX_POINT('',#7732);
#1614=VERTEX_POINT('',#7735);
#1615=VERTEX_POINT('',#7774);
#1616=VERTEX_POINT('',#7843);
#1617=VERTEX_POINT('',#7856);
#1618=VERTEX_POINT('',#7857);
#1619=VERTEX_POINT('',#7859);
#1620=VERTEX_POINT('',#7933);
#1621=VERTEX_POINT('',#7976);
#1622=VERTEX_POINT('',#7978);
#1623=VERTEX_POINT('',#7980);
#1624=VERTEX_POINT('',#7983);
#1625=VERTEX_POINT('',#8082);
#1626=VERTEX_POINT('',#8158);
#1627=VERTEX_POINT('',#8159);
#1628=VERTEX_POINT('',#8193);
#1629=VERTEX_POINT('',#8195);
#1630=VERTEX_POINT('',#8199);
#1631=VERTEX_POINT('',#8200);
#1632=VERTEX_POINT('',#8224);
#1633=VERTEX_POINT('',#8226);
#1634=VERTEX_POINT('',#8272);
#1635=VERTEX_POINT('',#8276);
#1636=VERTEX_POINT('',#8279);
#1637=VERTEX_POINT('',#8318);
#1638=VERTEX_POINT('',#8387);
#1639=VERTEX_POINT('',#8400);
#1640=VERTEX_POINT('',#8401);
#1641=VERTEX_POINT('',#8403);
#1642=VERTEX_POINT('',#8477);
#1643=VERTEX_POINT('',#8520);
#1644=VERTEX_POINT('',#8522);
#1645=VERTEX_POINT('',#8524);
#1646=VERTEX_POINT('',#8527);
#1647=VERTEX_POINT('',#8631);
#1648=VERTEX_POINT('',#8708);
#1649=VERTEX_POINT('',#8709);
#1650=VERTEX_POINT('',#8743);
#1651=VERTEX_POINT('',#8745);
#1652=VERTEX_POINT('',#8749);
#1653=VERTEX_POINT('',#8750);
#1654=VERTEX_POINT('',#8774);
#1655=VERTEX_POINT('',#8776);
#1656=VERTEX_POINT('',#8822);
#1657=VERTEX_POINT('',#8826);
#1658=VERTEX_POINT('',#8829);
#1659=VERTEX_POINT('',#8868);
#1660=VERTEX_POINT('',#8937);
#1661=VERTEX_POINT('',#8950);
#1662=VERTEX_POINT('',#8951);
#1663=VERTEX_POINT('',#8953);
#1664=VERTEX_POINT('',#9035);
#1665=VERTEX_POINT('',#9078);
#1666=VERTEX_POINT('',#9080);
#1667=VERTEX_POINT('',#9082);
#1668=VERTEX_POINT('',#9085);
#1669=VERTEX_POINT('',#9189);
#1670=VERTEX_POINT('',#9266);
#1671=VERTEX_POINT('',#9267);
#1672=VERTEX_POINT('',#9301);
#1673=VERTEX_POINT('',#9303);
#1674=VERTEX_POINT('',#9307);
#1675=VERTEX_POINT('',#9308);
#1676=VERTEX_POINT('',#9332);
#1677=VERTEX_POINT('',#9334);
#1678=VERTEX_POINT('',#9380);
#1679=VERTEX_POINT('',#9384);
#1680=VERTEX_POINT('',#9387);
#1681=VERTEX_POINT('',#9426);
#1682=VERTEX_POINT('',#9489);
#1683=VERTEX_POINT('',#9501);
#1684=VERTEX_POINT('',#9502);
#1685=VERTEX_POINT('',#9504);
#1686=VERTEX_POINT('',#9578);
#1687=VERTEX_POINT('',#9621);
#1688=VERTEX_POINT('',#9623);
#1689=VERTEX_POINT('',#9625);
#1690=VERTEX_POINT('',#9628);
#1691=VERTEX_POINT('',#9727);
#1692=VERTEX_POINT('',#9803);
#1693=VERTEX_POINT('',#9804);
#1694=VERTEX_POINT('',#9838);
#1695=VERTEX_POINT('',#9840);
#1696=VERTEX_POINT('',#9844);
#1697=VERTEX_POINT('',#9845);
#1698=VERTEX_POINT('',#9869);
#1699=VERTEX_POINT('',#9871);
#1700=VERTEX_POINT('',#9917);
#1701=VERTEX_POINT('',#9921);
#1702=VERTEX_POINT('',#9924);
#1703=VERTEX_POINT('',#9963);
#1704=VERTEX_POINT('',#10032);
#1705=VERTEX_POINT('',#10045);
#1706=VERTEX_POINT('',#10046);
#1707=VERTEX_POINT('',#10048);
#1708=VERTEX_POINT('',#10130);
#1709=VERTEX_POINT('',#10173);
#1710=VERTEX_POINT('',#10175);
#1711=VERTEX_POINT('',#10177);
#1712=VERTEX_POINT('',#10180);
#1713=VERTEX_POINT('',#10284);
#1714=VERTEX_POINT('',#10361);
#1715=VERTEX_POINT('',#10362);
#1716=VERTEX_POINT('',#10396);
#1717=VERTEX_POINT('',#10398);
#1718=VERTEX_POINT('',#10402);
#1719=VERTEX_POINT('',#10403);
#1720=VERTEX_POINT('',#10427);
#1721=VERTEX_POINT('',#10429);
#1722=VERTEX_POINT('',#10475);
#1723=VERTEX_POINT('',#10479);
#1724=VERTEX_POINT('',#10482);
#1725=VERTEX_POINT('',#10521);
#1726=VERTEX_POINT('',#10590);
#1727=VERTEX_POINT('',#10603);
#1728=VERTEX_POINT('',#10604);
#1729=VERTEX_POINT('',#10606);
#1730=VERTEX_POINT('',#10691);
#1731=VERTEX_POINT('',#10750);
#1732=VERTEX_POINT('',#10828);
#1733=VERTEX_POINT('',#10860);
#1734=VERTEX_POINT('',#10959);
#1735=VERTEX_POINT('',#10969);
#1736=VERTEX_POINT('',#10972);
#1737=VERTEX_POINT('',#10975);
#1738=VERTEX_POINT('',#10978);
#1739=VERTEX_POINT('',#10981);
#1740=VERTEX_POINT('',#10984);
#1741=VERTEX_POINT('',#10987);
#1742=VERTEX_POINT('',#10990);
#1743=EDGE_CURVE('',#1426,#1426,#1101,.T.);
#1744=EDGE_CURVE('',#1427,#1427,#1102,.T.);
#1745=EDGE_CURVE('',#1428,#1428,#1103,.T.);
#1746=EDGE_CURVE('',#1429,#1429,#1104,.T.);
#1747=EDGE_CURVE('',#1430,#1430,#1105,.T.);
#1748=EDGE_CURVE('',#1431,#1431,#1106,.T.);
#1749=EDGE_CURVE('',#1432,#1432,#1107,.T.);
#1750=EDGE_CURVE('',#1433,#1433,#1108,.T.);
#1751=EDGE_CURVE('',#1434,#1434,#1109,.T.);
#1752=EDGE_CURVE('',#1435,#1435,#1110,.T.);
#1753=EDGE_CURVE('',#1436,#1436,#1111,.T.);
#1754=EDGE_CURVE('',#1437,#1437,#1112,.T.);
#1755=EDGE_CURVE('',#1438,#1438,#1113,.T.);
#1756=EDGE_CURVE('',#1439,#1439,#1114,.T.);
#1757=EDGE_CURVE('',#1440,#1440,#1115,.T.);
#1758=EDGE_CURVE('',#1441,#1441,#1116,.T.);
#1759=EDGE_CURVE('',#1442,#1442,#1117,.T.);
#1760=EDGE_CURVE('',#1443,#1443,#1118,.T.);
#1761=EDGE_CURVE('',#1444,#1444,#1119,.T.);
#1762=EDGE_CURVE('',#1445,#1446,#1120,.T.);
#1763=EDGE_CURVE('',#1447,#1448,#1121,.T.);
#1764=EDGE_CURVE('',#1448,#1449,#133,.T.);
#1765=EDGE_CURVE('',#1449,#1447,#134,.T.);
#1766=EDGE_CURVE('',#1447,#1450,#99,.T.);
#1767=EDGE_CURVE('',#1450,#1451,#1122,.T.);
#1768=EDGE_CURVE('',#1451,#1448,#100,.T.);
#1769=EDGE_CURVE('',#1452,#1453,#1123,.T.);
#1770=EDGE_CURVE('',#1453,#1451,#1124,.T.);
#1771=EDGE_CURVE('',#1450,#1452,#1125,.T.);
#1772=EDGE_CURVE('',#1452,#1454,#101,.T.);
#1773=EDGE_CURVE('',#1454,#1455,#1126,.T.);
#1774=EDGE_CURVE('',#1455,#1453,#102,.T.);
#1775=EDGE_CURVE('',#1454,#1456,#135,.T.);
#1776=EDGE_CURVE('',#1456,#1455,#136,.T.);
#1777=EDGE_CURVE('',#1452,#1457,#1127,.T.);
#1778=EDGE_CURVE('',#1457,#1458,#1128,.T.);
#1779=EDGE_CURVE('',#1458,#1456,#1129,.T.);
#1780=EDGE_CURVE('',#1459,#1450,#1130,.T.);
#1781=EDGE_CURVE('',#1457,#1459,#1131,.T.);
#1782=EDGE_CURVE('',#1460,#1460,#1132,.T.);
#1783=EDGE_CURVE('',#1449,#1461,#1133,.T.);
#1784=EDGE_CURVE('',#1461,#1459,#1134,.T.);
#1785=EDGE_CURVE('',#1448,#1462,#137,.T.);
#1786=EDGE_CURVE('',#1462,#1463,#1135,.T.);
#1787=EDGE_CURVE('',#1463,#1449,#138,.T.);
#1788=EDGE_CURVE('',#1464,#1465,#1136,.T.);
#1789=EDGE_CURVE('',#1465,#1466,#1137,.T.);
#1790=EDGE_CURVE('',#1466,#1467,#1138,.T.);
#1791=EDGE_CURVE('',#1467,#1464,#1139,.T.);
#1792=EDGE_CURVE('',#1468,#1469,#139,.T.);
#1793=EDGE_CURVE('',#1469,#1464,#1140,.T.);
#1794=EDGE_CURVE('',#1464,#1470,#140,.T.);
#1795=EDGE_CURVE('',#1470,#1471,#1141,.T.);
#1796=EDGE_CURVE('',#1471,#1468,#141,.T.);
#1797=EDGE_CURVE('',#1471,#1472,#1142,.T.);
#1798=EDGE_CURVE('',#1472,#1473,#1143,.T.);
#1799=EDGE_CURVE('',#1473,#1468,#1144,.T.);
#1800=EDGE_CURVE('',#1474,#1472,#1145,.T.);
#1801=EDGE_CURVE('',#1472,#1475,#1146,.T.);
#1802=EDGE_CURVE('',#1475,#1476,#1147,.T.);
#1803=EDGE_CURVE('',#1476,#1474,#1148,.T.);
#1804=EDGE_CURVE('',#1474,#1473,#1149,.T.);
#1805=EDGE_CURVE('',#1477,#1467,#142,.T.);
#1806=EDGE_CURVE('',#1467,#1478,#1150,.T.);
#1807=EDGE_CURVE('',#1478,#1479,#143,.T.);
#1808=EDGE_CURVE('',#1479,#1480,#144,.T.);
#1809=EDGE_CURVE('',#1480,#1477,#1151,.T.);
#1810=EDGE_CURVE('',#1479,#1481,#1152,.T.);
#1811=EDGE_CURVE('',#1481,#1475,#1153,.T.);
#1812=EDGE_CURVE('',#1475,#1480,#1154,.T.);
#1813=EDGE_CURVE('',#1481,#1476,#1155,.T.);
#1814=EDGE_CURVE('',#1469,#1465,#1156,.T.);
#1815=EDGE_CURVE('',#1466,#1478,#1157,.T.);
#1816=EDGE_CURVE('',#1477,#1470,#1158,.T.);
#1817=EDGE_CURVE('',#1474,#1482,#145,.T.);
#1818=EDGE_CURVE('',#1482,#1483,#1159,.T.);
#1819=EDGE_CURVE('',#1483,#1484,#146,.T.);
#1820=EDGE_CURVE('',#1484,#1473,#147,.T.);
#1821=EDGE_CURVE('',#1485,#1476,#148,.T.);
#1822=EDGE_CURVE('',#1485,#1482,#1160,.T.);
#1823=EDGE_CURVE('',#1481,#1486,#149,.T.);
#1824=EDGE_CURVE('',#1486,#1487,#150,.T.);
#1825=EDGE_CURVE('',#1487,#1485,#1161,.T.);
#1826=EDGE_CURVE('',#1488,#1478,#1162,.T.);
#1827=EDGE_CURVE('',#1489,#1488,#151,.T.);
#1828=EDGE_CURVE('',#1490,#1489,#1163,.T.);
#1829=EDGE_CURVE('',#1491,#1490,#152,.T.);
#1830=EDGE_CURVE('',#1492,#1491,#1164,.T.);
#1831=EDGE_CURVE('',#1493,#1492,#153,.T.);
#1832=EDGE_CURVE('',#1494,#1493,#1165,.T.);
#1833=EDGE_CURVE('',#1495,#1494,#154,.T.);
#1834=EDGE_CURVE('',#1496,#1495,#1166,.T.);
#1835=EDGE_CURVE('',#1497,#1496,#155,.T.);
#1836=EDGE_CURVE('',#1498,#1497,#1167,.T.);
#1837=EDGE_CURVE('',#1499,#1498,#156,.T.);
#1838=EDGE_CURVE('',#1500,#1499,#1168,.T.);
#1839=EDGE_CURVE('',#1501,#1500,#157,.T.);
#1840=EDGE_CURVE('',#1486,#1501,#1169,.T.);
#1841=EDGE_CURVE('',#1502,#1463,#158,.T.);
#1842=EDGE_CURVE('',#1503,#1502,#1170,.T.);
#1843=EDGE_CURVE('',#1504,#1503,#159,.T.);
#1844=EDGE_CURVE('',#1505,#1504,#103,.T.);
#1845=EDGE_CURVE('',#1506,#1505,#160,.T.);
#1846=EDGE_CURVE('',#1507,#1506,#161,.T.);
#1847=EDGE_CURVE('',#1508,#1507,#1171,.T.);
#1848=EDGE_CURVE('',#1509,#1508,#162,.T.);
#1849=EDGE_CURVE('',#1510,#1509,#163,.T.);
#1850=EDGE_CURVE('',#1511,#1510,#1172,.T.);
#1851=EDGE_CURVE('',#1512,#1511,#164,.T.);
#1852=EDGE_CURVE('',#1513,#1512,#165,.T.);
#1853=EDGE_CURVE('',#1514,#1513,#1173,.T.);
#1854=EDGE_CURVE('',#1515,#1514,#166,.T.);
#1855=EDGE_CURVE('',#1516,#1515,#167,.T.);
#1856=EDGE_CURVE('',#1517,#1516,#1174,.T.);
#1857=EDGE_CURVE('',#1518,#1517,#168,.T.);
#1858=EDGE_CURVE('',#1519,#1518,#169,.T.);
#1859=EDGE_CURVE('',#1520,#1519,#1175,.T.);
#1860=EDGE_CURVE('',#1521,#1520,#170,.T.);
#1861=EDGE_CURVE('',#1522,#1521,#171,.T.);
#1862=EDGE_CURVE('',#1523,#1522,#1176,.T.);
#1863=EDGE_CURVE('',#1524,#1523,#172,.T.);
#1864=EDGE_CURVE('',#1525,#1524,#173,.T.);
#1865=EDGE_CURVE('',#1526,#1525,#1177,.T.);
#1866=EDGE_CURVE('',#1527,#1526,#174,.T.);
#1867=EDGE_CURVE('',#1461,#1527,#175,.T.);
#1868=EDGE_CURVE('',#1504,#1528,#1178,.T.);
#1869=EDGE_CURVE('',#1528,#1505,#176,.T.);
#1870=EDGE_CURVE('',#1529,#1462,#177,.F.);
#1871=EDGE_CURVE('',#1502,#1529,#1179,.T.);
#1872=EDGE_CURVE('',#1530,#1531,#178,.T.);
#1873=EDGE_CURVE('',#1532,#1531,#1180,.T.);
#1874=EDGE_CURVE('',#1533,#1532,#179,.F.);
#1875=EDGE_CURVE('',#1530,#1533,#1181,.T.);
#1876=EDGE_CURVE('',#1534,#1535,#1182,.T.);
#1877=EDGE_CURVE('',#1535,#1532,#1183,.T.);
#1878=EDGE_CURVE('',#1531,#1534,#1184,.T.);
#1879=EDGE_CURVE('',#1532,#1529,#1185,.T.);
#1880=EDGE_CURVE('',#1462,#1533,#1186,.T.);
#1881=EDGE_CURVE('',#1456,#1530,#180,.T.);
#1882=EDGE_CURVE('',#1533,#1455,#181,.T.);
#1883=EDGE_CURVE('',#1536,#1503,#1187,.T.);
#1884=EDGE_CURVE('',#1529,#1536,#1188,.T.);
#1885=EDGE_CURVE('',#1537,#1538,#104,.T.);
#1886=EDGE_CURVE('',#1538,#1539,#182,.T.);
#1887=EDGE_CURVE('',#1539,#1537,#1189,.T.);
#1888=EDGE_CURVE('',#1539,#1535,#183,.T.);
#1889=EDGE_CURVE('',#1534,#1537,#184,.T.);
#1890=EDGE_CURVE('',#1536,#1528,#185,.T.);
#1891=EDGE_CURVE('',#1536,#1535,#1190,.T.);
#1892=EDGE_CURVE('',#1540,#1540,#1191,.T.);
#1893=EDGE_CURVE('',#1539,#1528,#1192,.T.);
#1894=EDGE_CURVE('',#1541,#1542,#1193,.T.);
#1895=EDGE_CURVE('',#1542,#1526,#186,.T.);
#1896=EDGE_CURVE('',#1526,#1541,#187,.T.);
#1897=EDGE_CURVE('',#1541,#1543,#105,.T.);
#1898=EDGE_CURVE('',#1543,#1544,#1194,.T.);
#1899=EDGE_CURVE('',#1544,#1542,#106,.T.);
#1900=EDGE_CURVE('',#1545,#1546,#1195,.T.);
#1901=EDGE_CURVE('',#1546,#1544,#1196,.T.);
#1902=EDGE_CURVE('',#1543,#1545,#1197,.T.);
#1903=EDGE_CURVE('',#1545,#1547,#107,.T.);
#1904=EDGE_CURVE('',#1547,#1548,#1198,.T.);
#1905=EDGE_CURVE('',#1548,#1546,#108,.T.);
#1906=EDGE_CURVE('',#1547,#1549,#188,.T.);
#1907=EDGE_CURVE('',#1549,#1548,#189,.T.);
#1908=EDGE_CURVE('',#1545,#1550,#1199,.T.);
#1909=EDGE_CURVE('',#1550,#1551,#1200,.T.);
#1910=EDGE_CURVE('',#1551,#1549,#1201,.T.);
#1911=EDGE_CURVE('',#1552,#1543,#1202,.T.);
#1912=EDGE_CURVE('',#1550,#1552,#1203,.T.);
#1913=EDGE_CURVE('',#1553,#1553,#1204,.T.);
#1914=EDGE_CURVE('',#1525,#1552,#1205,.T.);
#1915=EDGE_CURVE('',#1542,#1554,#190,.T.);
#1916=EDGE_CURVE('',#1554,#1527,#1206,.T.);
#1917=EDGE_CURVE('',#1555,#1556,#191,.T.);
#1918=EDGE_CURVE('',#1556,#1489,#1207,.T.);
#1919=EDGE_CURVE('',#1488,#1557,#192,.T.);
#1920=EDGE_CURVE('',#1557,#1555,#1208,.T.);
#1921=EDGE_CURVE('',#1466,#1557,#1209,.T.);
#1922=EDGE_CURVE('',#1558,#1559,#1210,.T.);
#1923=EDGE_CURVE('',#1559,#1560,#1211,.T.);
#1924=EDGE_CURVE('',#1560,#1556,#1212,.T.);
#1925=EDGE_CURVE('',#1556,#1558,#1213,.T.);
#1926=EDGE_CURVE('',#1561,#1562,#193,.T.);
#1927=EDGE_CURVE('',#1562,#1558,#1214,.T.);
#1928=EDGE_CURVE('',#1558,#1563,#194,.T.);
#1929=EDGE_CURVE('',#1563,#1564,#1215,.T.);
#1930=EDGE_CURVE('',#1564,#1561,#195,.T.);
#1931=EDGE_CURVE('',#1469,#1561,#1216,.T.);
#1932=EDGE_CURVE('',#1564,#1465,#1217,.T.);
#1933=EDGE_CURVE('',#1562,#1559,#1218,.T.);
#1934=EDGE_CURVE('',#1560,#1489,#1219,.T.);
#1935=EDGE_CURVE('',#1555,#1563,#1220,.T.);
#1936=EDGE_CURVE('',#1565,#1565,#1221,.T.);
#1937=EDGE_CURVE('',#1560,#1566,#1222,.T.);
#1938=EDGE_CURVE('',#1490,#1566,#196,.T.);
#1939=EDGE_CURVE('',#1567,#1559,#1223,.T.);
#1940=EDGE_CURVE('',#1568,#1567,#1224,.T.);
#1941=EDGE_CURVE('',#1569,#1568,#1225,.T.);
#1942=EDGE_CURVE('',#1566,#1569,#1226,.T.);
#1943=EDGE_CURVE('',#1570,#1570,#1227,.T.);
#1944=EDGE_CURVE('',#1562,#1571,#1228,.T.);
#1945=EDGE_CURVE('',#1571,#1567,#197,.T.);
#1946=EDGE_CURVE('',#1459,#1554,#198,.F.);
#1947=EDGE_CURVE('',#1572,#1458,#199,.T.);
#1948=EDGE_CURVE('',#1573,#1457,#200,.F.);
#1949=EDGE_CURVE('',#1572,#1573,#1229,.T.);
#1950=EDGE_CURVE('',#1554,#1573,#1230,.T.);
#1951=EDGE_CURVE('',#1549,#1572,#201,.T.);
#1952=EDGE_CURVE('',#1573,#1548,#202,.T.);
#1953=EDGE_CURVE('',#1574,#1484,#1231,.T.);
#1954=EDGE_CURVE('',#1575,#1574,#203,.T.);
#1955=EDGE_CURVE('',#1576,#1575,#1232,.T.);
#1956=EDGE_CURVE('',#1577,#1576,#204,.T.);
#1957=EDGE_CURVE('',#1578,#1577,#1233,.T.);
#1958=EDGE_CURVE('',#1579,#1578,#205,.T.);
#1959=EDGE_CURVE('',#1580,#1579,#1234,.T.);
#1960=EDGE_CURVE('',#1581,#1580,#206,.T.);
#1961=EDGE_CURVE('',#1582,#1581,#1235,.T.);
#1962=EDGE_CURVE('',#1583,#1582,#207,.T.);
#1963=EDGE_CURVE('',#1584,#1583,#1236,.T.);
#1964=EDGE_CURVE('',#1571,#1584,#208,.T.);
#1965=EDGE_CURVE('',#1585,#1551,#209,.T.);
#1966=EDGE_CURVE('',#1586,#1585,#210,.T.);
#1967=EDGE_CURVE('',#1587,#1586,#1237,.T.);
#1968=EDGE_CURVE('',#1588,#1587,#211,.T.);
#1969=EDGE_CURVE('',#1589,#1588,#212,.T.);
#1970=EDGE_CURVE('',#1590,#1589,#1238,.T.);
#1971=EDGE_CURVE('',#1591,#1590,#213,.T.);
#1972=EDGE_CURVE('',#1592,#1591,#214,.T.);
#1973=EDGE_CURVE('',#1593,#1592,#1239,.T.);
#1974=EDGE_CURVE('',#1594,#1593,#215,.T.);
#1975=EDGE_CURVE('',#1595,#1594,#216,.T.);
#1976=EDGE_CURVE('',#1596,#1595,#1240,.T.);
#1977=EDGE_CURVE('',#1597,#1596,#217,.T.);
#1978=EDGE_CURVE('',#1598,#1597,#218,.T.);
#1979=EDGE_CURVE('',#1599,#1598,#1241,.T.);
#1980=EDGE_CURVE('',#1600,#1599,#219,.T.);
#1981=EDGE_CURVE('',#1601,#1600,#220,.T.);
#1982=EDGE_CURVE('',#1602,#1601,#1242,.T.);
#1983=EDGE_CURVE('',#1603,#1602,#221,.T.);
#1984=EDGE_CURVE('',#1538,#1603,#222,.T.);
#1985=EDGE_CURVE('',#1604,#1605,#1243,.T.);
#1986=EDGE_CURVE('',#1605,#1523,#223,.T.);
#1987=EDGE_CURVE('',#1523,#1604,#224,.T.);
#1988=EDGE_CURVE('',#1604,#1606,#109,.T.);
#1989=EDGE_CURVE('',#1606,#1607,#1244,.T.);
#1990=EDGE_CURVE('',#1607,#1605,#110,.T.);
#1991=EDGE_CURVE('',#1608,#1609,#1245,.T.);
#1992=EDGE_CURVE('',#1609,#1607,#1246,.T.);
#1993=EDGE_CURVE('',#1606,#1608,#1247,.T.);
#1994=EDGE_CURVE('',#1608,#1610,#111,.T.);
#1995=EDGE_CURVE('',#1610,#1611,#1248,.T.);
#1996=EDGE_CURVE('',#1611,#1609,#112,.T.);
#1997=EDGE_CURVE('',#1610,#1586,#225,.T.);
#1998=EDGE_CURVE('',#1586,#1611,#226,.T.);
#1999=EDGE_CURVE('',#1608,#1612,#1249,.T.);
#2000=EDGE_CURVE('',#1612,#1587,#1250,.T.);
#2001=EDGE_CURVE('',#1613,#1606,#1251,.T.);
#2002=EDGE_CURVE('',#1612,#1613,#1252,.T.);
#2003=EDGE_CURVE('',#1614,#1614,#1253,.T.);
#2004=EDGE_CURVE('',#1522,#1613,#1254,.T.);
#2005=EDGE_CURVE('',#1605,#1615,#227,.T.);
#2006=EDGE_CURVE('',#1615,#1524,#1255,.T.);
#2007=EDGE_CURVE('',#1569,#1616,#228,.T.);
#2008=EDGE_CURVE('',#1616,#1491,#1256,.T.);
#2009=EDGE_CURVE('',#1617,#1618,#1257,.T.);
#2010=EDGE_CURVE('',#1618,#1619,#1258,.T.);
#2011=EDGE_CURVE('',#1619,#1616,#1259,.T.);
#2012=EDGE_CURVE('',#1616,#1617,#1260,.T.);
#2013=EDGE_CURVE('',#1584,#1617,#1261,.T.);
#2014=EDGE_CURVE('',#1617,#1568,#229,.T.);
#2015=EDGE_CURVE('',#1584,#1618,#1262,.T.);
#2016=EDGE_CURVE('',#1619,#1491,#1263,.T.);
#2017=EDGE_CURVE('',#1619,#1620,#1264,.T.);
#2018=EDGE_CURVE('',#1492,#1620,#230,.T.);
#2019=EDGE_CURVE('',#1621,#1618,#1265,.T.);
#2020=EDGE_CURVE('',#1622,#1621,#1266,.T.);
#2021=EDGE_CURVE('',#1623,#1622,#1267,.T.);
#2022=EDGE_CURVE('',#1620,#1623,#1268,.T.);
#2023=EDGE_CURVE('',#1624,#1624,#1269,.T.);
#2024=EDGE_CURVE('',#1583,#1621,#231,.T.);
#2025=EDGE_CURVE('',#1552,#1615,#232,.F.);
#2026=EDGE_CURVE('',#1625,#1550,#233,.F.);
#2027=EDGE_CURVE('',#1585,#1625,#1270,.T.);
#2028=EDGE_CURVE('',#1615,#1625,#1271,.T.);
#2029=EDGE_CURVE('',#1625,#1611,#234,.T.);
#2030=EDGE_CURVE('',#1626,#1627,#1272,.T.);
#2031=EDGE_CURVE('',#1627,#1520,#235,.T.);
#2032=EDGE_CURVE('',#1520,#1626,#236,.T.);
#2033=EDGE_CURVE('',#1626,#1628,#113,.T.);
#2034=EDGE_CURVE('',#1628,#1629,#1273,.T.);
#2035=EDGE_CURVE('',#1629,#1627,#114,.T.);
#2036=EDGE_CURVE('',#1630,#1631,#1274,.T.);
#2037=EDGE_CURVE('',#1631,#1629,#1275,.T.);
#2038=EDGE_CURVE('',#1628,#1630,#1276,.T.);
#2039=EDGE_CURVE('',#1630,#1632,#115,.T.);
#2040=EDGE_CURVE('',#1632,#1633,#1277,.T.);
#2041=EDGE_CURVE('',#1633,#1631,#116,.T.);
#2042=EDGE_CURVE('',#1632,#1589,#237,.T.);
#2043=EDGE_CURVE('',#1589,#1633,#238,.T.);
#2044=EDGE_CURVE('',#1630,#1634,#1278,.T.);
#2045=EDGE_CURVE('',#1634,#1590,#1279,.T.);
#2046=EDGE_CURVE('',#1635,#1628,#1280,.T.);
#2047=EDGE_CURVE('',#1634,#1635,#1281,.T.);
#2048=EDGE_CURVE('',#1636,#1636,#1282,.T.);
#2049=EDGE_CURVE('',#1519,#1635,#1283,.T.);
#2050=EDGE_CURVE('',#1627,#1637,#239,.T.);
#2051=EDGE_CURVE('',#1637,#1521,#1284,.T.);
#2052=EDGE_CURVE('',#1623,#1638,#240,.T.);
#2053=EDGE_CURVE('',#1638,#1493,#1285,.T.);
#2054=EDGE_CURVE('',#1639,#1640,#1286,.T.);
#2055=EDGE_CURVE('',#1640,#1641,#1287,.T.);
#2056=EDGE_CURVE('',#1641,#1638,#1288,.T.);
#2057=EDGE_CURVE('',#1638,#1639,#1289,.T.);
#2058=EDGE_CURVE('',#1582,#1639,#1290,.T.);
#2059=EDGE_CURVE('',#1639,#1622,#241,.T.);
#2060=EDGE_CURVE('',#1582,#1640,#1291,.T.);
#2061=EDGE_CURVE('',#1641,#1493,#1292,.T.);
#2062=EDGE_CURVE('',#1641,#1642,#1293,.T.);
#2063=EDGE_CURVE('',#1494,#1642,#242,.T.);
#2064=EDGE_CURVE('',#1643,#1640,#1294,.T.);
#2065=EDGE_CURVE('',#1644,#1643,#1295,.T.);
#2066=EDGE_CURVE('',#1645,#1644,#1296,.T.);
#2067=EDGE_CURVE('',#1642,#1645,#1297,.T.);
#2068=EDGE_CURVE('',#1646,#1646,#1298,.T.);
#2069=EDGE_CURVE('',#1581,#1643,#243,.T.);
#2070=EDGE_CURVE('',#1613,#1637,#244,.F.);
#2071=EDGE_CURVE('',#1647,#1612,#245,.F.);
#2072=EDGE_CURVE('',#1588,#1647,#1299,.T.);
#2073=EDGE_CURVE('',#1637,#1647,#1300,.T.);
#2074=EDGE_CURVE('',#1647,#1633,#246,.T.);
#2075=EDGE_CURVE('',#1648,#1649,#1301,.T.);
#2076=EDGE_CURVE('',#1649,#1517,#247,.T.);
#2077=EDGE_CURVE('',#1517,#1648,#248,.T.);
#2078=EDGE_CURVE('',#1648,#1650,#117,.T.);
#2079=EDGE_CURVE('',#1650,#1651,#1302,.T.);
#2080=EDGE_CURVE('',#1651,#1649,#118,.T.);
#2081=EDGE_CURVE('',#1652,#1653,#1303,.T.);
#2082=EDGE_CURVE('',#1653,#1651,#1304,.T.);
#2083=EDGE_CURVE('',#1650,#1652,#1305,.T.);
#2084=EDGE_CURVE('',#1652,#1654,#119,.T.);
#2085=EDGE_CURVE('',#1654,#1655,#1306,.T.);
#2086=EDGE_CURVE('',#1655,#1653,#120,.T.);
#2087=EDGE_CURVE('',#1654,#1592,#249,.T.);
#2088=EDGE_CURVE('',#1592,#1655,#250,.T.);
#2089=EDGE_CURVE('',#1652,#1656,#1307,.T.);
#2090=EDGE_CURVE('',#1656,#1593,#1308,.T.);
#2091=EDGE_CURVE('',#1657,#1650,#1309,.T.);
#2092=EDGE_CURVE('',#1656,#1657,#1310,.T.);
#2093=EDGE_CURVE('',#1658,#1658,#1311,.T.);
#2094=EDGE_CURVE('',#1516,#1657,#1312,.T.);
#2095=EDGE_CURVE('',#1649,#1659,#251,.T.);
#2096=EDGE_CURVE('',#1659,#1518,#1313,.T.);
#2097=EDGE_CURVE('',#1645,#1660,#252,.T.);
#2098=EDGE_CURVE('',#1660,#1495,#1314,.T.);
#2099=EDGE_CURVE('',#1661,#1662,#1315,.T.);
#2100=EDGE_CURVE('',#1662,#1663,#1316,.T.);
#2101=EDGE_CURVE('',#1663,#1660,#1317,.T.);
#2102=EDGE_CURVE('',#1660,#1661,#1318,.T.);
#2103=EDGE_CURVE('',#1580,#1661,#1319,.T.);
#2104=EDGE_CURVE('',#1661,#1644,#253,.T.);
#2105=EDGE_CURVE('',#1580,#1662,#1320,.T.);
#2106=EDGE_CURVE('',#1663,#1495,#1321,.T.);
#2107=EDGE_CURVE('',#1663,#1664,#1322,.T.);
#2108=EDGE_CURVE('',#1496,#1664,#254,.T.);
#2109=EDGE_CURVE('',#1665,#1662,#1323,.T.);
#2110=EDGE_CURVE('',#1666,#1665,#1324,.T.);
#2111=EDGE_CURVE('',#1667,#1666,#1325,.T.);
#2112=EDGE_CURVE('',#1664,#1667,#1326,.T.);
#2113=EDGE_CURVE('',#1668,#1668,#1327,.T.);
#2114=EDGE_CURVE('',#1579,#1665,#255,.T.);
#2115=EDGE_CURVE('',#1635,#1659,#256,.F.);
#2116=EDGE_CURVE('',#1669,#1634,#257,.F.);
#2117=EDGE_CURVE('',#1591,#1669,#1328,.T.);
#2118=EDGE_CURVE('',#1659,#1669,#1329,.T.);
#2119=EDGE_CURVE('',#1669,#1655,#258,.T.);
#2120=EDGE_CURVE('',#1670,#1671,#1330,.T.);
#2121=EDGE_CURVE('',#1671,#1514,#259,.T.);
#2122=EDGE_CURVE('',#1514,#1670,#260,.T.);
#2123=EDGE_CURVE('',#1670,#1672,#121,.T.);
#2124=EDGE_CURVE('',#1672,#1673,#1331,.T.);
#2125=EDGE_CURVE('',#1673,#1671,#122,.T.);
#2126=EDGE_CURVE('',#1674,#1675,#1332,.T.);
#2127=EDGE_CURVE('',#1675,#1673,#1333,.T.);
#2128=EDGE_CURVE('',#1672,#1674,#1334,.T.);
#2129=EDGE_CURVE('',#1674,#1676,#123,.T.);
#2130=EDGE_CURVE('',#1676,#1677,#1335,.T.);
#2131=EDGE_CURVE('',#1677,#1675,#124,.T.);
#2132=EDGE_CURVE('',#1676,#1595,#261,.T.);
#2133=EDGE_CURVE('',#1595,#1677,#262,.T.);
#2134=EDGE_CURVE('',#1674,#1678,#1336,.T.);
#2135=EDGE_CURVE('',#1678,#1596,#1337,.T.);
#2136=EDGE_CURVE('',#1679,#1672,#1338,.T.);
#2137=EDGE_CURVE('',#1678,#1679,#1339,.T.);
#2138=EDGE_CURVE('',#1680,#1680,#1340,.T.);
#2139=EDGE_CURVE('',#1513,#1679,#1341,.T.);
#2140=EDGE_CURVE('',#1671,#1681,#263,.T.);
#2141=EDGE_CURVE('',#1681,#1515,#1342,.T.);
#2142=EDGE_CURVE('',#1667,#1682,#264,.T.);
#2143=EDGE_CURVE('',#1682,#1497,#1343,.T.);
#2144=EDGE_CURVE('',#1683,#1684,#1344,.T.);
#2145=EDGE_CURVE('',#1684,#1685,#1345,.T.);
#2146=EDGE_CURVE('',#1685,#1682,#1346,.T.);
#2147=EDGE_CURVE('',#1682,#1683,#1347,.T.);
#2148=EDGE_CURVE('',#1578,#1683,#1348,.T.);
#2149=EDGE_CURVE('',#1683,#1666,#265,.T.);
#2150=EDGE_CURVE('',#1578,#1684,#1349,.T.);
#2151=EDGE_CURVE('',#1685,#1497,#1350,.T.);
#2152=EDGE_CURVE('',#1685,#1686,#1351,.T.);
#2153=EDGE_CURVE('',#1498,#1686,#266,.T.);
#2154=EDGE_CURVE('',#1687,#1684,#1352,.T.);
#2155=EDGE_CURVE('',#1688,#1687,#1353,.T.);
#2156=EDGE_CURVE('',#1689,#1688,#1354,.T.);
#2157=EDGE_CURVE('',#1686,#1689,#1355,.T.);
#2158=EDGE_CURVE('',#1690,#1690,#1356,.T.);
#2159=EDGE_CURVE('',#1577,#1687,#267,.T.);
#2160=EDGE_CURVE('',#1657,#1681,#268,.F.);
#2161=EDGE_CURVE('',#1691,#1656,#269,.F.);
#2162=EDGE_CURVE('',#1594,#1691,#1357,.T.);
#2163=EDGE_CURVE('',#1681,#1691,#1358,.T.);
#2164=EDGE_CURVE('',#1691,#1677,#270,.T.);
#2165=EDGE_CURVE('',#1692,#1693,#1359,.T.);
#2166=EDGE_CURVE('',#1693,#1511,#271,.T.);
#2167=EDGE_CURVE('',#1511,#1692,#272,.T.);
#2168=EDGE_CURVE('',#1692,#1694,#125,.T.);
#2169=EDGE_CURVE('',#1694,#1695,#1360,.T.);
#2170=EDGE_CURVE('',#1695,#1693,#126,.T.);
#2171=EDGE_CURVE('',#1696,#1697,#1361,.T.);
#2172=EDGE_CURVE('',#1697,#1695,#1362,.T.);
#2173=EDGE_CURVE('',#1694,#1696,#1363,.T.);
#2174=EDGE_CURVE('',#1696,#1698,#127,.T.);
#2175=EDGE_CURVE('',#1698,#1699,#1364,.T.);
#2176=EDGE_CURVE('',#1699,#1697,#128,.T.);
#2177=EDGE_CURVE('',#1698,#1598,#273,.T.);
#2178=EDGE_CURVE('',#1598,#1699,#274,.T.);
#2179=EDGE_CURVE('',#1696,#1700,#1365,.T.);
#2180=EDGE_CURVE('',#1700,#1599,#1366,.T.);
#2181=EDGE_CURVE('',#1701,#1694,#1367,.T.);
#2182=EDGE_CURVE('',#1700,#1701,#1368,.T.);
#2183=EDGE_CURVE('',#1702,#1702,#1369,.T.);
#2184=EDGE_CURVE('',#1510,#1701,#1370,.T.);
#2185=EDGE_CURVE('',#1693,#1703,#275,.T.);
#2186=EDGE_CURVE('',#1703,#1512,#1371,.T.);
#2187=EDGE_CURVE('',#1689,#1704,#276,.T.);
#2188=EDGE_CURVE('',#1704,#1499,#1372,.T.);
#2189=EDGE_CURVE('',#1705,#1706,#1373,.T.);
#2190=EDGE_CURVE('',#1706,#1707,#1374,.T.);
#2191=EDGE_CURVE('',#1707,#1704,#1375,.T.);
#2192=EDGE_CURVE('',#1704,#1705,#1376,.T.);
#2193=EDGE_CURVE('',#1576,#1705,#1377,.T.);
#2194=EDGE_CURVE('',#1705,#1688,#277,.T.);
#2195=EDGE_CURVE('',#1576,#1706,#1378,.T.);
#2196=EDGE_CURVE('',#1707,#1499,#1379,.T.);
#2197=EDGE_CURVE('',#1707,#1708,#1380,.T.);
#2198=EDGE_CURVE('',#1500,#1708,#278,.T.);
#2199=EDGE_CURVE('',#1709,#1706,#1381,.T.);
#2200=EDGE_CURVE('',#1710,#1709,#1382,.T.);
#2201=EDGE_CURVE('',#1711,#1710,#1383,.T.);
#2202=EDGE_CURVE('',#1708,#1711,#1384,.T.);
#2203=EDGE_CURVE('',#1712,#1712,#1385,.T.);
#2204=EDGE_CURVE('',#1709,#1575,#279,.T.);
#2205=EDGE_CURVE('',#1679,#1703,#280,.F.);
#2206=EDGE_CURVE('',#1713,#1678,#281,.F.);
#2207=EDGE_CURVE('',#1597,#1713,#1386,.T.);
#2208=EDGE_CURVE('',#1703,#1713,#1387,.T.);
#2209=EDGE_CURVE('',#1713,#1699,#282,.T.);
#2210=EDGE_CURVE('',#1714,#1715,#1388,.T.);
#2211=EDGE_CURVE('',#1715,#1508,#283,.T.);
#2212=EDGE_CURVE('',#1508,#1714,#284,.T.);
#2213=EDGE_CURVE('',#1714,#1716,#129,.T.);
#2214=EDGE_CURVE('',#1716,#1717,#1389,.T.);
#2215=EDGE_CURVE('',#1717,#1715,#130,.T.);
#2216=EDGE_CURVE('',#1718,#1719,#1390,.T.);
#2217=EDGE_CURVE('',#1719,#1717,#1391,.T.);
#2218=EDGE_CURVE('',#1716,#1718,#1392,.T.);
#2219=EDGE_CURVE('',#1718,#1720,#131,.T.);
#2220=EDGE_CURVE('',#1720,#1721,#1393,.T.);
#2221=EDGE_CURVE('',#1721,#1719,#132,.T.);
#2222=EDGE_CURVE('',#1720,#1601,#285,.T.);
#2223=EDGE_CURVE('',#1601,#1721,#286,.T.);
#2224=EDGE_CURVE('',#1718,#1722,#1394,.T.);
#2225=EDGE_CURVE('',#1722,#1602,#1395,.T.);
#2226=EDGE_CURVE('',#1723,#1716,#1396,.T.);
#2227=EDGE_CURVE('',#1722,#1723,#1397,.T.);
#2228=EDGE_CURVE('',#1724,#1724,#1398,.T.);
#2229=EDGE_CURVE('',#1507,#1723,#1399,.T.);
#2230=EDGE_CURVE('',#1715,#1725,#287,.T.);
#2231=EDGE_CURVE('',#1725,#1509,#1400,.T.);
#2232=EDGE_CURVE('',#1711,#1726,#288,.T.);
#2233=EDGE_CURVE('',#1726,#1501,#1401,.T.);
#2234=EDGE_CURVE('',#1727,#1728,#1402,.T.);
#2235=EDGE_CURVE('',#1728,#1729,#1403,.T.);
#2236=EDGE_CURVE('',#1729,#1726,#1404,.T.);
#2237=EDGE_CURVE('',#1726,#1727,#1405,.T.);
#2238=EDGE_CURVE('',#1574,#1727,#1406,.T.);
#2239=EDGE_CURVE('',#1727,#1710,#289,.T.);
#2240=EDGE_CURVE('',#1574,#1728,#1407,.T.);
#2241=EDGE_CURVE('',#1729,#1501,#1408,.T.);
#2242=EDGE_CURVE('',#1729,#1487,#1409,.T.);
#2243=EDGE_CURVE('',#1483,#1728,#1410,.T.);
#2244=EDGE_CURVE('',#1730,#1730,#1411,.T.);
#2245=EDGE_CURVE('',#1701,#1725,#290,.F.);
#2246=EDGE_CURVE('',#1731,#1700,#291,.F.);
#2247=EDGE_CURVE('',#1600,#1731,#1412,.T.);
#2248=EDGE_CURVE('',#1725,#1731,#1413,.T.);
#2249=EDGE_CURVE('',#1731,#1721,#292,.T.);
#2250=EDGE_CURVE('',#1732,#1506,#1414,.T.);
#2251=EDGE_CURVE('',#1723,#1732,#293,.F.);
#2252=EDGE_CURVE('',#1733,#1722,#294,.F.);
#2253=EDGE_CURVE('',#1603,#1733,#1415,.T.);
#2254=EDGE_CURVE('',#1732,#1733,#1416,.T.);
#2255=EDGE_CURVE('',#1733,#1539,#295,.T.);
#2256=EDGE_CURVE('',#1528,#1732,#296,.T.);
#2257=EDGE_CURVE('',#1734,#1734,#1417,.T.);
#2258=EDGE_CURVE('',#1735,#1735,#1418,.T.);
#2259=EDGE_CURVE('',#1736,#1736,#1419,.T.);
#2260=EDGE_CURVE('',#1737,#1737,#1420,.T.);
#2261=EDGE_CURVE('',#1738,#1738,#1421,.T.);
#2262=EDGE_CURVE('',#1739,#1739,#1422,.T.);
#2263=EDGE_CURVE('',#1740,#1740,#1423,.T.);
#2264=EDGE_CURVE('',#1741,#1741,#1424,.T.);
#2265=EDGE_CURVE('',#1742,#1742,#1425,.T.);
#2266=ORIENTED_EDGE('',*,*,#1743,.T.);
#2267=ORIENTED_EDGE('',*,*,#1744,.T.);
#2268=ORIENTED_EDGE('',*,*,#1745,.T.);
#2269=ORIENTED_EDGE('',*,*,#1743,.F.);
#2270=ORIENTED_EDGE('',*,*,#1744,.F.);
#2271=ORIENTED_EDGE('',*,*,#1746,.F.);
#2272=ORIENTED_EDGE('',*,*,#1747,.T.);
#2273=ORIENTED_EDGE('',*,*,#1748,.T.);
#2274=ORIENTED_EDGE('',*,*,#1749,.F.);
#2275=ORIENTED_EDGE('',*,*,#1748,.F.);
#2276=ORIENTED_EDGE('',*,*,#1747,.F.);
#2277=ORIENTED_EDGE('',*,*,#1750,.T.);
#2278=ORIENTED_EDGE('',*,*,#1749,.T.);
#2279=ORIENTED_EDGE('',*,*,#1745,.F.);
#2280=ORIENTED_EDGE('',*,*,#1746,.T.);
#2281=ORIENTED_EDGE('',*,*,#1751,.F.);
#2282=ORIENTED_EDGE('',*,*,#1751,.T.);
#2283=ORIENTED_EDGE('',*,*,#1752,.F.);
#2284=ORIENTED_EDGE('',*,*,#1752,.T.);
#2285=ORIENTED_EDGE('',*,*,#1750,.F.);
#2286=ORIENTED_EDGE('',*,*,#1753,.T.);
#2287=ORIENTED_EDGE('',*,*,#1754,.T.);
#2288=ORIENTED_EDGE('',*,*,#1755,.F.);
#2289=ORIENTED_EDGE('',*,*,#1754,.F.);
#2290=ORIENTED_EDGE('',*,*,#1756,.T.);
#2291=ORIENTED_EDGE('',*,*,#1753,.F.);
#2292=ORIENTED_EDGE('',*,*,#1757,.T.);
#2293=ORIENTED_EDGE('',*,*,#1758,.T.);
#2294=ORIENTED_EDGE('',*,*,#1759,.F.);
#2295=ORIENTED_EDGE('',*,*,#1757,.F.);
#2296=ORIENTED_EDGE('',*,*,#1758,.F.);
#2297=ORIENTED_EDGE('',*,*,#1760,.F.);
#2298=ORIENTED_EDGE('',*,*,#1755,.T.);
#2299=ORIENTED_EDGE('',*,*,#1759,.T.);
#2300=ORIENTED_EDGE('',*,*,#1761,.F.);
#2301=ORIENTED_EDGE('',*,*,#1760,.T.);
#2302=ORIENTED_EDGE('',*,*,#1756,.F.);
#2303=ORIENTED_EDGE('',*,*,#1761,.T.);
#2304=ORIENTED_EDGE('',*,*,#1762,.T.);
#2305=ORIENTED_EDGE('',*,*,#1762,.F.);
#2306=ORIENTED_EDGE('',*,*,#1763,.T.);
#2307=ORIENTED_EDGE('',*,*,#1764,.T.);
#2308=ORIENTED_EDGE('',*,*,#1765,.T.);
#2309=ORIENTED_EDGE('',*,*,#1763,.F.);
#2310=ORIENTED_EDGE('',*,*,#1766,.T.);
#2311=ORIENTED_EDGE('',*,*,#1767,.T.);
#2312=ORIENTED_EDGE('',*,*,#1768,.T.);
#2313=ORIENTED_EDGE('',*,*,#1769,.T.);
#2314=ORIENTED_EDGE('',*,*,#1770,.T.);
#2315=ORIENTED_EDGE('',*,*,#1767,.F.);
#2316=ORIENTED_EDGE('',*,*,#1771,.T.);
#2317=ORIENTED_EDGE('',*,*,#1769,.F.);
#2318=ORIENTED_EDGE('',*,*,#1772,.T.);
#2319=ORIENTED_EDGE('',*,*,#1773,.T.);
#2320=ORIENTED_EDGE('',*,*,#1774,.T.);
#2321=ORIENTED_EDGE('',*,*,#1775,.T.);
#2322=ORIENTED_EDGE('',*,*,#1776,.T.);
#2323=ORIENTED_EDGE('',*,*,#1773,.F.);
#2324=ORIENTED_EDGE('',*,*,#1775,.F.);
#2325=ORIENTED_EDGE('',*,*,#1772,.F.);
#2326=ORIENTED_EDGE('',*,*,#1777,.T.);
#2327=ORIENTED_EDGE('',*,*,#1778,.T.);
#2328=ORIENTED_EDGE('',*,*,#1779,.T.);
#2329=ORIENTED_EDGE('',*,*,#1771,.F.);
#2330=ORIENTED_EDGE('',*,*,#1780,.F.);
#2331=ORIENTED_EDGE('',*,*,#1781,.F.);
#2332=ORIENTED_EDGE('',*,*,#1777,.F.);
#2333=ORIENTED_EDGE('',*,*,#1782,.T.);
#2334=ORIENTED_EDGE('',*,*,#1766,.F.);
#2335=ORIENTED_EDGE('',*,*,#1765,.F.);
#2336=ORIENTED_EDGE('',*,*,#1783,.T.);
#2337=ORIENTED_EDGE('',*,*,#1784,.T.);
#2338=ORIENTED_EDGE('',*,*,#1780,.T.);
#2339=ORIENTED_EDGE('',*,*,#1764,.F.);
#2340=ORIENTED_EDGE('',*,*,#1785,.T.);
#2341=ORIENTED_EDGE('',*,*,#1786,.T.);
#2342=ORIENTED_EDGE('',*,*,#1787,.T.);
#2343=ORIENTED_EDGE('',*,*,#1788,.T.);
#2344=ORIENTED_EDGE('',*,*,#1789,.T.);
#2345=ORIENTED_EDGE('',*,*,#1790,.T.);
#2346=ORIENTED_EDGE('',*,*,#1791,.T.);
#2347=ORIENTED_EDGE('',*,*,#1792,.T.);
#2348=ORIENTED_EDGE('',*,*,#1793,.T.);
#2349=ORIENTED_EDGE('',*,*,#1794,.T.);
#2350=ORIENTED_EDGE('',*,*,#1795,.T.);
#2351=ORIENTED_EDGE('',*,*,#1796,.T.);
#2352=ORIENTED_EDGE('',*,*,#1797,.T.);
#2353=ORIENTED_EDGE('',*,*,#1798,.T.);
#2354=ORIENTED_EDGE('',*,*,#1799,.T.);
#2355=ORIENTED_EDGE('',*,*,#1796,.F.);
#2356=ORIENTED_EDGE('',*,*,#1800,.T.);
#2357=ORIENTED_EDGE('',*,*,#1801,.T.);
#2358=ORIENTED_EDGE('',*,*,#1802,.T.);
#2359=ORIENTED_EDGE('',*,*,#1803,.T.);
#2360=ORIENTED_EDGE('',*,*,#1800,.F.);
#2361=ORIENTED_EDGE('',*,*,#1804,.T.);
#2362=ORIENTED_EDGE('',*,*,#1798,.F.);
#2363=ORIENTED_EDGE('',*,*,#1805,.T.);
#2364=ORIENTED_EDGE('',*,*,#1806,.T.);
#2365=ORIENTED_EDGE('',*,*,#1807,.T.);
#2366=ORIENTED_EDGE('',*,*,#1808,.T.);
#2367=ORIENTED_EDGE('',*,*,#1809,.T.);
#2368=ORIENTED_EDGE('',*,*,#1810,.T.);
#2369=ORIENTED_EDGE('',*,*,#1811,.T.);
#2370=ORIENTED_EDGE('',*,*,#1812,.T.);
#2371=ORIENTED_EDGE('',*,*,#1808,.F.);
#2372=ORIENTED_EDGE('',*,*,#1811,.F.);
#2373=ORIENTED_EDGE('',*,*,#1813,.T.);
#2374=ORIENTED_EDGE('',*,*,#1802,.F.);
#2375=ORIENTED_EDGE('',*,*,#1793,.F.);
#2376=ORIENTED_EDGE('',*,*,#1814,.T.);
#2377=ORIENTED_EDGE('',*,*,#1788,.F.);
#2378=ORIENTED_EDGE('',*,*,#1790,.F.);
#2379=ORIENTED_EDGE('',*,*,#1815,.T.);
#2380=ORIENTED_EDGE('',*,*,#1806,.F.);
#2381=ORIENTED_EDGE('',*,*,#1794,.F.);
#2382=ORIENTED_EDGE('',*,*,#1791,.F.);
#2383=ORIENTED_EDGE('',*,*,#1805,.F.);
#2384=ORIENTED_EDGE('',*,*,#1816,.T.);
#2385=ORIENTED_EDGE('',*,*,#1804,.F.);
#2386=ORIENTED_EDGE('',*,*,#1817,.T.);
#2387=ORIENTED_EDGE('',*,*,#1818,.T.);
#2388=ORIENTED_EDGE('',*,*,#1819,.T.);
#2389=ORIENTED_EDGE('',*,*,#1820,.T.);
#2390=ORIENTED_EDGE('',*,*,#1803,.F.);
#2391=ORIENTED_EDGE('',*,*,#1821,.F.);
#2392=ORIENTED_EDGE('',*,*,#1822,.T.);
#2393=ORIENTED_EDGE('',*,*,#1817,.F.);
#2394=ORIENTED_EDGE('',*,*,#1813,.F.);
#2395=ORIENTED_EDGE('',*,*,#1823,.T.);
#2396=ORIENTED_EDGE('',*,*,#1824,.T.);
#2397=ORIENTED_EDGE('',*,*,#1825,.T.);
#2398=ORIENTED_EDGE('',*,*,#1821,.T.);
#2399=ORIENTED_EDGE('',*,*,#1810,.F.);
#2400=ORIENTED_EDGE('',*,*,#1807,.F.);
#2401=ORIENTED_EDGE('',*,*,#1826,.F.);
#2402=ORIENTED_EDGE('',*,*,#1827,.F.);
#2403=ORIENTED_EDGE('',*,*,#1828,.F.);
#2404=ORIENTED_EDGE('',*,*,#1829,.F.);
#2405=ORIENTED_EDGE('',*,*,#1830,.F.);
#2406=ORIENTED_EDGE('',*,*,#1831,.F.);
#2407=ORIENTED_EDGE('',*,*,#1832,.F.);
#2408=ORIENTED_EDGE('',*,*,#1833,.F.);
#2409=ORIENTED_EDGE('',*,*,#1834,.F.);
#2410=ORIENTED_EDGE('',*,*,#1835,.F.);
#2411=ORIENTED_EDGE('',*,*,#1836,.F.);
#2412=ORIENTED_EDGE('',*,*,#1837,.F.);
#2413=ORIENTED_EDGE('',*,*,#1838,.F.);
#2414=ORIENTED_EDGE('',*,*,#1839,.F.);
#2415=ORIENTED_EDGE('',*,*,#1840,.F.);
#2416=ORIENTED_EDGE('',*,*,#1823,.F.);
#2417=ORIENTED_EDGE('',*,*,#1783,.F.);
#2418=ORIENTED_EDGE('',*,*,#1787,.F.);
#2419=ORIENTED_EDGE('',*,*,#1841,.F.);
#2420=ORIENTED_EDGE('',*,*,#1842,.F.);
#2421=ORIENTED_EDGE('',*,*,#1843,.F.);
#2422=ORIENTED_EDGE('',*,*,#1844,.F.);
#2423=ORIENTED_EDGE('',*,*,#1845,.F.);
#2424=ORIENTED_EDGE('',*,*,#1846,.F.);
#2425=ORIENTED_EDGE('',*,*,#1847,.F.);
#2426=ORIENTED_EDGE('',*,*,#1848,.F.);
#2427=ORIENTED_EDGE('',*,*,#1849,.F.);
#2428=ORIENTED_EDGE('',*,*,#1850,.F.);
#2429=ORIENTED_EDGE('',*,*,#1851,.F.);
#2430=ORIENTED_EDGE('',*,*,#1852,.F.);
#2431=ORIENTED_EDGE('',*,*,#1853,.F.);
#2432=ORIENTED_EDGE('',*,*,#1854,.F.);
#2433=ORIENTED_EDGE('',*,*,#1855,.F.);
#2434=ORIENTED_EDGE('',*,*,#1856,.F.);
#2435=ORIENTED_EDGE('',*,*,#1857,.F.);
#2436=ORIENTED_EDGE('',*,*,#1858,.F.);
#2437=ORIENTED_EDGE('',*,*,#1859,.F.);
#2438=ORIENTED_EDGE('',*,*,#1860,.F.);
#2439=ORIENTED_EDGE('',*,*,#1861,.F.);
#2440=ORIENTED_EDGE('',*,*,#1862,.F.);
#2441=ORIENTED_EDGE('',*,*,#1863,.F.);
#2442=ORIENTED_EDGE('',*,*,#1864,.F.);
#2443=ORIENTED_EDGE('',*,*,#1865,.F.);
#2444=ORIENTED_EDGE('',*,*,#1866,.F.);
#2445=ORIENTED_EDGE('',*,*,#1867,.F.);
#2446=ORIENTED_EDGE('',*,*,#1868,.T.);
#2447=ORIENTED_EDGE('',*,*,#1869,.T.);
#2448=ORIENTED_EDGE('',*,*,#1844,.T.);
#2449=ORIENTED_EDGE('',*,*,#1786,.F.);
#2450=ORIENTED_EDGE('',*,*,#1870,.F.);
#2451=ORIENTED_EDGE('',*,*,#1871,.F.);
#2452=ORIENTED_EDGE('',*,*,#1841,.T.);
#2453=ORIENTED_EDGE('',*,*,#1872,.T.);
#2454=ORIENTED_EDGE('',*,*,#1873,.F.);
#2455=ORIENTED_EDGE('',*,*,#1874,.F.);
#2456=ORIENTED_EDGE('',*,*,#1875,.F.);
#2457=ORIENTED_EDGE('',*,*,#1876,.T.);
#2458=ORIENTED_EDGE('',*,*,#1877,.T.);
#2459=ORIENTED_EDGE('',*,*,#1873,.T.);
#2460=ORIENTED_EDGE('',*,*,#1878,.T.);
#2461=ORIENTED_EDGE('',*,*,#1874,.T.);
#2462=ORIENTED_EDGE('',*,*,#1879,.T.);
#2463=ORIENTED_EDGE('',*,*,#1870,.T.);
#2464=ORIENTED_EDGE('',*,*,#1880,.T.);
#2465=ORIENTED_EDGE('',*,*,#1776,.F.);
#2466=ORIENTED_EDGE('',*,*,#1881,.T.);
#2467=ORIENTED_EDGE('',*,*,#1875,.T.);
#2468=ORIENTED_EDGE('',*,*,#1882,.T.);
#2469=ORIENTED_EDGE('',*,*,#1883,.T.);
#2470=ORIENTED_EDGE('',*,*,#1842,.T.);
#2471=ORIENTED_EDGE('',*,*,#1871,.T.);
#2472=ORIENTED_EDGE('',*,*,#1884,.T.);
#2473=ORIENTED_EDGE('',*,*,#1885,.T.);
#2474=ORIENTED_EDGE('',*,*,#1886,.T.);
#2475=ORIENTED_EDGE('',*,*,#1887,.T.);
#2476=ORIENTED_EDGE('',*,*,#1887,.F.);
#2477=ORIENTED_EDGE('',*,*,#1888,.T.);
#2478=ORIENTED_EDGE('',*,*,#1876,.F.);
#2479=ORIENTED_EDGE('',*,*,#1889,.T.);
#2480=ORIENTED_EDGE('',*,*,#1883,.F.);
#2481=ORIENTED_EDGE('',*,*,#1890,.T.);
#2482=ORIENTED_EDGE('',*,*,#1868,.F.);
#2483=ORIENTED_EDGE('',*,*,#1843,.T.);
#2484=ORIENTED_EDGE('',*,*,#1884,.F.);
#2485=ORIENTED_EDGE('',*,*,#1879,.F.);
#2486=ORIENTED_EDGE('',*,*,#1877,.F.);
#2487=ORIENTED_EDGE('',*,*,#1891,.F.);
#2488=ORIENTED_EDGE('',*,*,#1892,.T.);
#2489=ORIENTED_EDGE('',*,*,#1890,.F.);
#2490=ORIENTED_EDGE('',*,*,#1891,.T.);
#2491=ORIENTED_EDGE('',*,*,#1888,.F.);
#2492=ORIENTED_EDGE('',*,*,#1893,.T.);
#2493=ORIENTED_EDGE('',*,*,#1894,.T.);
#2494=ORIENTED_EDGE('',*,*,#1895,.T.);
#2495=ORIENTED_EDGE('',*,*,#1896,.T.);
#2496=ORIENTED_EDGE('',*,*,#1894,.F.);
#2497=ORIENTED_EDGE('',*,*,#1897,.T.);
#2498=ORIENTED_EDGE('',*,*,#1898,.T.);
#2499=ORIENTED_EDGE('',*,*,#1899,.T.);
#2500=ORIENTED_EDGE('',*,*,#1900,.T.);
#2501=ORIENTED_EDGE('',*,*,#1901,.T.);
#2502=ORIENTED_EDGE('',*,*,#1898,.F.);
#2503=ORIENTED_EDGE('',*,*,#1902,.T.);
#2504=ORIENTED_EDGE('',*,*,#1900,.F.);
#2505=ORIENTED_EDGE('',*,*,#1903,.T.);
#2506=ORIENTED_EDGE('',*,*,#1904,.T.);
#2507=ORIENTED_EDGE('',*,*,#1905,.T.);
#2508=ORIENTED_EDGE('',*,*,#1906,.T.);
#2509=ORIENTED_EDGE('',*,*,#1907,.T.);
#2510=ORIENTED_EDGE('',*,*,#1904,.F.);
#2511=ORIENTED_EDGE('',*,*,#1906,.F.);
#2512=ORIENTED_EDGE('',*,*,#1903,.F.);
#2513=ORIENTED_EDGE('',*,*,#1908,.T.);
#2514=ORIENTED_EDGE('',*,*,#1909,.T.);
#2515=ORIENTED_EDGE('',*,*,#1910,.T.);
#2516=ORIENTED_EDGE('',*,*,#1902,.F.);
#2517=ORIENTED_EDGE('',*,*,#1911,.F.);
#2518=ORIENTED_EDGE('',*,*,#1912,.F.);
#2519=ORIENTED_EDGE('',*,*,#1908,.F.);
#2520=ORIENTED_EDGE('',*,*,#1913,.T.);
#2521=ORIENTED_EDGE('',*,*,#1897,.F.);
#2522=ORIENTED_EDGE('',*,*,#1896,.F.);
#2523=ORIENTED_EDGE('',*,*,#1865,.T.);
#2524=ORIENTED_EDGE('',*,*,#1914,.T.);
#2525=ORIENTED_EDGE('',*,*,#1911,.T.);
#2526=ORIENTED_EDGE('',*,*,#1895,.F.);
#2527=ORIENTED_EDGE('',*,*,#1915,.T.);
#2528=ORIENTED_EDGE('',*,*,#1916,.T.);
#2529=ORIENTED_EDGE('',*,*,#1866,.T.);
#2530=ORIENTED_EDGE('',*,*,#1917,.T.);
#2531=ORIENTED_EDGE('',*,*,#1918,.T.);
#2532=ORIENTED_EDGE('',*,*,#1827,.T.);
#2533=ORIENTED_EDGE('',*,*,#1919,.T.);
#2534=ORIENTED_EDGE('',*,*,#1920,.T.);
#2535=ORIENTED_EDGE('',*,*,#1815,.F.);
#2536=ORIENTED_EDGE('',*,*,#1921,.T.);
#2537=ORIENTED_EDGE('',*,*,#1919,.F.);
#2538=ORIENTED_EDGE('',*,*,#1826,.T.);
#2539=ORIENTED_EDGE('',*,*,#1922,.T.);
#2540=ORIENTED_EDGE('',*,*,#1923,.T.);
#2541=ORIENTED_EDGE('',*,*,#1924,.T.);
#2542=ORIENTED_EDGE('',*,*,#1925,.T.);
#2543=ORIENTED_EDGE('',*,*,#1926,.T.);
#2544=ORIENTED_EDGE('',*,*,#1927,.T.);
#2545=ORIENTED_EDGE('',*,*,#1928,.T.);
#2546=ORIENTED_EDGE('',*,*,#1929,.T.);
#2547=ORIENTED_EDGE('',*,*,#1930,.T.);
#2548=ORIENTED_EDGE('',*,*,#1814,.F.);
#2549=ORIENTED_EDGE('',*,*,#1931,.T.);
#2550=ORIENTED_EDGE('',*,*,#1930,.F.);
#2551=ORIENTED_EDGE('',*,*,#1932,.T.);
#2552=ORIENTED_EDGE('',*,*,#1927,.F.);
#2553=ORIENTED_EDGE('',*,*,#1933,.T.);
#2554=ORIENTED_EDGE('',*,*,#1922,.F.);
#2555=ORIENTED_EDGE('',*,*,#1924,.F.);
#2556=ORIENTED_EDGE('',*,*,#1934,.T.);
#2557=ORIENTED_EDGE('',*,*,#1918,.F.);
#2558=ORIENTED_EDGE('',*,*,#1789,.F.);
#2559=ORIENTED_EDGE('',*,*,#1932,.F.);
#2560=ORIENTED_EDGE('',*,*,#1929,.F.);
#2561=ORIENTED_EDGE('',*,*,#1935,.F.);
#2562=ORIENTED_EDGE('',*,*,#1920,.F.);
#2563=ORIENTED_EDGE('',*,*,#1921,.F.);
#2564=ORIENTED_EDGE('',*,*,#1936,.T.);
#2565=ORIENTED_EDGE('',*,*,#1934,.F.);
#2566=ORIENTED_EDGE('',*,*,#1937,.T.);
#2567=ORIENTED_EDGE('',*,*,#1938,.F.);
#2568=ORIENTED_EDGE('',*,*,#1828,.T.);
#2569=ORIENTED_EDGE('',*,*,#1923,.F.);
#2570=ORIENTED_EDGE('',*,*,#1939,.F.);
#2571=ORIENTED_EDGE('',*,*,#1940,.F.);
#2572=ORIENTED_EDGE('',*,*,#1941,.F.);
#2573=ORIENTED_EDGE('',*,*,#1942,.F.);
#2574=ORIENTED_EDGE('',*,*,#1937,.F.);
#2575=ORIENTED_EDGE('',*,*,#1943,.T.);
#2576=ORIENTED_EDGE('',*,*,#1933,.F.);
#2577=ORIENTED_EDGE('',*,*,#1944,.T.);
#2578=ORIENTED_EDGE('',*,*,#1945,.T.);
#2579=ORIENTED_EDGE('',*,*,#1939,.T.);
#2580=ORIENTED_EDGE('',*,*,#1916,.F.);
#2581=ORIENTED_EDGE('',*,*,#1946,.F.);
#2582=ORIENTED_EDGE('',*,*,#1784,.F.);
#2583=ORIENTED_EDGE('',*,*,#1867,.T.);
#2584=ORIENTED_EDGE('',*,*,#1947,.T.);
#2585=ORIENTED_EDGE('',*,*,#1778,.F.);
#2586=ORIENTED_EDGE('',*,*,#1948,.F.);
#2587=ORIENTED_EDGE('',*,*,#1949,.F.);
#2588=ORIENTED_EDGE('',*,*,#1948,.T.);
#2589=ORIENTED_EDGE('',*,*,#1781,.T.);
#2590=ORIENTED_EDGE('',*,*,#1946,.T.);
#2591=ORIENTED_EDGE('',*,*,#1950,.T.);
#2592=ORIENTED_EDGE('',*,*,#1907,.F.);
#2593=ORIENTED_EDGE('',*,*,#1951,.T.);
#2594=ORIENTED_EDGE('',*,*,#1949,.T.);
#2595=ORIENTED_EDGE('',*,*,#1952,.T.);
#2596=ORIENTED_EDGE('',*,*,#1799,.F.);
#2597=ORIENTED_EDGE('',*,*,#1820,.F.);
#2598=ORIENTED_EDGE('',*,*,#1953,.F.);
#2599=ORIENTED_EDGE('',*,*,#1954,.F.);
#2600=ORIENTED_EDGE('',*,*,#1955,.F.);
#2601=ORIENTED_EDGE('',*,*,#1956,.F.);
#2602=ORIENTED_EDGE('',*,*,#1957,.F.);
#2603=ORIENTED_EDGE('',*,*,#1958,.F.);
#2604=ORIENTED_EDGE('',*,*,#1959,.F.);
#2605=ORIENTED_EDGE('',*,*,#1960,.F.);
#2606=ORIENTED_EDGE('',*,*,#1961,.F.);
#2607=ORIENTED_EDGE('',*,*,#1962,.F.);
#2608=ORIENTED_EDGE('',*,*,#1963,.F.);
#2609=ORIENTED_EDGE('',*,*,#1964,.F.);
#2610=ORIENTED_EDGE('',*,*,#1944,.F.);
#2611=ORIENTED_EDGE('',*,*,#1926,.F.);
#2612=ORIENTED_EDGE('',*,*,#1931,.F.);
#2613=ORIENTED_EDGE('',*,*,#1792,.F.);
#2614=ORIENTED_EDGE('',*,*,#1779,.F.);
#2615=ORIENTED_EDGE('',*,*,#1947,.F.);
#2616=ORIENTED_EDGE('',*,*,#1951,.F.);
#2617=ORIENTED_EDGE('',*,*,#1910,.F.);
#2618=ORIENTED_EDGE('',*,*,#1965,.F.);
#2619=ORIENTED_EDGE('',*,*,#1966,.F.);
#2620=ORIENTED_EDGE('',*,*,#1967,.F.);
#2621=ORIENTED_EDGE('',*,*,#1968,.F.);
#2622=ORIENTED_EDGE('',*,*,#1969,.F.);
#2623=ORIENTED_EDGE('',*,*,#1970,.F.);
#2624=ORIENTED_EDGE('',*,*,#1971,.F.);
#2625=ORIENTED_EDGE('',*,*,#1972,.F.);
#2626=ORIENTED_EDGE('',*,*,#1973,.F.);
#2627=ORIENTED_EDGE('',*,*,#1974,.F.);
#2628=ORIENTED_EDGE('',*,*,#1975,.F.);
#2629=ORIENTED_EDGE('',*,*,#1976,.F.);
#2630=ORIENTED_EDGE('',*,*,#1977,.F.);
#2631=ORIENTED_EDGE('',*,*,#1978,.F.);
#2632=ORIENTED_EDGE('',*,*,#1979,.F.);
#2633=ORIENTED_EDGE('',*,*,#1980,.F.);
#2634=ORIENTED_EDGE('',*,*,#1981,.F.);
#2635=ORIENTED_EDGE('',*,*,#1982,.F.);
#2636=ORIENTED_EDGE('',*,*,#1983,.F.);
#2637=ORIENTED_EDGE('',*,*,#1984,.F.);
#2638=ORIENTED_EDGE('',*,*,#1885,.F.);
#2639=ORIENTED_EDGE('',*,*,#1889,.F.);
#2640=ORIENTED_EDGE('',*,*,#1878,.F.);
#2641=ORIENTED_EDGE('',*,*,#1872,.F.);
#2642=ORIENTED_EDGE('',*,*,#1881,.F.);
#2643=ORIENTED_EDGE('',*,*,#1905,.F.);
#2644=ORIENTED_EDGE('',*,*,#1952,.F.);
#2645=ORIENTED_EDGE('',*,*,#1950,.F.);
#2646=ORIENTED_EDGE('',*,*,#1915,.F.);
#2647=ORIENTED_EDGE('',*,*,#1899,.F.);
#2648=ORIENTED_EDGE('',*,*,#1901,.F.);
#2649=ORIENTED_EDGE('',*,*,#1985,.T.);
#2650=ORIENTED_EDGE('',*,*,#1986,.T.);
#2651=ORIENTED_EDGE('',*,*,#1987,.T.);
#2652=ORIENTED_EDGE('',*,*,#1985,.F.);
#2653=ORIENTED_EDGE('',*,*,#1988,.T.);
#2654=ORIENTED_EDGE('',*,*,#1989,.T.);
#2655=ORIENTED_EDGE('',*,*,#1990,.T.);
#2656=ORIENTED_EDGE('',*,*,#1991,.T.);
#2657=ORIENTED_EDGE('',*,*,#1992,.T.);
#2658=ORIENTED_EDGE('',*,*,#1989,.F.);
#2659=ORIENTED_EDGE('',*,*,#1993,.T.);
#2660=ORIENTED_EDGE('',*,*,#1991,.F.);
#2661=ORIENTED_EDGE('',*,*,#1994,.T.);
#2662=ORIENTED_EDGE('',*,*,#1995,.T.);
#2663=ORIENTED_EDGE('',*,*,#1996,.T.);
#2664=ORIENTED_EDGE('',*,*,#1997,.T.);
#2665=ORIENTED_EDGE('',*,*,#1998,.T.);
#2666=ORIENTED_EDGE('',*,*,#1995,.F.);
#2667=ORIENTED_EDGE('',*,*,#1997,.F.);
#2668=ORIENTED_EDGE('',*,*,#1994,.F.);
#2669=ORIENTED_EDGE('',*,*,#1999,.T.);
#2670=ORIENTED_EDGE('',*,*,#2000,.T.);
#2671=ORIENTED_EDGE('',*,*,#1967,.T.);
#2672=ORIENTED_EDGE('',*,*,#1993,.F.);
#2673=ORIENTED_EDGE('',*,*,#2001,.F.);
#2674=ORIENTED_EDGE('',*,*,#2002,.F.);
#2675=ORIENTED_EDGE('',*,*,#1999,.F.);
#2676=ORIENTED_EDGE('',*,*,#2003,.T.);
#2677=ORIENTED_EDGE('',*,*,#1988,.F.);
#2678=ORIENTED_EDGE('',*,*,#1987,.F.);
#2679=ORIENTED_EDGE('',*,*,#1862,.T.);
#2680=ORIENTED_EDGE('',*,*,#2004,.T.);
#2681=ORIENTED_EDGE('',*,*,#2001,.T.);
#2682=ORIENTED_EDGE('',*,*,#1986,.F.);
#2683=ORIENTED_EDGE('',*,*,#2005,.T.);
#2684=ORIENTED_EDGE('',*,*,#2006,.T.);
#2685=ORIENTED_EDGE('',*,*,#1863,.T.);
#2686=ORIENTED_EDGE('',*,*,#2007,.T.);
#2687=ORIENTED_EDGE('',*,*,#2008,.T.);
#2688=ORIENTED_EDGE('',*,*,#1829,.T.);
#2689=ORIENTED_EDGE('',*,*,#1938,.T.);
#2690=ORIENTED_EDGE('',*,*,#1942,.T.);
#2691=ORIENTED_EDGE('',*,*,#2009,.T.);
#2692=ORIENTED_EDGE('',*,*,#2010,.T.);
#2693=ORIENTED_EDGE('',*,*,#2011,.T.);
#2694=ORIENTED_EDGE('',*,*,#2012,.T.);
#2695=ORIENTED_EDGE('',*,*,#1964,.T.);
#2696=ORIENTED_EDGE('',*,*,#2013,.T.);
#2697=ORIENTED_EDGE('',*,*,#2014,.T.);
#2698=ORIENTED_EDGE('',*,*,#1940,.T.);
#2699=ORIENTED_EDGE('',*,*,#1945,.F.);
#2700=ORIENTED_EDGE('',*,*,#2013,.F.);
#2701=ORIENTED_EDGE('',*,*,#2015,.T.);
#2702=ORIENTED_EDGE('',*,*,#2009,.F.);
#2703=ORIENTED_EDGE('',*,*,#2011,.F.);
#2704=ORIENTED_EDGE('',*,*,#2016,.T.);
#2705=ORIENTED_EDGE('',*,*,#2008,.F.);
#2706=ORIENTED_EDGE('',*,*,#2016,.F.);
#2707=ORIENTED_EDGE('',*,*,#2017,.T.);
#2708=ORIENTED_EDGE('',*,*,#2018,.F.);
#2709=ORIENTED_EDGE('',*,*,#1830,.T.);
#2710=ORIENTED_EDGE('',*,*,#2010,.F.);
#2711=ORIENTED_EDGE('',*,*,#2019,.F.);
#2712=ORIENTED_EDGE('',*,*,#2020,.F.);
#2713=ORIENTED_EDGE('',*,*,#2021,.F.);
#2714=ORIENTED_EDGE('',*,*,#2022,.F.);
#2715=ORIENTED_EDGE('',*,*,#2017,.F.);
#2716=ORIENTED_EDGE('',*,*,#2023,.T.);
#2717=ORIENTED_EDGE('',*,*,#2015,.F.);
#2718=ORIENTED_EDGE('',*,*,#1963,.T.);
#2719=ORIENTED_EDGE('',*,*,#2024,.T.);
#2720=ORIENTED_EDGE('',*,*,#2019,.T.);
#2721=ORIENTED_EDGE('',*,*,#1917,.F.);
#2722=ORIENTED_EDGE('',*,*,#1935,.T.);
#2723=ORIENTED_EDGE('',*,*,#1928,.F.);
#2724=ORIENTED_EDGE('',*,*,#1925,.F.);
#2725=ORIENTED_EDGE('',*,*,#2006,.F.);
#2726=ORIENTED_EDGE('',*,*,#2025,.F.);
#2727=ORIENTED_EDGE('',*,*,#1914,.F.);
#2728=ORIENTED_EDGE('',*,*,#1864,.T.);
#2729=ORIENTED_EDGE('',*,*,#1965,.T.);
#2730=ORIENTED_EDGE('',*,*,#1909,.F.);
#2731=ORIENTED_EDGE('',*,*,#2026,.F.);
#2732=ORIENTED_EDGE('',*,*,#2027,.F.);
#2733=ORIENTED_EDGE('',*,*,#2026,.T.);
#2734=ORIENTED_EDGE('',*,*,#1912,.T.);
#2735=ORIENTED_EDGE('',*,*,#2025,.T.);
#2736=ORIENTED_EDGE('',*,*,#2028,.T.);
#2737=ORIENTED_EDGE('',*,*,#1998,.F.);
#2738=ORIENTED_EDGE('',*,*,#1966,.T.);
#2739=ORIENTED_EDGE('',*,*,#2027,.T.);
#2740=ORIENTED_EDGE('',*,*,#2029,.T.);
#2741=ORIENTED_EDGE('',*,*,#1996,.F.);
#2742=ORIENTED_EDGE('',*,*,#2029,.F.);
#2743=ORIENTED_EDGE('',*,*,#2028,.F.);
#2744=ORIENTED_EDGE('',*,*,#2005,.F.);
#2745=ORIENTED_EDGE('',*,*,#1990,.F.);
#2746=ORIENTED_EDGE('',*,*,#1992,.F.);
#2747=ORIENTED_EDGE('',*,*,#2030,.T.);
#2748=ORIENTED_EDGE('',*,*,#2031,.T.);
#2749=ORIENTED_EDGE('',*,*,#2032,.T.);
#2750=ORIENTED_EDGE('',*,*,#2030,.F.);
#2751=ORIENTED_EDGE('',*,*,#2033,.T.);
#2752=ORIENTED_EDGE('',*,*,#2034,.T.);
#2753=ORIENTED_EDGE('',*,*,#2035,.T.);
#2754=ORIENTED_EDGE('',*,*,#2036,.T.);
#2755=ORIENTED_EDGE('',*,*,#2037,.T.);
#2756=ORIENTED_EDGE('',*,*,#2034,.F.);
#2757=ORIENTED_EDGE('',*,*,#2038,.T.);
#2758=ORIENTED_EDGE('',*,*,#2036,.F.);
#2759=ORIENTED_EDGE('',*,*,#2039,.T.);
#2760=ORIENTED_EDGE('',*,*,#2040,.T.);
#2761=ORIENTED_EDGE('',*,*,#2041,.T.);
#2762=ORIENTED_EDGE('',*,*,#2042,.T.);
#2763=ORIENTED_EDGE('',*,*,#2043,.T.);
#2764=ORIENTED_EDGE('',*,*,#2040,.F.);
#2765=ORIENTED_EDGE('',*,*,#2042,.F.);
#2766=ORIENTED_EDGE('',*,*,#2039,.F.);
#2767=ORIENTED_EDGE('',*,*,#2044,.T.);
#2768=ORIENTED_EDGE('',*,*,#2045,.T.);
#2769=ORIENTED_EDGE('',*,*,#1970,.T.);
#2770=ORIENTED_EDGE('',*,*,#2038,.F.);
#2771=ORIENTED_EDGE('',*,*,#2046,.F.);
#2772=ORIENTED_EDGE('',*,*,#2047,.F.);
#2773=ORIENTED_EDGE('',*,*,#2044,.F.);
#2774=ORIENTED_EDGE('',*,*,#2048,.T.);
#2775=ORIENTED_EDGE('',*,*,#2033,.F.);
#2776=ORIENTED_EDGE('',*,*,#2032,.F.);
#2777=ORIENTED_EDGE('',*,*,#1859,.T.);
#2778=ORIENTED_EDGE('',*,*,#2049,.T.);
#2779=ORIENTED_EDGE('',*,*,#2046,.T.);
#2780=ORIENTED_EDGE('',*,*,#2031,.F.);
#2781=ORIENTED_EDGE('',*,*,#2050,.T.);
#2782=ORIENTED_EDGE('',*,*,#2051,.T.);
#2783=ORIENTED_EDGE('',*,*,#1860,.T.);
#2784=ORIENTED_EDGE('',*,*,#2052,.T.);
#2785=ORIENTED_EDGE('',*,*,#2053,.T.);
#2786=ORIENTED_EDGE('',*,*,#1831,.T.);
#2787=ORIENTED_EDGE('',*,*,#2018,.T.);
#2788=ORIENTED_EDGE('',*,*,#2022,.T.);
#2789=ORIENTED_EDGE('',*,*,#2054,.T.);
#2790=ORIENTED_EDGE('',*,*,#2055,.T.);
#2791=ORIENTED_EDGE('',*,*,#2056,.T.);
#2792=ORIENTED_EDGE('',*,*,#2057,.T.);
#2793=ORIENTED_EDGE('',*,*,#1962,.T.);
#2794=ORIENTED_EDGE('',*,*,#2058,.T.);
#2795=ORIENTED_EDGE('',*,*,#2059,.T.);
#2796=ORIENTED_EDGE('',*,*,#2020,.T.);
#2797=ORIENTED_EDGE('',*,*,#2024,.F.);
#2798=ORIENTED_EDGE('',*,*,#2058,.F.);
#2799=ORIENTED_EDGE('',*,*,#2060,.T.);
#2800=ORIENTED_EDGE('',*,*,#2054,.F.);
#2801=ORIENTED_EDGE('',*,*,#2056,.F.);
#2802=ORIENTED_EDGE('',*,*,#2061,.T.);
#2803=ORIENTED_EDGE('',*,*,#2053,.F.);
#2804=ORIENTED_EDGE('',*,*,#2061,.F.);
#2805=ORIENTED_EDGE('',*,*,#2062,.T.);
#2806=ORIENTED_EDGE('',*,*,#2063,.F.);
#2807=ORIENTED_EDGE('',*,*,#1832,.T.);
#2808=ORIENTED_EDGE('',*,*,#2055,.F.);
#2809=ORIENTED_EDGE('',*,*,#2064,.F.);
#2810=ORIENTED_EDGE('',*,*,#2065,.F.);
#2811=ORIENTED_EDGE('',*,*,#2066,.F.);
#2812=ORIENTED_EDGE('',*,*,#2067,.F.);
#2813=ORIENTED_EDGE('',*,*,#2062,.F.);
#2814=ORIENTED_EDGE('',*,*,#2068,.T.);
#2815=ORIENTED_EDGE('',*,*,#2060,.F.);
#2816=ORIENTED_EDGE('',*,*,#1961,.T.);
#2817=ORIENTED_EDGE('',*,*,#2069,.T.);
#2818=ORIENTED_EDGE('',*,*,#2064,.T.);
#2819=ORIENTED_EDGE('',*,*,#2007,.F.);
#2820=ORIENTED_EDGE('',*,*,#1941,.T.);
#2821=ORIENTED_EDGE('',*,*,#2014,.F.);
#2822=ORIENTED_EDGE('',*,*,#2012,.F.);
#2823=ORIENTED_EDGE('',*,*,#2051,.F.);
#2824=ORIENTED_EDGE('',*,*,#2070,.F.);
#2825=ORIENTED_EDGE('',*,*,#2004,.F.);
#2826=ORIENTED_EDGE('',*,*,#1861,.T.);
#2827=ORIENTED_EDGE('',*,*,#1968,.T.);
#2828=ORIENTED_EDGE('',*,*,#2000,.F.);
#2829=ORIENTED_EDGE('',*,*,#2071,.F.);
#2830=ORIENTED_EDGE('',*,*,#2072,.F.);
#2831=ORIENTED_EDGE('',*,*,#2071,.T.);
#2832=ORIENTED_EDGE('',*,*,#2002,.T.);
#2833=ORIENTED_EDGE('',*,*,#2070,.T.);
#2834=ORIENTED_EDGE('',*,*,#2073,.T.);
#2835=ORIENTED_EDGE('',*,*,#2043,.F.);
#2836=ORIENTED_EDGE('',*,*,#1969,.T.);
#2837=ORIENTED_EDGE('',*,*,#2072,.T.);
#2838=ORIENTED_EDGE('',*,*,#2074,.T.);
#2839=ORIENTED_EDGE('',*,*,#2041,.F.);
#2840=ORIENTED_EDGE('',*,*,#2074,.F.);
#2841=ORIENTED_EDGE('',*,*,#2073,.F.);
#2842=ORIENTED_EDGE('',*,*,#2050,.F.);
#2843=ORIENTED_EDGE('',*,*,#2035,.F.);
#2844=ORIENTED_EDGE('',*,*,#2037,.F.);
#2845=ORIENTED_EDGE('',*,*,#2075,.T.);
#2846=ORIENTED_EDGE('',*,*,#2076,.T.);
#2847=ORIENTED_EDGE('',*,*,#2077,.T.);
#2848=ORIENTED_EDGE('',*,*,#2075,.F.);
#2849=ORIENTED_EDGE('',*,*,#2078,.T.);
#2850=ORIENTED_EDGE('',*,*,#2079,.T.);
#2851=ORIENTED_EDGE('',*,*,#2080,.T.);
#2852=ORIENTED_EDGE('',*,*,#2081,.T.);
#2853=ORIENTED_EDGE('',*,*,#2082,.T.);
#2854=ORIENTED_EDGE('',*,*,#2079,.F.);
#2855=ORIENTED_EDGE('',*,*,#2083,.T.);
#2856=ORIENTED_EDGE('',*,*,#2081,.F.);
#2857=ORIENTED_EDGE('',*,*,#2084,.T.);
#2858=ORIENTED_EDGE('',*,*,#2085,.T.);
#2859=ORIENTED_EDGE('',*,*,#2086,.T.);
#2860=ORIENTED_EDGE('',*,*,#2087,.T.);
#2861=ORIENTED_EDGE('',*,*,#2088,.T.);
#2862=ORIENTED_EDGE('',*,*,#2085,.F.);
#2863=ORIENTED_EDGE('',*,*,#2087,.F.);
#2864=ORIENTED_EDGE('',*,*,#2084,.F.);
#2865=ORIENTED_EDGE('',*,*,#2089,.T.);
#2866=ORIENTED_EDGE('',*,*,#2090,.T.);
#2867=ORIENTED_EDGE('',*,*,#1973,.T.);
#2868=ORIENTED_EDGE('',*,*,#2083,.F.);
#2869=ORIENTED_EDGE('',*,*,#2091,.F.);
#2870=ORIENTED_EDGE('',*,*,#2092,.F.);
#2871=ORIENTED_EDGE('',*,*,#2089,.F.);
#2872=ORIENTED_EDGE('',*,*,#2093,.T.);
#2873=ORIENTED_EDGE('',*,*,#2078,.F.);
#2874=ORIENTED_EDGE('',*,*,#2077,.F.);
#2875=ORIENTED_EDGE('',*,*,#1856,.T.);
#2876=ORIENTED_EDGE('',*,*,#2094,.T.);
#2877=ORIENTED_EDGE('',*,*,#2091,.T.);
#2878=ORIENTED_EDGE('',*,*,#2076,.F.);
#2879=ORIENTED_EDGE('',*,*,#2095,.T.);
#2880=ORIENTED_EDGE('',*,*,#2096,.T.);
#2881=ORIENTED_EDGE('',*,*,#1857,.T.);
#2882=ORIENTED_EDGE('',*,*,#2097,.T.);
#2883=ORIENTED_EDGE('',*,*,#2098,.T.);
#2884=ORIENTED_EDGE('',*,*,#1833,.T.);
#2885=ORIENTED_EDGE('',*,*,#2063,.T.);
#2886=ORIENTED_EDGE('',*,*,#2067,.T.);
#2887=ORIENTED_EDGE('',*,*,#2099,.T.);
#2888=ORIENTED_EDGE('',*,*,#2100,.T.);
#2889=ORIENTED_EDGE('',*,*,#2101,.T.);
#2890=ORIENTED_EDGE('',*,*,#2102,.T.);
#2891=ORIENTED_EDGE('',*,*,#1960,.T.);
#2892=ORIENTED_EDGE('',*,*,#2103,.T.);
#2893=ORIENTED_EDGE('',*,*,#2104,.T.);
#2894=ORIENTED_EDGE('',*,*,#2065,.T.);
#2895=ORIENTED_EDGE('',*,*,#2069,.F.);
#2896=ORIENTED_EDGE('',*,*,#2103,.F.);
#2897=ORIENTED_EDGE('',*,*,#2105,.T.);
#2898=ORIENTED_EDGE('',*,*,#2099,.F.);
#2899=ORIENTED_EDGE('',*,*,#2101,.F.);
#2900=ORIENTED_EDGE('',*,*,#2106,.T.);
#2901=ORIENTED_EDGE('',*,*,#2098,.F.);
#2902=ORIENTED_EDGE('',*,*,#2106,.F.);
#2903=ORIENTED_EDGE('',*,*,#2107,.T.);
#2904=ORIENTED_EDGE('',*,*,#2108,.F.);
#2905=ORIENTED_EDGE('',*,*,#1834,.T.);
#2906=ORIENTED_EDGE('',*,*,#2100,.F.);
#2907=ORIENTED_EDGE('',*,*,#2109,.F.);
#2908=ORIENTED_EDGE('',*,*,#2110,.F.);
#2909=ORIENTED_EDGE('',*,*,#2111,.F.);
#2910=ORIENTED_EDGE('',*,*,#2112,.F.);
#2911=ORIENTED_EDGE('',*,*,#2107,.F.);
#2912=ORIENTED_EDGE('',*,*,#2113,.T.);
#2913=ORIENTED_EDGE('',*,*,#2105,.F.);
#2914=ORIENTED_EDGE('',*,*,#1959,.T.);
#2915=ORIENTED_EDGE('',*,*,#2114,.T.);
#2916=ORIENTED_EDGE('',*,*,#2109,.T.);
#2917=ORIENTED_EDGE('',*,*,#2052,.F.);
#2918=ORIENTED_EDGE('',*,*,#2021,.T.);
#2919=ORIENTED_EDGE('',*,*,#2059,.F.);
#2920=ORIENTED_EDGE('',*,*,#2057,.F.);
#2921=ORIENTED_EDGE('',*,*,#2096,.F.);
#2922=ORIENTED_EDGE('',*,*,#2115,.F.);
#2923=ORIENTED_EDGE('',*,*,#2049,.F.);
#2924=ORIENTED_EDGE('',*,*,#1858,.T.);
#2925=ORIENTED_EDGE('',*,*,#1971,.T.);
#2926=ORIENTED_EDGE('',*,*,#2045,.F.);
#2927=ORIENTED_EDGE('',*,*,#2116,.F.);
#2928=ORIENTED_EDGE('',*,*,#2117,.F.);
#2929=ORIENTED_EDGE('',*,*,#2116,.T.);
#2930=ORIENTED_EDGE('',*,*,#2047,.T.);
#2931=ORIENTED_EDGE('',*,*,#2115,.T.);
#2932=ORIENTED_EDGE('',*,*,#2118,.T.);
#2933=ORIENTED_EDGE('',*,*,#2088,.F.);
#2934=ORIENTED_EDGE('',*,*,#1972,.T.);
#2935=ORIENTED_EDGE('',*,*,#2117,.T.);
#2936=ORIENTED_EDGE('',*,*,#2119,.T.);
#2937=ORIENTED_EDGE('',*,*,#2086,.F.);
#2938=ORIENTED_EDGE('',*,*,#2119,.F.);
#2939=ORIENTED_EDGE('',*,*,#2118,.F.);
#2940=ORIENTED_EDGE('',*,*,#2095,.F.);
#2941=ORIENTED_EDGE('',*,*,#2080,.F.);
#2942=ORIENTED_EDGE('',*,*,#2082,.F.);
#2943=ORIENTED_EDGE('',*,*,#2120,.T.);
#2944=ORIENTED_EDGE('',*,*,#2121,.T.);
#2945=ORIENTED_EDGE('',*,*,#2122,.T.);
#2946=ORIENTED_EDGE('',*,*,#2120,.F.);
#2947=ORIENTED_EDGE('',*,*,#2123,.T.);
#2948=ORIENTED_EDGE('',*,*,#2124,.T.);
#2949=ORIENTED_EDGE('',*,*,#2125,.T.);
#2950=ORIENTED_EDGE('',*,*,#2126,.T.);
#2951=ORIENTED_EDGE('',*,*,#2127,.T.);
#2952=ORIENTED_EDGE('',*,*,#2124,.F.);
#2953=ORIENTED_EDGE('',*,*,#2128,.T.);
#2954=ORIENTED_EDGE('',*,*,#2126,.F.);
#2955=ORIENTED_EDGE('',*,*,#2129,.T.);
#2956=ORIENTED_EDGE('',*,*,#2130,.T.);
#2957=ORIENTED_EDGE('',*,*,#2131,.T.);
#2958=ORIENTED_EDGE('',*,*,#2132,.T.);
#2959=ORIENTED_EDGE('',*,*,#2133,.T.);
#2960=ORIENTED_EDGE('',*,*,#2130,.F.);
#2961=ORIENTED_EDGE('',*,*,#2132,.F.);
#2962=ORIENTED_EDGE('',*,*,#2129,.F.);
#2963=ORIENTED_EDGE('',*,*,#2134,.T.);
#2964=ORIENTED_EDGE('',*,*,#2135,.T.);
#2965=ORIENTED_EDGE('',*,*,#1976,.T.);
#2966=ORIENTED_EDGE('',*,*,#2128,.F.);
#2967=ORIENTED_EDGE('',*,*,#2136,.F.);
#2968=ORIENTED_EDGE('',*,*,#2137,.F.);
#2969=ORIENTED_EDGE('',*,*,#2134,.F.);
#2970=ORIENTED_EDGE('',*,*,#2138,.T.);
#2971=ORIENTED_EDGE('',*,*,#2123,.F.);
#2972=ORIENTED_EDGE('',*,*,#2122,.F.);
#2973=ORIENTED_EDGE('',*,*,#1853,.T.);
#2974=ORIENTED_EDGE('',*,*,#2139,.T.);
#2975=ORIENTED_EDGE('',*,*,#2136,.T.);
#2976=ORIENTED_EDGE('',*,*,#2121,.F.);
#2977=ORIENTED_EDGE('',*,*,#2140,.T.);
#2978=ORIENTED_EDGE('',*,*,#2141,.T.);
#2979=ORIENTED_EDGE('',*,*,#1854,.T.);
#2980=ORIENTED_EDGE('',*,*,#2142,.T.);
#2981=ORIENTED_EDGE('',*,*,#2143,.T.);
#2982=ORIENTED_EDGE('',*,*,#1835,.T.);
#2983=ORIENTED_EDGE('',*,*,#2108,.T.);
#2984=ORIENTED_EDGE('',*,*,#2112,.T.);
#2985=ORIENTED_EDGE('',*,*,#2144,.T.);
#2986=ORIENTED_EDGE('',*,*,#2145,.T.);
#2987=ORIENTED_EDGE('',*,*,#2146,.T.);
#2988=ORIENTED_EDGE('',*,*,#2147,.T.);
#2989=ORIENTED_EDGE('',*,*,#1958,.T.);
#2990=ORIENTED_EDGE('',*,*,#2148,.T.);
#2991=ORIENTED_EDGE('',*,*,#2149,.T.);
#2992=ORIENTED_EDGE('',*,*,#2110,.T.);
#2993=ORIENTED_EDGE('',*,*,#2114,.F.);
#2994=ORIENTED_EDGE('',*,*,#2148,.F.);
#2995=ORIENTED_EDGE('',*,*,#2150,.T.);
#2996=ORIENTED_EDGE('',*,*,#2144,.F.);
#2997=ORIENTED_EDGE('',*,*,#2146,.F.);
#2998=ORIENTED_EDGE('',*,*,#2151,.T.);
#2999=ORIENTED_EDGE('',*,*,#2143,.F.);
#3000=ORIENTED_EDGE('',*,*,#2151,.F.);
#3001=ORIENTED_EDGE('',*,*,#2152,.T.);
#3002=ORIENTED_EDGE('',*,*,#2153,.F.);
#3003=ORIENTED_EDGE('',*,*,#1836,.T.);
#3004=ORIENTED_EDGE('',*,*,#2145,.F.);
#3005=ORIENTED_EDGE('',*,*,#2154,.F.);
#3006=ORIENTED_EDGE('',*,*,#2155,.F.);
#3007=ORIENTED_EDGE('',*,*,#2156,.F.);
#3008=ORIENTED_EDGE('',*,*,#2157,.F.);
#3009=ORIENTED_EDGE('',*,*,#2152,.F.);
#3010=ORIENTED_EDGE('',*,*,#2158,.T.);
#3011=ORIENTED_EDGE('',*,*,#2150,.F.);
#3012=ORIENTED_EDGE('',*,*,#1957,.T.);
#3013=ORIENTED_EDGE('',*,*,#2159,.T.);
#3014=ORIENTED_EDGE('',*,*,#2154,.T.);
#3015=ORIENTED_EDGE('',*,*,#2097,.F.);
#3016=ORIENTED_EDGE('',*,*,#2066,.T.);
#3017=ORIENTED_EDGE('',*,*,#2104,.F.);
#3018=ORIENTED_EDGE('',*,*,#2102,.F.);
#3019=ORIENTED_EDGE('',*,*,#2141,.F.);
#3020=ORIENTED_EDGE('',*,*,#2160,.F.);
#3021=ORIENTED_EDGE('',*,*,#2094,.F.);
#3022=ORIENTED_EDGE('',*,*,#1855,.T.);
#3023=ORIENTED_EDGE('',*,*,#1974,.T.);
#3024=ORIENTED_EDGE('',*,*,#2090,.F.);
#3025=ORIENTED_EDGE('',*,*,#2161,.F.);
#3026=ORIENTED_EDGE('',*,*,#2162,.F.);
#3027=ORIENTED_EDGE('',*,*,#2161,.T.);
#3028=ORIENTED_EDGE('',*,*,#2092,.T.);
#3029=ORIENTED_EDGE('',*,*,#2160,.T.);
#3030=ORIENTED_EDGE('',*,*,#2163,.T.);
#3031=ORIENTED_EDGE('',*,*,#2133,.F.);
#3032=ORIENTED_EDGE('',*,*,#1975,.T.);
#3033=ORIENTED_EDGE('',*,*,#2162,.T.);
#3034=ORIENTED_EDGE('',*,*,#2164,.T.);
#3035=ORIENTED_EDGE('',*,*,#2131,.F.);
#3036=ORIENTED_EDGE('',*,*,#2164,.F.);
#3037=ORIENTED_EDGE('',*,*,#2163,.F.);
#3038=ORIENTED_EDGE('',*,*,#2140,.F.);
#3039=ORIENTED_EDGE('',*,*,#2125,.F.);
#3040=ORIENTED_EDGE('',*,*,#2127,.F.);
#3041=ORIENTED_EDGE('',*,*,#2165,.T.);
#3042=ORIENTED_EDGE('',*,*,#2166,.T.);
#3043=ORIENTED_EDGE('',*,*,#2167,.T.);
#3044=ORIENTED_EDGE('',*,*,#2165,.F.);
#3045=ORIENTED_EDGE('',*,*,#2168,.T.);
#3046=ORIENTED_EDGE('',*,*,#2169,.T.);
#3047=ORIENTED_EDGE('',*,*,#2170,.T.);
#3048=ORIENTED_EDGE('',*,*,#2171,.T.);
#3049=ORIENTED_EDGE('',*,*,#2172,.T.);
#3050=ORIENTED_EDGE('',*,*,#2169,.F.);
#3051=ORIENTED_EDGE('',*,*,#2173,.T.);
#3052=ORIENTED_EDGE('',*,*,#2171,.F.);
#3053=ORIENTED_EDGE('',*,*,#2174,.T.);
#3054=ORIENTED_EDGE('',*,*,#2175,.T.);
#3055=ORIENTED_EDGE('',*,*,#2176,.T.);
#3056=ORIENTED_EDGE('',*,*,#2177,.T.);
#3057=ORIENTED_EDGE('',*,*,#2178,.T.);
#3058=ORIENTED_EDGE('',*,*,#2175,.F.);
#3059=ORIENTED_EDGE('',*,*,#2177,.F.);
#3060=ORIENTED_EDGE('',*,*,#2174,.F.);
#3061=ORIENTED_EDGE('',*,*,#2179,.T.);
#3062=ORIENTED_EDGE('',*,*,#2180,.T.);
#3063=ORIENTED_EDGE('',*,*,#1979,.T.);
#3064=ORIENTED_EDGE('',*,*,#2173,.F.);
#3065=ORIENTED_EDGE('',*,*,#2181,.F.);
#3066=ORIENTED_EDGE('',*,*,#2182,.F.);
#3067=ORIENTED_EDGE('',*,*,#2179,.F.);
#3068=ORIENTED_EDGE('',*,*,#2183,.T.);
#3069=ORIENTED_EDGE('',*,*,#2168,.F.);
#3070=ORIENTED_EDGE('',*,*,#2167,.F.);
#3071=ORIENTED_EDGE('',*,*,#1850,.T.);
#3072=ORIENTED_EDGE('',*,*,#2184,.T.);
#3073=ORIENTED_EDGE('',*,*,#2181,.T.);
#3074=ORIENTED_EDGE('',*,*,#2166,.F.);
#3075=ORIENTED_EDGE('',*,*,#2185,.T.);
#3076=ORIENTED_EDGE('',*,*,#2186,.T.);
#3077=ORIENTED_EDGE('',*,*,#1851,.T.);
#3078=ORIENTED_EDGE('',*,*,#2187,.T.);
#3079=ORIENTED_EDGE('',*,*,#2188,.T.);
#3080=ORIENTED_EDGE('',*,*,#1837,.T.);
#3081=ORIENTED_EDGE('',*,*,#2153,.T.);
#3082=ORIENTED_EDGE('',*,*,#2157,.T.);
#3083=ORIENTED_EDGE('',*,*,#2189,.T.);
#3084=ORIENTED_EDGE('',*,*,#2190,.T.);
#3085=ORIENTED_EDGE('',*,*,#2191,.T.);
#3086=ORIENTED_EDGE('',*,*,#2192,.T.);
#3087=ORIENTED_EDGE('',*,*,#1956,.T.);
#3088=ORIENTED_EDGE('',*,*,#2193,.T.);
#3089=ORIENTED_EDGE('',*,*,#2194,.T.);
#3090=ORIENTED_EDGE('',*,*,#2155,.T.);
#3091=ORIENTED_EDGE('',*,*,#2159,.F.);
#3092=ORIENTED_EDGE('',*,*,#2193,.F.);
#3093=ORIENTED_EDGE('',*,*,#2195,.T.);
#3094=ORIENTED_EDGE('',*,*,#2189,.F.);
#3095=ORIENTED_EDGE('',*,*,#2191,.F.);
#3096=ORIENTED_EDGE('',*,*,#2196,.T.);
#3097=ORIENTED_EDGE('',*,*,#2188,.F.);
#3098=ORIENTED_EDGE('',*,*,#2196,.F.);
#3099=ORIENTED_EDGE('',*,*,#2197,.T.);
#3100=ORIENTED_EDGE('',*,*,#2198,.F.);
#3101=ORIENTED_EDGE('',*,*,#1838,.T.);
#3102=ORIENTED_EDGE('',*,*,#2190,.F.);
#3103=ORIENTED_EDGE('',*,*,#2199,.F.);
#3104=ORIENTED_EDGE('',*,*,#2200,.F.);
#3105=ORIENTED_EDGE('',*,*,#2201,.F.);
#3106=ORIENTED_EDGE('',*,*,#2202,.F.);
#3107=ORIENTED_EDGE('',*,*,#2197,.F.);
#3108=ORIENTED_EDGE('',*,*,#2203,.T.);
#3109=ORIENTED_EDGE('',*,*,#2195,.F.);
#3110=ORIENTED_EDGE('',*,*,#1955,.T.);
#3111=ORIENTED_EDGE('',*,*,#2204,.F.);
#3112=ORIENTED_EDGE('',*,*,#2199,.T.);
#3113=ORIENTED_EDGE('',*,*,#2142,.F.);
#3114=ORIENTED_EDGE('',*,*,#2111,.T.);
#3115=ORIENTED_EDGE('',*,*,#2149,.F.);
#3116=ORIENTED_EDGE('',*,*,#2147,.F.);
#3117=ORIENTED_EDGE('',*,*,#2186,.F.);
#3118=ORIENTED_EDGE('',*,*,#2205,.F.);
#3119=ORIENTED_EDGE('',*,*,#2139,.F.);
#3120=ORIENTED_EDGE('',*,*,#1852,.T.);
#3121=ORIENTED_EDGE('',*,*,#1977,.T.);
#3122=ORIENTED_EDGE('',*,*,#2135,.F.);
#3123=ORIENTED_EDGE('',*,*,#2206,.F.);
#3124=ORIENTED_EDGE('',*,*,#2207,.F.);
#3125=ORIENTED_EDGE('',*,*,#2206,.T.);
#3126=ORIENTED_EDGE('',*,*,#2137,.T.);
#3127=ORIENTED_EDGE('',*,*,#2205,.T.);
#3128=ORIENTED_EDGE('',*,*,#2208,.T.);
#3129=ORIENTED_EDGE('',*,*,#2178,.F.);
#3130=ORIENTED_EDGE('',*,*,#1978,.T.);
#3131=ORIENTED_EDGE('',*,*,#2207,.T.);
#3132=ORIENTED_EDGE('',*,*,#2209,.T.);
#3133=ORIENTED_EDGE('',*,*,#2176,.F.);
#3134=ORIENTED_EDGE('',*,*,#2209,.F.);
#3135=ORIENTED_EDGE('',*,*,#2208,.F.);
#3136=ORIENTED_EDGE('',*,*,#2185,.F.);
#3137=ORIENTED_EDGE('',*,*,#2170,.F.);
#3138=ORIENTED_EDGE('',*,*,#2172,.F.);
#3139=ORIENTED_EDGE('',*,*,#2210,.T.);
#3140=ORIENTED_EDGE('',*,*,#2211,.T.);
#3141=ORIENTED_EDGE('',*,*,#2212,.T.);
#3142=ORIENTED_EDGE('',*,*,#2210,.F.);
#3143=ORIENTED_EDGE('',*,*,#2213,.T.);
#3144=ORIENTED_EDGE('',*,*,#2214,.T.);
#3145=ORIENTED_EDGE('',*,*,#2215,.T.);
#3146=ORIENTED_EDGE('',*,*,#2216,.T.);
#3147=ORIENTED_EDGE('',*,*,#2217,.T.);
#3148=ORIENTED_EDGE('',*,*,#2214,.F.);
#3149=ORIENTED_EDGE('',*,*,#2218,.T.);
#3150=ORIENTED_EDGE('',*,*,#2216,.F.);
#3151=ORIENTED_EDGE('',*,*,#2219,.T.);
#3152=ORIENTED_EDGE('',*,*,#2220,.T.);
#3153=ORIENTED_EDGE('',*,*,#2221,.T.);
#3154=ORIENTED_EDGE('',*,*,#2222,.T.);
#3155=ORIENTED_EDGE('',*,*,#2223,.T.);
#3156=ORIENTED_EDGE('',*,*,#2220,.F.);
#3157=ORIENTED_EDGE('',*,*,#2222,.F.);
#3158=ORIENTED_EDGE('',*,*,#2219,.F.);
#3159=ORIENTED_EDGE('',*,*,#2224,.T.);
#3160=ORIENTED_EDGE('',*,*,#2225,.T.);
#3161=ORIENTED_EDGE('',*,*,#1982,.T.);
#3162=ORIENTED_EDGE('',*,*,#2218,.F.);
#3163=ORIENTED_EDGE('',*,*,#2226,.F.);
#3164=ORIENTED_EDGE('',*,*,#2227,.F.);
#3165=ORIENTED_EDGE('',*,*,#2224,.F.);
#3166=ORIENTED_EDGE('',*,*,#2228,.T.);
#3167=ORIENTED_EDGE('',*,*,#2213,.F.);
#3168=ORIENTED_EDGE('',*,*,#2212,.F.);
#3169=ORIENTED_EDGE('',*,*,#1847,.T.);
#3170=ORIENTED_EDGE('',*,*,#2229,.T.);
#3171=ORIENTED_EDGE('',*,*,#2226,.T.);
#3172=ORIENTED_EDGE('',*,*,#2211,.F.);
#3173=ORIENTED_EDGE('',*,*,#2230,.T.);
#3174=ORIENTED_EDGE('',*,*,#2231,.T.);
#3175=ORIENTED_EDGE('',*,*,#1848,.T.);
#3176=ORIENTED_EDGE('',*,*,#2232,.T.);
#3177=ORIENTED_EDGE('',*,*,#2233,.T.);
#3178=ORIENTED_EDGE('',*,*,#1839,.T.);
#3179=ORIENTED_EDGE('',*,*,#2198,.T.);
#3180=ORIENTED_EDGE('',*,*,#2202,.T.);
#3181=ORIENTED_EDGE('',*,*,#2234,.T.);
#3182=ORIENTED_EDGE('',*,*,#2235,.T.);
#3183=ORIENTED_EDGE('',*,*,#2236,.T.);
#3184=ORIENTED_EDGE('',*,*,#2237,.T.);
#3185=ORIENTED_EDGE('',*,*,#1954,.T.);
#3186=ORIENTED_EDGE('',*,*,#2238,.T.);
#3187=ORIENTED_EDGE('',*,*,#2239,.T.);
#3188=ORIENTED_EDGE('',*,*,#2200,.T.);
#3189=ORIENTED_EDGE('',*,*,#2204,.T.);
#3190=ORIENTED_EDGE('',*,*,#2238,.F.);
#3191=ORIENTED_EDGE('',*,*,#2240,.T.);
#3192=ORIENTED_EDGE('',*,*,#2234,.F.);
#3193=ORIENTED_EDGE('',*,*,#2236,.F.);
#3194=ORIENTED_EDGE('',*,*,#2241,.T.);
#3195=ORIENTED_EDGE('',*,*,#2233,.F.);
#3196=ORIENTED_EDGE('',*,*,#2241,.F.);
#3197=ORIENTED_EDGE('',*,*,#2242,.T.);
#3198=ORIENTED_EDGE('',*,*,#1824,.F.);
#3199=ORIENTED_EDGE('',*,*,#1840,.T.);
#3200=ORIENTED_EDGE('',*,*,#2235,.F.);
#3201=ORIENTED_EDGE('',*,*,#2243,.F.);
#3202=ORIENTED_EDGE('',*,*,#1818,.F.);
#3203=ORIENTED_EDGE('',*,*,#1822,.F.);
#3204=ORIENTED_EDGE('',*,*,#1825,.F.);
#3205=ORIENTED_EDGE('',*,*,#2242,.F.);
#3206=ORIENTED_EDGE('',*,*,#2244,.T.);
#3207=ORIENTED_EDGE('',*,*,#2187,.F.);
#3208=ORIENTED_EDGE('',*,*,#2156,.T.);
#3209=ORIENTED_EDGE('',*,*,#2194,.F.);
#3210=ORIENTED_EDGE('',*,*,#2192,.F.);
#3211=ORIENTED_EDGE('',*,*,#2240,.F.);
#3212=ORIENTED_EDGE('',*,*,#1953,.T.);
#3213=ORIENTED_EDGE('',*,*,#1819,.F.);
#3214=ORIENTED_EDGE('',*,*,#2243,.T.);
#3215=ORIENTED_EDGE('',*,*,#2231,.F.);
#3216=ORIENTED_EDGE('',*,*,#2245,.F.);
#3217=ORIENTED_EDGE('',*,*,#2184,.F.);
#3218=ORIENTED_EDGE('',*,*,#1849,.T.);
#3219=ORIENTED_EDGE('',*,*,#1980,.T.);
#3220=ORIENTED_EDGE('',*,*,#2180,.F.);
#3221=ORIENTED_EDGE('',*,*,#2246,.F.);
#3222=ORIENTED_EDGE('',*,*,#2247,.F.);
#3223=ORIENTED_EDGE('',*,*,#2246,.T.);
#3224=ORIENTED_EDGE('',*,*,#2182,.T.);
#3225=ORIENTED_EDGE('',*,*,#2245,.T.);
#3226=ORIENTED_EDGE('',*,*,#2248,.T.);
#3227=ORIENTED_EDGE('',*,*,#2223,.F.);
#3228=ORIENTED_EDGE('',*,*,#1981,.T.);
#3229=ORIENTED_EDGE('',*,*,#2247,.T.);
#3230=ORIENTED_EDGE('',*,*,#2249,.T.);
#3231=ORIENTED_EDGE('',*,*,#2221,.F.);
#3232=ORIENTED_EDGE('',*,*,#2249,.F.);
#3233=ORIENTED_EDGE('',*,*,#2248,.F.);
#3234=ORIENTED_EDGE('',*,*,#2230,.F.);
#3235=ORIENTED_EDGE('',*,*,#2215,.F.);
#3236=ORIENTED_EDGE('',*,*,#2217,.F.);
#3237=ORIENTED_EDGE('',*,*,#2232,.F.);
#3238=ORIENTED_EDGE('',*,*,#2201,.T.);
#3239=ORIENTED_EDGE('',*,*,#2239,.F.);
#3240=ORIENTED_EDGE('',*,*,#2237,.F.);
#3241=ORIENTED_EDGE('',*,*,#2250,.F.);
#3242=ORIENTED_EDGE('',*,*,#2251,.F.);
#3243=ORIENTED_EDGE('',*,*,#2229,.F.);
#3244=ORIENTED_EDGE('',*,*,#1846,.T.);
#3245=ORIENTED_EDGE('',*,*,#1983,.T.);
#3246=ORIENTED_EDGE('',*,*,#2225,.F.);
#3247=ORIENTED_EDGE('',*,*,#2252,.F.);
#3248=ORIENTED_EDGE('',*,*,#2253,.F.);
#3249=ORIENTED_EDGE('',*,*,#2252,.T.);
#3250=ORIENTED_EDGE('',*,*,#2227,.T.);
#3251=ORIENTED_EDGE('',*,*,#2251,.T.);
#3252=ORIENTED_EDGE('',*,*,#2254,.T.);
#3253=ORIENTED_EDGE('',*,*,#1886,.F.);
#3254=ORIENTED_EDGE('',*,*,#1984,.T.);
#3255=ORIENTED_EDGE('',*,*,#2253,.T.);
#3256=ORIENTED_EDGE('',*,*,#2255,.T.);
#3257=ORIENTED_EDGE('',*,*,#1869,.F.);
#3258=ORIENTED_EDGE('',*,*,#2256,.T.);
#3259=ORIENTED_EDGE('',*,*,#2250,.T.);
#3260=ORIENTED_EDGE('',*,*,#1845,.T.);
#3261=ORIENTED_EDGE('',*,*,#1893,.F.);
#3262=ORIENTED_EDGE('',*,*,#2255,.F.);
#3263=ORIENTED_EDGE('',*,*,#2254,.F.);
#3264=ORIENTED_EDGE('',*,*,#2256,.F.);
#3265=ORIENTED_EDGE('',*,*,#2113,.F.);
#3266=ORIENTED_EDGE('',*,*,#2093,.F.);
#3267=ORIENTED_EDGE('',*,*,#2158,.F.);
#3268=ORIENTED_EDGE('',*,*,#2138,.F.);
#3269=ORIENTED_EDGE('',*,*,#2203,.F.);
#3270=ORIENTED_EDGE('',*,*,#2183,.F.);
#3271=ORIENTED_EDGE('',*,*,#2244,.F.);
#3272=ORIENTED_EDGE('',*,*,#2228,.F.);
#3273=ORIENTED_EDGE('',*,*,#2257,.F.);
#3274=ORIENTED_EDGE('',*,*,#1892,.F.);
#3275=ORIENTED_EDGE('',*,*,#1936,.F.);
#3276=ORIENTED_EDGE('',*,*,#1782,.F.);
#3277=ORIENTED_EDGE('',*,*,#1943,.F.);
#3278=ORIENTED_EDGE('',*,*,#1913,.F.);
#3279=ORIENTED_EDGE('',*,*,#2023,.F.);
#3280=ORIENTED_EDGE('',*,*,#2003,.F.);
#3281=ORIENTED_EDGE('',*,*,#2068,.F.);
#3282=ORIENTED_EDGE('',*,*,#2048,.F.);
#3283=ORIENTED_EDGE('',*,*,#1795,.F.);
#3284=ORIENTED_EDGE('',*,*,#1816,.F.);
#3285=ORIENTED_EDGE('',*,*,#1809,.F.);
#3286=ORIENTED_EDGE('',*,*,#1812,.F.);
#3287=ORIENTED_EDGE('',*,*,#1801,.F.);
#3288=ORIENTED_EDGE('',*,*,#1797,.F.);
#3289=ORIENTED_EDGE('',*,*,#2257,.T.);
#3290=ORIENTED_EDGE('',*,*,#1774,.F.);
#3291=ORIENTED_EDGE('',*,*,#1882,.F.);
#3292=ORIENTED_EDGE('',*,*,#1880,.F.);
#3293=ORIENTED_EDGE('',*,*,#1785,.F.);
#3294=ORIENTED_EDGE('',*,*,#1768,.F.);
#3295=ORIENTED_EDGE('',*,*,#1770,.F.);
#3296=ORIENTED_EDGE('',*,*,#2258,.F.);
#3297=ORIENTED_EDGE('',*,*,#2258,.T.);
#3298=ORIENTED_EDGE('',*,*,#2259,.F.);
#3299=ORIENTED_EDGE('',*,*,#2259,.T.);
#3300=ORIENTED_EDGE('',*,*,#2260,.F.);
#3301=ORIENTED_EDGE('',*,*,#2260,.T.);
#3302=ORIENTED_EDGE('',*,*,#2261,.F.);
#3303=ORIENTED_EDGE('',*,*,#2261,.T.);
#3304=ORIENTED_EDGE('',*,*,#2262,.F.);
#3305=ORIENTED_EDGE('',*,*,#2263,.F.);
#3306=ORIENTED_EDGE('',*,*,#2262,.T.);
#3307=ORIENTED_EDGE('',*,*,#2263,.T.);
#3308=ORIENTED_EDGE('',*,*,#2264,.F.);
#3309=ORIENTED_EDGE('',*,*,#2264,.T.);
#3310=ORIENTED_EDGE('',*,*,#2265,.F.);
#3311=ORIENTED_EDGE('',*,*,#2265,.T.);
#3312=TOROIDAL_SURFACE('',#3767,16.9,0.1);
#3313=TOROIDAL_SURFACE('',#3774,16.9,0.1);
#3314=TOROIDAL_SURFACE('',#3781,19.55,3.969);
#3315=TOROIDAL_SURFACE('',#3782,14.,1.5);
#3316=TOROIDAL_SURFACE('',#3786,14.,1.5);
#3317=TOROIDAL_SURFACE('',#3788,22.15,0.1);
#3318=TOROIDAL_SURFACE('',#3795,24.5,1.5);
#3319=TOROIDAL_SURFACE('',#3802,24.5,1.5);
#3320=TOROIDAL_SURFACE('',#3805,19.55,3.969);
#3321=TOROIDAL_SURFACE('',#3814,4.48923835410863,0.1);
#3322=TOROIDAL_SURFACE('',#3821,20.9,0.1);
#3323=TOROIDAL_SURFACE('',#3829,18.1,0.1);
#3324=TOROIDAL_SURFACE('',#3833,4.0677710112542,0.1);
#3325=TOROIDAL_SURFACE('',#3840,20.9,0.1);
#3326=TOROIDAL_SURFACE('',#3844,4.0677710112542,0.1);
#3327=TOROIDAL_SURFACE('',#3853,18.1,0.1);
#3328=TOROIDAL_SURFACE('',#3891,20.9,0.1);
#3329=TOROIDAL_SURFACE('',#3895,4.48923835410863,0.1);
#3330=TOROIDAL_SURFACE('',#3898,18.1,0.1);
#3331=TOROIDAL_SURFACE('',#3906,4.48923835410863,0.1);
#3332=TOROIDAL_SURFACE('',#3912,4.48923835410863,0.1);
#3333=TOROIDAL_SURFACE('',#3919,20.9,0.1);
#3334=TOROIDAL_SURFACE('',#3927,18.1,0.1);
#3335=TOROIDAL_SURFACE('',#3932,18.1,0.1);
#3336=TOROIDAL_SURFACE('',#3934,4.0677710112542,0.1);
#3337=TOROIDAL_SURFACE('',#3941,20.9,0.1);
#3338=TOROIDAL_SURFACE('',#3951,18.1,0.1);
#3339=TOROIDAL_SURFACE('',#3959,20.9,0.1);
#3340=TOROIDAL_SURFACE('',#3962,4.48923835410863,0.1);
#3341=TOROIDAL_SURFACE('',#3982,4.48923835410863,0.1);
#3342=TOROIDAL_SURFACE('',#3989,20.9,0.1);
#3343=TOROIDAL_SURFACE('',#3996,18.1,0.1);
#3344=TOROIDAL_SURFACE('',#4000,4.0677710112542,0.1);
#3345=TOROIDAL_SURFACE('',#4010,18.1,0.1);
#3346=TOROIDAL_SURFACE('',#4018,20.9,0.1);
#3347=TOROIDAL_SURFACE('',#4021,4.48923835410863,0.1);
#3348=TOROIDAL_SURFACE('',#4028,4.48923835410863,0.1);
#3349=TOROIDAL_SURFACE('',#4035,20.9,0.1);
#3350=TOROIDAL_SURFACE('',#4042,18.1,0.1);
#3351=TOROIDAL_SURFACE('',#4046,4.0677710112542,0.1);
#3352=TOROIDAL_SURFACE('',#4056,18.1,0.1);
#3353=TOROIDAL_SURFACE('',#4064,20.9,0.1);
#3354=TOROIDAL_SURFACE('',#4067,4.48923835410863,0.1);
#3355=TOROIDAL_SURFACE('',#4074,4.48923835410863,0.1);
#3356=TOROIDAL_SURFACE('',#4081,20.9,0.1);
#3357=TOROIDAL_SURFACE('',#4088,18.1,0.1);
#3358=TOROIDAL_SURFACE('',#4092,4.0677710112542,0.1);
#3359=TOROIDAL_SURFACE('',#4102,18.1,0.1);
#3360=TOROIDAL_SURFACE('',#4110,20.9,0.1);
#3361=TOROIDAL_SURFACE('',#4113,4.48923835410863,0.1);
#3362=TOROIDAL_SURFACE('',#4120,4.48923835410863,0.1);
#3363=TOROIDAL_SURFACE('',#4127,20.9,0.1);
#3364=TOROIDAL_SURFACE('',#4134,18.1,0.1);
#3365=TOROIDAL_SURFACE('',#4138,4.0677710112542,0.1);
#3366=TOROIDAL_SURFACE('',#4148,18.1,0.1);
#3367=TOROIDAL_SURFACE('',#4156,20.9,0.1);
#3368=TOROIDAL_SURFACE('',#4159,4.48923835410863,0.1);
#3369=TOROIDAL_SURFACE('',#4166,4.48923835410863,0.1);
#3370=TOROIDAL_SURFACE('',#4173,20.9,0.1);
#3371=TOROIDAL_SURFACE('',#4180,18.1,0.1);
#3372=TOROIDAL_SURFACE('',#4184,4.0677710112542,0.1);
#3373=TOROIDAL_SURFACE('',#4194,18.1,0.1);
#3374=TOROIDAL_SURFACE('',#4202,20.9,0.1);
#3375=TOROIDAL_SURFACE('',#4205,4.48923835410863,0.1);
#3376=TOROIDAL_SURFACE('',#4212,4.48923835410863,0.1);
#3377=TOROIDAL_SURFACE('',#4219,20.9,0.1);
#3378=TOROIDAL_SURFACE('',#4226,18.1,0.1);
#3379=TOROIDAL_SURFACE('',#4230,4.0677710112542,0.1);
#3380=TOROIDAL_SURFACE('',#4240,18.1,0.1);
#3381=TOROIDAL_SURFACE('',#4246,20.9,0.1);
#3382=TOROIDAL_SURFACE('',#4248,4.48923835410863,0.1);
#3383=TOROIDAL_SURFACE('',#4254,4.48923835410863,0.1);
#3384=TOROIDAL_SURFACE('',#4272,0.800000000000001,0.2);
#3385=TOROIDAL_SURFACE('',#4284,0.8,0.2);
#3386=ADVANCED_FACE('',(#552,#497),#3312,.T.);
#3387=ADVANCED_FACE('',(#553,#498),#477,.T.);
#3388=ADVANCED_FACE('',(#554,#499),#451,.T.);
#3389=ADVANCED_FACE('',(#555,#500),#3313,.T.);
#3390=ADVANCED_FACE('',(#556,#501),#478,.T.);
#3391=ADVANCED_FACE('',(#557,#502),#452,.T.);
#3392=ADVANCED_FACE('',(#558,#503),#3314,.F.);
#3393=ADVANCED_FACE('',(#559,#504),#3315,.T.);
#3394=ADVANCED_FACE('',(#560,#505),#479,.F.);
#3395=ADVANCED_FACE('',(#561,#506),#3316,.T.);
#3396=ADVANCED_FACE('',(#562,#507),#3317,.T.);
#3397=ADVANCED_FACE('',(#563,#508),#453,.T.);
#3398=ADVANCED_FACE('',(#564,#509),#480,.F.);
#3399=ADVANCED_FACE('',(#565,#510),#3318,.T.);
#3400=ADVANCED_FACE('',(#566,#511),#481,.T.);
#3401=ADVANCED_FACE('',(#567,#512),#454,.T.);
#3402=ADVANCED_FACE('',(#568,#513),#3319,.T.);
#3403=ADVANCED_FACE('',(#569,#514),#482,.F.);
#3404=ADVANCED_FACE('',(#570,#515),#3320,.F.);
#3405=ADVANCED_FACE('',(#571),#387,.T.);
#3406=ADVANCED_FACE('',(#572),#297,.T.);
#3407=ADVANCED_FACE('',(#573),#298,.T.);
#3408=ADVANCED_FACE('',(#574),#3321,.F.);
#3409=ADVANCED_FACE('',(#575),#299,.T.);
#3410=ADVANCED_FACE('',(#576),#300,.T.);
#3411=ADVANCED_FACE('',(#577),#3322,.T.);
#3412=ADVANCED_FACE('',(#578,#516),#455,.T.);
#3413=ADVANCED_FACE('',(#579),#3323,.T.);
#3414=ADVANCED_FACE('',(#580),#301,.F.);
#3415=ADVANCED_FACE('',(#581),#3324,.T.);
#3416=ADVANCED_FACE('',(#582),#302,.F.);
#3417=ADVANCED_FACE('',(#583),#3325,.T.);
#3418=ADVANCED_FACE('',(#584),#3326,.T.);
#3419=ADVANCED_FACE('',(#585),#388,.T.);
#3420=ADVANCED_FACE('',(#586),#303,.F.);
#3421=ADVANCED_FACE('',(#587),#3327,.T.);
#3422=ADVANCED_FACE('',(#588),#389,.T.);
#3423=ADVANCED_FACE('',(#589),#390,.T.);
#3424=ADVANCED_FACE('',(#590),#391,.T.);
#3425=ADVANCED_FACE('',(#591),#392,.F.);
#3426=ADVANCED_FACE('',(#592),#304,.F.);
#3427=ADVANCED_FACE('',(#593),#393,.F.);
#3428=ADVANCED_FACE('',(#594),#305,.F.);
#3429=ADVANCED_FACE('',(#595,#517),#483,.F.);
#3430=ADVANCED_FACE('',(#596),#306,.F.);
#3431=ADVANCED_FACE('',(#597),#307,.F.);
#3432=ADVANCED_FACE('',(#598),#308,.F.);
#3433=ADVANCED_FACE('',(#599),#3328,.T.);
#3434=ADVANCED_FACE('',(#600),#3329,.F.);
#3435=ADVANCED_FACE('',(#601),#309,.F.);
#3436=ADVANCED_FACE('',(#602),#3330,.T.);
#3437=ADVANCED_FACE('',(#603),#310,.F.);
#3438=ADVANCED_FACE('',(#604),#311,.F.);
#3439=ADVANCED_FACE('',(#605),#312,.F.);
#3440=ADVANCED_FACE('',(#606,#518),#456,.T.);
#3441=ADVANCED_FACE('',(#607),#3331,.F.);
#3442=ADVANCED_FACE('',(#608),#313,.T.);
#3443=ADVANCED_FACE('',(#609),#314,.T.);
#3444=ADVANCED_FACE('',(#610),#3332,.F.);
#3445=ADVANCED_FACE('',(#611),#315,.T.);
#3446=ADVANCED_FACE('',(#612),#316,.T.);
#3447=ADVANCED_FACE('',(#613),#3333,.T.);
#3448=ADVANCED_FACE('',(#614,#519),#457,.T.);
#3449=ADVANCED_FACE('',(#615),#3334,.T.);
#3450=ADVANCED_FACE('',(#616),#317,.F.);
#3451=ADVANCED_FACE('',(#617),#318,.F.);
#3452=ADVANCED_FACE('',(#618),#3335,.T.);
#3453=ADVANCED_FACE('',(#619),#3336,.T.);
#3454=ADVANCED_FACE('',(#620),#319,.F.);
#3455=ADVANCED_FACE('',(#621),#3337,.T.);
#3456=ADVANCED_FACE('',(#622),#394,.T.);
#3457=ADVANCED_FACE('',(#623),#395,.T.);
#3458=ADVANCED_FACE('',(#624,#520),#458,.F.);
#3459=ADVANCED_FACE('',(#625),#3338,.T.);
#3460=ADVANCED_FACE('',(#626,#521),#459,.F.);
#3461=ADVANCED_FACE('',(#627),#3339,.T.);
#3462=ADVANCED_FACE('',(#628),#320,.F.);
#3463=ADVANCED_FACE('',(#629),#321,.F.);
#3464=ADVANCED_FACE('',(#630),#3340,.F.);
#3465=ADVANCED_FACE('',(#631),#322,.F.);
#3466=ADVANCED_FACE('',(#632,#522),#484,.T.);
#3467=ADVANCED_FACE('',(#633),#396,.T.);
#3468=ADVANCED_FACE('',(#634),#323,.T.);
#3469=ADVANCED_FACE('',(#635),#324,.T.);
#3470=ADVANCED_FACE('',(#636),#3341,.F.);
#3471=ADVANCED_FACE('',(#637),#325,.T.);
#3472=ADVANCED_FACE('',(#638),#326,.T.);
#3473=ADVANCED_FACE('',(#639),#3342,.T.);
#3474=ADVANCED_FACE('',(#640,#523),#460,.T.);
#3475=ADVANCED_FACE('',(#641),#3343,.T.);
#3476=ADVANCED_FACE('',(#642),#327,.F.);
#3477=ADVANCED_FACE('',(#643),#328,.F.);
#3478=ADVANCED_FACE('',(#644),#3344,.T.);
#3479=ADVANCED_FACE('',(#645),#329,.F.);
#3480=ADVANCED_FACE('',(#646),#397,.T.);
#3481=ADVANCED_FACE('',(#647),#398,.T.);
#3482=ADVANCED_FACE('',(#648),#3345,.T.);
#3483=ADVANCED_FACE('',(#649,#524),#461,.F.);
#3484=ADVANCED_FACE('',(#650),#3346,.T.);
#3485=ADVANCED_FACE('',(#651),#399,.F.);
#3486=ADVANCED_FACE('',(#652),#330,.F.);
#3487=ADVANCED_FACE('',(#653),#331,.F.);
#3488=ADVANCED_FACE('',(#654),#3347,.F.);
#3489=ADVANCED_FACE('',(#655),#332,.F.);
#3490=ADVANCED_FACE('',(#656),#400,.T.);
#3491=ADVANCED_FACE('',(#657),#333,.T.);
#3492=ADVANCED_FACE('',(#658),#334,.T.);
#3493=ADVANCED_FACE('',(#659),#3348,.F.);
#3494=ADVANCED_FACE('',(#660),#335,.T.);
#3495=ADVANCED_FACE('',(#661),#336,.T.);
#3496=ADVANCED_FACE('',(#662),#3349,.T.);
#3497=ADVANCED_FACE('',(#663,#525),#462,.T.);
#3498=ADVANCED_FACE('',(#664),#3350,.T.);
#3499=ADVANCED_FACE('',(#665),#337,.F.);
#3500=ADVANCED_FACE('',(#666),#338,.F.);
#3501=ADVANCED_FACE('',(#667),#3351,.T.);
#3502=ADVANCED_FACE('',(#668),#339,.F.);
#3503=ADVANCED_FACE('',(#669),#401,.T.);
#3504=ADVANCED_FACE('',(#670),#402,.T.);
#3505=ADVANCED_FACE('',(#671),#3352,.T.);
#3506=ADVANCED_FACE('',(#672,#526),#463,.F.);
#3507=ADVANCED_FACE('',(#673),#3353,.T.);
#3508=ADVANCED_FACE('',(#674),#403,.F.);
#3509=ADVANCED_FACE('',(#675),#340,.F.);
#3510=ADVANCED_FACE('',(#676),#341,.F.);
#3511=ADVANCED_FACE('',(#677),#3354,.F.);
#3512=ADVANCED_FACE('',(#678),#342,.F.);
#3513=ADVANCED_FACE('',(#679),#404,.T.);
#3514=ADVANCED_FACE('',(#680),#343,.T.);
#3515=ADVANCED_FACE('',(#681),#344,.T.);
#3516=ADVANCED_FACE('',(#682),#3355,.F.);
#3517=ADVANCED_FACE('',(#683),#345,.T.);
#3518=ADVANCED_FACE('',(#684),#346,.T.);
#3519=ADVANCED_FACE('',(#685),#3356,.T.);
#3520=ADVANCED_FACE('',(#686,#527),#464,.T.);
#3521=ADVANCED_FACE('',(#687),#3357,.T.);
#3522=ADVANCED_FACE('',(#688),#347,.F.);
#3523=ADVANCED_FACE('',(#689),#348,.F.);
#3524=ADVANCED_FACE('',(#690),#3358,.T.);
#3525=ADVANCED_FACE('',(#691),#349,.F.);
#3526=ADVANCED_FACE('',(#692),#405,.T.);
#3527=ADVANCED_FACE('',(#693),#406,.T.);
#3528=ADVANCED_FACE('',(#694),#3359,.T.);
#3529=ADVANCED_FACE('',(#695,#528),#465,.F.);
#3530=ADVANCED_FACE('',(#696),#3360,.T.);
#3531=ADVANCED_FACE('',(#697),#407,.F.);
#3532=ADVANCED_FACE('',(#698),#350,.F.);
#3533=ADVANCED_FACE('',(#699),#351,.F.);
#3534=ADVANCED_FACE('',(#700),#3361,.F.);
#3535=ADVANCED_FACE('',(#701),#352,.F.);
#3536=ADVANCED_FACE('',(#702),#408,.T.);
#3537=ADVANCED_FACE('',(#703),#353,.T.);
#3538=ADVANCED_FACE('',(#704),#354,.T.);
#3539=ADVANCED_FACE('',(#705),#3362,.F.);
#3540=ADVANCED_FACE('',(#706),#355,.T.);
#3541=ADVANCED_FACE('',(#707),#356,.T.);
#3542=ADVANCED_FACE('',(#708),#3363,.T.);
#3543=ADVANCED_FACE('',(#709,#529),#466,.T.);
#3544=ADVANCED_FACE('',(#710),#3364,.T.);
#3545=ADVANCED_FACE('',(#711),#357,.F.);
#3546=ADVANCED_FACE('',(#712),#358,.F.);
#3547=ADVANCED_FACE('',(#713),#3365,.T.);
#3548=ADVANCED_FACE('',(#714),#359,.F.);
#3549=ADVANCED_FACE('',(#715),#409,.T.);
#3550=ADVANCED_FACE('',(#716),#410,.T.);
#3551=ADVANCED_FACE('',(#717),#3366,.T.);
#3552=ADVANCED_FACE('',(#718,#530),#467,.F.);
#3553=ADVANCED_FACE('',(#719),#3367,.T.);
#3554=ADVANCED_FACE('',(#720),#411,.F.);
#3555=ADVANCED_FACE('',(#721),#360,.F.);
#3556=ADVANCED_FACE('',(#722),#361,.F.);
#3557=ADVANCED_FACE('',(#723),#3368,.F.);
#3558=ADVANCED_FACE('',(#724),#362,.F.);
#3559=ADVANCED_FACE('',(#725),#412,.T.);
#3560=ADVANCED_FACE('',(#726),#363,.T.);
#3561=ADVANCED_FACE('',(#727),#364,.T.);
#3562=ADVANCED_FACE('',(#728),#3369,.F.);
#3563=ADVANCED_FACE('',(#729),#365,.T.);
#3564=ADVANCED_FACE('',(#730),#366,.T.);
#3565=ADVANCED_FACE('',(#731),#3370,.T.);
#3566=ADVANCED_FACE('',(#732,#531),#468,.T.);
#3567=ADVANCED_FACE('',(#733),#3371,.T.);
#3568=ADVANCED_FACE('',(#734),#367,.F.);
#3569=ADVANCED_FACE('',(#735),#368,.F.);
#3570=ADVANCED_FACE('',(#736),#3372,.T.);
#3571=ADVANCED_FACE('',(#737),#369,.F.);
#3572=ADVANCED_FACE('',(#738),#413,.T.);
#3573=ADVANCED_FACE('',(#739),#414,.T.);
#3574=ADVANCED_FACE('',(#740),#3373,.T.);
#3575=ADVANCED_FACE('',(#741,#532),#469,.F.);
#3576=ADVANCED_FACE('',(#742),#3374,.T.);
#3577=ADVANCED_FACE('',(#743),#415,.F.);
#3578=ADVANCED_FACE('',(#744),#370,.F.);
#3579=ADVANCED_FACE('',(#745),#371,.F.);
#3580=ADVANCED_FACE('',(#746),#3375,.F.);
#3581=ADVANCED_FACE('',(#747),#372,.F.);
#3582=ADVANCED_FACE('',(#748),#416,.T.);
#3583=ADVANCED_FACE('',(#749),#373,.T.);
#3584=ADVANCED_FACE('',(#750),#374,.T.);
#3585=ADVANCED_FACE('',(#751),#3376,.F.);
#3586=ADVANCED_FACE('',(#752),#375,.T.);
#3587=ADVANCED_FACE('',(#753),#376,.T.);
#3588=ADVANCED_FACE('',(#754),#3377,.T.);
#3589=ADVANCED_FACE('',(#755,#533),#470,.T.);
#3590=ADVANCED_FACE('',(#756),#3378,.T.);
#3591=ADVANCED_FACE('',(#757),#377,.F.);
#3592=ADVANCED_FACE('',(#758),#378,.F.);
#3593=ADVANCED_FACE('',(#759),#3379,.T.);
#3594=ADVANCED_FACE('',(#760),#379,.F.);
#3595=ADVANCED_FACE('',(#761),#417,.T.);
#3596=ADVANCED_FACE('',(#762),#418,.T.);
#3597=ADVANCED_FACE('',(#763),#3380,.T.);
#3598=ADVANCED_FACE('',(#764,#534),#471,.F.);
#3599=ADVANCED_FACE('',(#765),#419,.F.);
#3600=ADVANCED_FACE('',(#766),#3381,.T.);
#3601=ADVANCED_FACE('',(#767),#380,.F.);
#3602=ADVANCED_FACE('',(#768),#381,.F.);
#3603=ADVANCED_FACE('',(#769),#3382,.F.);
#3604=ADVANCED_FACE('',(#770),#382,.F.);
#3605=ADVANCED_FACE('',(#771),#420,.T.);
#3606=ADVANCED_FACE('',(#772),#421,.F.);
#3607=ADVANCED_FACE('',(#773),#383,.F.);
#3608=ADVANCED_FACE('',(#774),#384,.F.);
#3609=ADVANCED_FACE('',(#775),#3383,.F.);
#3610=ADVANCED_FACE('',(#776),#385,.F.);
#3611=ADVANCED_FACE('',(#777),#386,.F.);
#3612=ADVANCED_FACE('',(#778),#422,.T.);
#3613=ADVANCED_FACE('',(#779,#535),#485,.F.);
#3614=ADVANCED_FACE('',(#780,#536),#486,.F.);
#3615=ADVANCED_FACE('',(#781,#537),#487,.F.);
#3616=ADVANCED_FACE('',(#782,#538),#488,.F.);
#3617=ADVANCED_FACE('',(#783,#539),#489,.F.);
#3618=ADVANCED_FACE('',(#784,#540),#490,.F.);
#3619=ADVANCED_FACE('',(#785,#541),#491,.F.);
#3620=ADVANCED_FACE('',(#786,#542),#492,.F.);
#3621=ADVANCED_FACE('',(#787,#543),#493,.F.);
#3622=ADVANCED_FACE('',(#788,#544),#472,.F.);
#3623=ADVANCED_FACE('',(#789),#423,.T.);
#3624=ADVANCED_FACE('',(#790),#473,.T.);
#3625=ADVANCED_FACE('',(#791,#545),#3384,.T.);
#3626=ADVANCED_FACE('',(#792,#546),#494,.T.);
#3627=ADVANCED_FACE('',(#793,#547),#474,.T.);
#3628=ADVANCED_FACE('',(#794,#548),#495,.T.);
#3629=ADVANCED_FACE('',(#795,#549),#475,.T.);
#3630=ADVANCED_FACE('',(#796,#550),#496,.T.);
#3631=ADVANCED_FACE('',(#797,#551),#3385,.T.);
#3632=ADVANCED_FACE('',(#798),#476,.T.);
#3633=CLOSED_SHELL('',(#3386,#3387,#3388,#3389,#3390,#3391,#3392,#3393,
#3394,#3395));
#3634=CLOSED_SHELL('',(#3396,#3397,#3398,#3399,#3400,#3401,#3402,#3403,
#3404));
#3635=CLOSED_SHELL('',(#3405));
#3636=CLOSED_SHELL('',(#3406,#3407,#3408,#3409,#3410,#3411,#3412,#3413,
#3414,#3415,#3416,#3417,#3418,#3419,#3420,#3421,#3422,#3423,#3424,#3425,
#3426,#3427,#3428,#3429,#3430,#3431,#3432,#3433,#3434,#3435,#3436,#3437,
#3438,#3439,#3440,#3441,#3442,#3443,#3444,#3445,#3446,#3447,#3448,#3449,
#3450,#3451,#3452,#3453,#3454,#3455,#3456,#3457,#3458,#3459,#3460,#3461,
#3462,#3463,#3464,#3465,#3466,#3467,#3468,#3469,#3470,#3471,#3472,#3473,
#3474,#3475,#3476,#3477,#3478,#3479,#3480,#3481,#3482,#3483,#3484,#3485,
#3486,#3487,#3488,#3489,#3490,#3491,#3492,#3493,#3494,#3495,#3496,#3497,
#3498,#3499,#3500,#3501,#3502,#3503,#3504,#3505,#3506,#3507,#3508,#3509,
#3510,#3511,#3512,#3513,#3514,#3515,#3516,#3517,#3518,#3519,#3520,#3521,
#3522,#3523,#3524,#3525,#3526,#3527,#3528,#3529,#3530,#3531,#3532,#3533,
#3534,#3535,#3536,#3537,#3538,#3539,#3540,#3541,#3542,#3543,#3544,#3545,
#3546,#3547,#3548,#3549,#3550,#3551,#3552,#3553,#3554,#3555,#3556,#3557,
#3558,#3559,#3560,#3561,#3562,#3563,#3564,#3565,#3566,#3567,#3568,#3569,
#3570,#3571,#3572,#3573,#3574,#3575,#3576,#3577,#3578,#3579,#3580,#3581,
#3582,#3583,#3584,#3585,#3586,#3587,#3588,#3589,#3590,#3591,#3592,#3593,
#3594,#3595,#3596,#3597,#3598,#3599,#3600,#3601,#3602,#3603,#3604,#3605,
#3606,#3607,#3608,#3609,#3610,#3611,#3612,#3613,#3614,#3615,#3616,#3617,
#3618,#3619,#3620,#3621,#3622,#3623));
#3637=CLOSED_SHELL('',(#3624,#3625,#3626,#3627,#3628,#3629,#3630,#3631,
#3632));
#3638=DERIVED_UNIT_ELEMENT(#3648,0.);
#3639=DERIVED_UNIT_ELEMENT(#11030,0.);
#3640=DERIVED_UNIT_ELEMENT(#3648,0.);
#3641=DERIVED_UNIT_ELEMENT(#11030,0.);
#3642=DERIVED_UNIT_ELEMENT(#3648,0.);
#3643=DERIVED_UNIT_ELEMENT(#11030,0.);
#3644=DERIVED_UNIT_ELEMENT(#3648,0.);
#3645=DERIVED_UNIT_ELEMENT(#11030,0.);
#3646=DERIVED_UNIT_ELEMENT(#3648,0.);
#3647=DERIVED_UNIT_ELEMENT(#11030,0.);
#3648=(
MASS_UNIT()
NAMED_UNIT(*)
SI_UNIT($,.GRAM.)
);
#3649=DERIVED_UNIT((#3638,#3639));
#3650=DERIVED_UNIT((#3640,#3641));
#3651=DERIVED_UNIT((#3642,#3643));
#3652=DERIVED_UNIT((#3644,#3645));
#3653=DERIVED_UNIT((#3646,#3647));
#3654=MEASURE_REPRESENTATION_ITEM('density measure',
POSITIVE_RATIO_MEASURE(7.85),#3649);
#3655=MEASURE_REPRESENTATION_ITEM('density measure',
POSITIVE_RATIO_MEASURE(7.85),#3650);
#3656=MEASURE_REPRESENTATION_ITEM('density measure',
POSITIVE_RATIO_MEASURE(7.85),#3651);
#3657=MEASURE_REPRESENTATION_ITEM('density measure',
POSITIVE_RATIO_MEASURE(7.85),#3652);
#3658=MEASURE_REPRESENTATION_ITEM('density measure',
POSITIVE_RATIO_MEASURE(7.85),#3653);
#3659=PROPERTY_DEFINITION_REPRESENTATION(#3684,#3669);
#3660=PROPERTY_DEFINITION_REPRESENTATION(#3685,#3670);
#3661=PROPERTY_DEFINITION_REPRESENTATION(#3686,#3671);
#3662=PROPERTY_DEFINITION_REPRESENTATION(#3687,#3672);
#3663=PROPERTY_DEFINITION_REPRESENTATION(#3688,#3673);
#3664=PROPERTY_DEFINITION_REPRESENTATION(#3689,#3674);
#3665=PROPERTY_DEFINITION_REPRESENTATION(#3690,#3675);
#3666=PROPERTY_DEFINITION_REPRESENTATION(#3691,#3676);
#3667=PROPERTY_DEFINITION_REPRESENTATION(#3692,#3677);
#3668=PROPERTY_DEFINITION_REPRESENTATION(#3693,#3678);
#3669=REPRESENTATION('material name',(#3679),#11023);
#3670=REPRESENTATION('density',(#3654),#11023);
#3671=REPRESENTATION('material name',(#3680),#11024);
#3672=REPRESENTATION('density',(#3655),#11024);
#3673=REPRESENTATION('material name',(#3681),#11025);
#3674=REPRESENTATION('density',(#3656),#11025);
#3675=REPRESENTATION('material name',(#3682),#11026);
#3676=REPRESENTATION('density',(#3657),#11026);
#3677=REPRESENTATION('material name',(#3683),#11027);
#3678=REPRESENTATION('density',(#3658),#11027);
#3679=DESCRIPTIVE_REPRESENTATION_ITEM('Steel AISI 1045 390 QT',
'Steel AISI 1045 390 QT');
#3680=DESCRIPTIVE_REPRESENTATION_ITEM('Steel AISI 1045 390 QT',
'Steel AISI 1045 390 QT');
#3681=DESCRIPTIVE_REPRESENTATION_ITEM('Steel AISI 1045 390 QT',
'Steel AISI 1045 390 QT');
#3682=DESCRIPTIVE_REPRESENTATION_ITEM('Steel AISI 1045 390 QT',
'Steel AISI 1045 390 QT');
#3683=DESCRIPTIVE_REPRESENTATION_ITEM('Steel AISI 1045 390 QT',
'Steel AISI 1045 390 QT');
#3684=PROPERTY_DEFINITION('material property','material name',#11075);
#3685=PROPERTY_DEFINITION('material property','density of part',#11075);
#3686=PROPERTY_DEFINITION('material property','material name',#11076);
#3687=PROPERTY_DEFINITION('material property','density of part',#11076);
#3688=PROPERTY_DEFINITION('material property','material name',#11077);
#3689=PROPERTY_DEFINITION('material property','density of part',#11077);
#3690=PROPERTY_DEFINITION('material property','material name',#11078);
#3691=PROPERTY_DEFINITION('material property','density of part',#11078);
#3692=PROPERTY_DEFINITION('material property','material name',#11079);
#3693=PROPERTY_DEFINITION('material property','density of part',#11079);
#3694=PRESENTATION_STYLE_ASSIGNMENT((#3699));
#3695=PRESENTATION_STYLE_ASSIGNMENT((#3700));
#3696=PRESENTATION_STYLE_ASSIGNMENT((#3701));
#3697=PRESENTATION_STYLE_ASSIGNMENT((#3702));
#3698=PRESENTATION_STYLE_ASSIGNMENT((#3703));
#3699=SURFACE_STYLE_USAGE(.BOTH.,#3704);
#3700=SURFACE_STYLE_USAGE(.BOTH.,#3705);
#3701=SURFACE_STYLE_USAGE(.BOTH.,#3706);
#3702=SURFACE_STYLE_USAGE(.BOTH.,#3707);
#3703=SURFACE_STYLE_USAGE(.BOTH.,#3708);
#3704=SURFACE_SIDE_STYLE('',(#3709));
#3705=SURFACE_SIDE_STYLE('',(#3710));
#3706=SURFACE_SIDE_STYLE('',(#3711));
#3707=SURFACE_SIDE_STYLE('',(#3712));
#3708=SURFACE_SIDE_STYLE('',(#3713));
#3709=SURFACE_STYLE_FILL_AREA(#3714);
#3710=SURFACE_STYLE_FILL_AREA(#3715);
#3711=SURFACE_STYLE_FILL_AREA(#3716);
#3712=SURFACE_STYLE_FILL_AREA(#3717);
#3713=SURFACE_STYLE_FILL_AREA(#3718);
#3714=FILL_AREA_STYLE('',(#3719));
#3715=FILL_AREA_STYLE('',(#3720));
#3716=FILL_AREA_STYLE('',(#3721));
#3717=FILL_AREA_STYLE('',(#3722));
#3718=FILL_AREA_STYLE('',(#3723));
#3719=FILL_AREA_STYLE_COLOUR('',#3724);
#3720=FILL_AREA_STYLE_COLOUR('',#3725);
#3721=FILL_AREA_STYLE_COLOUR('',#3726);
#3722=FILL_AREA_STYLE_COLOUR('',#3727);
#3723=FILL_AREA_STYLE_COLOUR('',#3728);
#3724=COLOUR_RGB('',0.745098039215686,0.737254901960784,0.729411764705882);
#3725=COLOUR_RGB('',0.56078431372549,0.556862745098039,0.549019607843137);
#3726=COLOUR_RGB('',0.745098039215686,0.737254901960784,0.729411764705882);
#3727=COLOUR_RGB('',0.784313725490196,0.784313725490196,0.784313725490196);
#3728=COLOUR_RGB('',0.745098039215686,0.737254901960784,0.729411764705882);
#3729=DATE_TIME_ROLE('creation_date');
#3730=DATE_TIME_ROLE('creation_date');
#3731=DATE_TIME_ROLE('creation_date');
#3732=DATE_TIME_ROLE('creation_date');
#3733=DATE_TIME_ROLE('creation_date');
#3734=DATE_TIME_ROLE('creation_date');
#3735=CC_DESIGN_DATE_AND_TIME_ASSIGNMENT(#3741,#3729,(#11074));
#3736=CC_DESIGN_DATE_AND_TIME_ASSIGNMENT(#3742,#3730,(#11075));
#3737=CC_DESIGN_DATE_AND_TIME_ASSIGNMENT(#3743,#3731,(#11076));
#3738=CC_DESIGN_DATE_AND_TIME_ASSIGNMENT(#3744,#3732,(#11077));
#3739=CC_DESIGN_DATE_AND_TIME_ASSIGNMENT(#3745,#3733,(#11078));
#3740=CC_DESIGN_DATE_AND_TIME_ASSIGNMENT(#3746,#3734,(#11079));
#3741=DATE_AND_TIME(#3747,#3753);
#3742=DATE_AND_TIME(#3748,#3754);
#3743=DATE_AND_TIME(#3749,#3755);
#3744=DATE_AND_TIME(#3750,#3756);
#3745=DATE_AND_TIME(#3751,#3757);
#3746=DATE_AND_TIME(#3752,#3758);
#3747=CALENDAR_DATE(2017,1,5);
#3748=CALENDAR_DATE(2017,1,5);
#3749=CALENDAR_DATE(2017,1,5);
#3750=CALENDAR_DATE(2017,1,5);
#3751=CALENDAR_DATE(2017,1,5);
#3752=CALENDAR_DATE(2017,1,5);
#3753=LOCAL_TIME(15,32,12.,#3759);
#3754=LOCAL_TIME(15,29,20.,#3760);
#3755=LOCAL_TIME(15,32,27.,#3761);
#3756=LOCAL_TIME(15,39,38.,#3762);
#3757=LOCAL_TIME(15,42,41.,#3763);
#3758=LOCAL_TIME(15,53,42.,#3764);
#3759=COORDINATED_UNIVERSAL_TIME_OFFSET(0,0,.BEHIND.);
#3760=COORDINATED_UNIVERSAL_TIME_OFFSET(0,0,.BEHIND.);
#3761=COORDINATED_UNIVERSAL_TIME_OFFSET(0,0,.BEHIND.);
#3762=COORDINATED_UNIVERSAL_TIME_OFFSET(0,0,.BEHIND.);
#3763=COORDINATED_UNIVERSAL_TIME_OFFSET(0,0,.BEHIND.);
#3764=COORDINATED_UNIVERSAL_TIME_OFFSET(0,0,.BEHIND.);
#3765=AXIS2_PLACEMENT_3D('placement',#5397,#4309,#4310);
#3766=AXIS2_PLACEMENT_3D('placement',#5398,#4311,#4312);
#3767=AXIS2_PLACEMENT_3D('',#5399,#4313,#4314);
#3768=AXIS2_PLACEMENT_3D('',#5401,#4315,#4316);
#3769=AXIS2_PLACEMENT_3D('',#5403,#4317,#4318);
#3770=AXIS2_PLACEMENT_3D('',#5404,#4319,#4320);
#3771=AXIS2_PLACEMENT_3D('',#5406,#4321,#4322);
#3772=AXIS2_PLACEMENT_3D('',#5407,#4323,#4324);
#3773=AXIS2_PLACEMENT_3D('',#5409,#4325,#4326);
#3774=AXIS2_PLACEMENT_3D('',#5410,#4327,#4328);
#3775=AXIS2_PLACEMENT_3D('',#5412,#4329,#4330);
#3776=AXIS2_PLACEMENT_3D('',#5414,#4331,#4332);
#3777=AXIS2_PLACEMENT_3D('',#5415,#4333,#4334);
#3778=AXIS2_PLACEMENT_3D('',#5417,#4335,#4336);
#3779=AXIS2_PLACEMENT_3D('',#5418,#4337,#4338);
#3780=AXIS2_PLACEMENT_3D('',#5420,#4339,#4340);
#3781=AXIS2_PLACEMENT_3D('',#5421,#4341,#4342);
#3782=AXIS2_PLACEMENT_3D('',#5422,#4343,#4344);
#3783=AXIS2_PLACEMENT_3D('',#5424,#4345,#4346);
#3784=AXIS2_PLACEMENT_3D('',#5425,#4347,#4348);
#3785=AXIS2_PLACEMENT_3D('',#5427,#4349,#4350);
#3786=AXIS2_PLACEMENT_3D('',#5428,#4351,#4352);
#3787=AXIS2_PLACEMENT_3D('placement',#5429,#4353,#4354);
#3788=AXIS2_PLACEMENT_3D('',#5430,#4355,#4356);
#3789=AXIS2_PLACEMENT_3D('',#5432,#4357,#4358);
#3790=AXIS2_PLACEMENT_3D('',#5434,#4359,#4360);
#3791=AXIS2_PLACEMENT_3D('',#5435,#4361,#4362);
#3792=AXIS2_PLACEMENT_3D('',#5437,#4363,#4364);
#3793=AXIS2_PLACEMENT_3D('',#5438,#4365,#4366);
#3794=AXIS2_PLACEMENT_3D('',#5440,#4367,#4368);
#3795=AXIS2_PLACEMENT_3D('',#5441,#4369,#4370);
#3796=AXIS2_PLACEMENT_3D('',#5443,#4371,#4372);
#3797=AXIS2_PLACEMENT_3D('',#5445,#4373,#4374);
#3798=AXIS2_PLACEMENT_3D('',#5446,#4375,#4376);
#3799=AXIS2_PLACEMENT_3D('',#5448,#4377,#4378);
#3800=AXIS2_PLACEMENT_3D('',#5449,#4379,#4380);
#3801=AXIS2_PLACEMENT_3D('',#5451,#4381,#4382);
#3802=AXIS2_PLACEMENT_3D('',#5452,#4383,#4384);
#3803=AXIS2_PLACEMENT_3D('',#5453,#4385,#4386);
#3804=AXIS2_PLACEMENT_3D('',#5455,#4387,#4388);
#3805=AXIS2_PLACEMENT_3D('',#5456,#4389,#4390);
#3806=AXIS2_PLACEMENT_3D('placement',#5457,#4391,#4392);
#3807=AXIS2_PLACEMENT_3D('',#5458,#4393,#4394);
#3808=AXIS2_PLACEMENT_3D('',#5459,#4395,#4396);
#3809=AXIS2_PLACEMENT_3D('placement',#5462,#4397,#4398);
#3810=AXIS2_PLACEMENT_3D('',#5489,#4399,#4400);
#3811=AXIS2_PLACEMENT_3D('',#5524,#4401,#4402);
#3812=AXIS2_PLACEMENT_3D('',#5526,#4403,#4404);
#3813=AXIS2_PLACEMENT_3D('',#5527,#4405,#4406);
#3814=AXIS2_PLACEMENT_3D('',#5528,#4407,#4408);
#3815=AXIS2_PLACEMENT_3D('',#5531,#4409,#4410);
#3816=AXIS2_PLACEMENT_3D('',#5532,#4411,#4412);
#3817=AXIS2_PLACEMENT_3D('',#5533,#4413,#4414);
#3818=AXIS2_PLACEMENT_3D('',#5555,#4415,#4416);
#3819=AXIS2_PLACEMENT_3D('',#5557,#4417,#4418);
#3820=AXIS2_PLACEMENT_3D('',#5558,#4419,#4420);
#3821=AXIS2_PLACEMENT_3D('',#5602,#4421,#4422);
#3822=AXIS2_PLACEMENT_3D('',#5604,#4423,#4424);
#3823=AXIS2_PLACEMENT_3D('',#5606,#4425,#4426);
#3824=AXIS2_PLACEMENT_3D('',#5607,#4427,#4428);
#3825=AXIS2_PLACEMENT_3D('',#5608,#4429,#4430);
#3826=AXIS2_PLACEMENT_3D('',#5610,#4431,#4432);
#3827=AXIS2_PLACEMENT_3D('',#5611,#4433,#4434);
#3828=AXIS2_PLACEMENT_3D('',#5613,#4435,#4436);
#3829=AXIS2_PLACEMENT_3D('',#5614,#4437,#4438);
#3830=AXIS2_PLACEMENT_3D('',#5616,#4439,#4440);
#3831=AXIS2_PLACEMENT_3D('',#5617,#4441,#4442);
#3832=AXIS2_PLACEMENT_3D('',#5662,#4443,#4444);
#3833=AXIS2_PLACEMENT_3D('',#5670,#4445,#4446);
#3834=AXIS2_PLACEMENT_3D('',#5673,#4447,#4448);
#3835=AXIS2_PLACEMENT_3D('',#5675,#4449,#4450);
#3836=AXIS2_PLACEMENT_3D('',#5677,#4451,#4452);
#3837=AXIS2_PLACEMENT_3D('',#5678,#4453,#4454);
#3838=AXIS2_PLACEMENT_3D('',#5753,#4455,#4456);
#3839=AXIS2_PLACEMENT_3D('',#5765,#4457,#4458);
#3840=AXIS2_PLACEMENT_3D('',#5806,#4459,#4460);
#3841=AXIS2_PLACEMENT_3D('',#5808,#4461,#4462);
#3842=AXIS2_PLACEMENT_3D('',#5810,#4463,#4464);
#3843=AXIS2_PLACEMENT_3D('',#5811,#4465,#4466);
#3844=AXIS2_PLACEMENT_3D('',#5812,#4467,#4468);
#3845=AXIS2_PLACEMENT_3D('',#5814,#4469,#4470);
#3846=AXIS2_PLACEMENT_3D('',#5816,#4471,#4472);
#3847=AXIS2_PLACEMENT_3D('',#5818,#4473,#4474);
#3848=AXIS2_PLACEMENT_3D('',#5819,#4475,#4476);
#3849=AXIS2_PLACEMENT_3D('',#5820,#4477,#4478);
#3850=AXIS2_PLACEMENT_3D('',#5821,#4479,#4480);
#3851=AXIS2_PLACEMENT_3D('',#5894,#4481,#4482);
#3852=AXIS2_PLACEMENT_3D('',#5947,#4483,#4484);
#3853=AXIS2_PLACEMENT_3D('',#5948,#4485,#4486);
#3854=AXIS2_PLACEMENT_3D('',#5950,#4487,#4488);
#3855=AXIS2_PLACEMENT_3D('',#5951,#4489,#4490);
#3856=AXIS2_PLACEMENT_3D('',#5952,#4491,#4492);
#3857=AXIS2_PLACEMENT_3D('',#5953,#4493,#4494);
#3858=AXIS2_PLACEMENT_3D('',#5954,#4495,#4496);
#3859=AXIS2_PLACEMENT_3D('',#5955,#4497,#4498);
#3860=AXIS2_PLACEMENT_3D('',#5956,#4499,#4500);
#3861=AXIS2_PLACEMENT_3D('',#5957,#4501,#4502);
#3862=AXIS2_PLACEMENT_3D('',#5958,#4503,#4504);
#3863=AXIS2_PLACEMENT_3D('',#5959,#4505,#4506);
#3864=AXIS2_PLACEMENT_3D('',#5960,#4507,#4508);
#3865=AXIS2_PLACEMENT_3D('',#6027,#4509,#4510);
#3866=AXIS2_PLACEMENT_3D('',#6077,#4511,#4512);
#3867=AXIS2_PLACEMENT_3D('',#6090,#4513,#4514);
#3868=AXIS2_PLACEMENT_3D('',#6207,#4515,#4516);
#3869=AXIS2_PLACEMENT_3D('',#6208,#4517,#4518);
#3870=AXIS2_PLACEMENT_3D('',#6210,#4519,#4520);
#3871=AXIS2_PLACEMENT_3D('',#6223,#4521,#4522);
#3872=AXIS2_PLACEMENT_3D('',#6236,#4523,#4524);
#3873=AXIS2_PLACEMENT_3D('',#6249,#4525,#4526);
#3874=AXIS2_PLACEMENT_3D('',#6262,#4527,#4528);
#3875=AXIS2_PLACEMENT_3D('',#6274,#4529,#4530);
#3876=AXIS2_PLACEMENT_3D('',#6287,#4531,#4532);
#3877=AXIS2_PLACEMENT_3D('',#6299,#4533,#4534);
#3878=AXIS2_PLACEMENT_3D('',#6307,#4535,#4536);
#3879=AXIS2_PLACEMENT_3D('',#6315,#4537,#4538);
#3880=AXIS2_PLACEMENT_3D('',#6331,#4539,#4540);
#3881=AXIS2_PLACEMENT_3D('',#6347,#4541,#4542);
#3882=AXIS2_PLACEMENT_3D('',#6363,#4543,#4544);
#3883=AXIS2_PLACEMENT_3D('',#6379,#4545,#4546);
#3884=AXIS2_PLACEMENT_3D('',#6395,#4547,#4548);
#3885=AXIS2_PLACEMENT_3D('',#6411,#4549,#4550);
#3886=AXIS2_PLACEMENT_3D('',#6427,#4551,#4552);
#3887=AXIS2_PLACEMENT_3D('',#6466,#4553,#4554);
#3888=AXIS2_PLACEMENT_3D('',#6514,#4555,#4556);
#3889=AXIS2_PLACEMENT_3D('',#6554,#4557,#4558);
#3890=AXIS2_PLACEMENT_3D('',#6562,#4559,#4560);
#3891=AXIS2_PLACEMENT_3D('',#6563,#4561,#4562);
#3892=AXIS2_PLACEMENT_3D('',#6566,#4563,#4564);
#3893=AXIS2_PLACEMENT_3D('',#6567,#4565,#4566);
#3894=AXIS2_PLACEMENT_3D('',#6568,#4567,#4568);
#3895=AXIS2_PLACEMENT_3D('',#6569,#4569,#4570);
#3896=AXIS2_PLACEMENT_3D('',#6570,#4571,#4572);
#3897=AXIS2_PLACEMENT_3D('',#6571,#4573,#4574);
#3898=AXIS2_PLACEMENT_3D('',#6621,#4575,#4576);
#3899=AXIS2_PLACEMENT_3D('',#6623,#4577,#4578);
#3900=AXIS2_PLACEMENT_3D('',#6624,#4579,#4580);
#3901=AXIS2_PLACEMENT_3D('',#6647,#4581,#4582);
#3902=AXIS2_PLACEMENT_3D('',#6662,#4583,#4584);
#3903=AXIS2_PLACEMENT_3D('',#6728,#4585,#4586);
#3904=AXIS2_PLACEMENT_3D('',#6729,#4587,#4588);
#3905=AXIS2_PLACEMENT_3D('',#6731,#4589,#4590);
#3906=AXIS2_PLACEMENT_3D('',#6732,#4591,#4592);
#3907=AXIS2_PLACEMENT_3D('',#6733,#4593,#4594);
#3908=AXIS2_PLACEMENT_3D('',#6760,#4595,#4596);
#3909=AXIS2_PLACEMENT_3D('',#6794,#4597,#4598);
#3910=AXIS2_PLACEMENT_3D('',#6796,#4599,#4600);
#3911=AXIS2_PLACEMENT_3D('',#6797,#4601,#4602);
#3912=AXIS2_PLACEMENT_3D('',#6798,#4603,#4604);
#3913=AXIS2_PLACEMENT_3D('',#6801,#4605,#4606);
#3914=AXIS2_PLACEMENT_3D('',#6802,#4607,#4608);
#3915=AXIS2_PLACEMENT_3D('',#6803,#4609,#4610);
#3916=AXIS2_PLACEMENT_3D('',#6825,#4611,#4612);
#3917=AXIS2_PLACEMENT_3D('',#6827,#4613,#4614);
#3918=AXIS2_PLACEMENT_3D('',#6828,#4615,#4616);
#3919=AXIS2_PLACEMENT_3D('',#6872,#4617,#4618);
#3920=AXIS2_PLACEMENT_3D('',#6874,#4619,#4620);
#3921=AXIS2_PLACEMENT_3D('',#6876,#4621,#4622);
#3922=AXIS2_PLACEMENT_3D('',#6877,#4623,#4624);
#3923=AXIS2_PLACEMENT_3D('',#6878,#4625,#4626);
#3924=AXIS2_PLACEMENT_3D('',#6880,#4627,#4628);
#3925=AXIS2_PLACEMENT_3D('',#6881,#4629,#4630);
#3926=AXIS2_PLACEMENT_3D('',#6883,#4631,#4632);
#3927=AXIS2_PLACEMENT_3D('',#6884,#4633,#4634);
#3928=AXIS2_PLACEMENT_3D('',#6885,#4635,#4636);
#3929=AXIS2_PLACEMENT_3D('',#6929,#4637,#4638);
#3930=AXIS2_PLACEMENT_3D('',#7002,#4639,#4640);
#3931=AXIS2_PLACEMENT_3D('',#7044,#4641,#4642);
#3932=AXIS2_PLACEMENT_3D('',#7045,#4643,#4644);
#3933=AXIS2_PLACEMENT_3D('',#7046,#4645,#4646);
#3934=AXIS2_PLACEMENT_3D('',#7047,#4647,#4648);
#3935=AXIS2_PLACEMENT_3D('',#7050,#4649,#4650);
#3936=AXIS2_PLACEMENT_3D('',#7052,#4651,#4652);
#3937=AXIS2_PLACEMENT_3D('',#7053,#4653,#4654);
#3938=AXIS2_PLACEMENT_3D('',#7054,#4655,#4656);
#3939=AXIS2_PLACEMENT_3D('',#7129,#4657,#4658);
#3940=AXIS2_PLACEMENT_3D('',#7141,#4659,#4660);
#3941=AXIS2_PLACEMENT_3D('',#7182,#4661,#4662);
#3942=AXIS2_PLACEMENT_3D('',#7183,#4663,#4664);
#3943=AXIS2_PLACEMENT_3D('',#7184,#4665,#4666);
#3944=AXIS2_PLACEMENT_3D('',#7185,#4667,#4668);
#3945=AXIS2_PLACEMENT_3D('',#7186,#4669,#4670);
#3946=AXIS2_PLACEMENT_3D('',#7187,#4671,#4672);
#3947=AXIS2_PLACEMENT_3D('',#7188,#4673,#4674);
#3948=AXIS2_PLACEMENT_3D('',#7189,#4675,#4676);
#3949=AXIS2_PLACEMENT_3D('',#7190,#4677,#4678);
#3950=AXIS2_PLACEMENT_3D('',#7192,#4679,#4680);
#3951=AXIS2_PLACEMENT_3D('',#7193,#4681,#4682);
#3952=AXIS2_PLACEMENT_3D('',#7195,#4683,#4684);
#3953=AXIS2_PLACEMENT_3D('',#7236,#4685,#4686);
#3954=AXIS2_PLACEMENT_3D('',#7238,#4687,#4688);
#3955=AXIS2_PLACEMENT_3D('',#7240,#4689,#4690);
#3956=AXIS2_PLACEMENT_3D('',#7242,#4691,#4692);
#3957=AXIS2_PLACEMENT_3D('',#7243,#4693,#4694);
#3958=AXIS2_PLACEMENT_3D('',#7245,#4695,#4696);
#3959=AXIS2_PLACEMENT_3D('',#7246,#4697,#4698);
#3960=AXIS2_PLACEMENT_3D('',#7248,#4699,#4700);
#3961=AXIS2_PLACEMENT_3D('',#7356,#4701,#4702);
#3962=AXIS2_PLACEMENT_3D('',#7357,#4703,#4704);
#3963=AXIS2_PLACEMENT_3D('',#7358,#4705,#4706);
#3964=AXIS2_PLACEMENT_3D('',#7408,#4707,#4708);
#3965=AXIS2_PLACEMENT_3D('',#7410,#4709,#4710);
#3966=AXIS2_PLACEMENT_3D('',#7422,#4711,#4712);
#3967=AXIS2_PLACEMENT_3D('',#7434,#4713,#4714);
#3968=AXIS2_PLACEMENT_3D('',#7445,#4715,#4716);
#3969=AXIS2_PLACEMENT_3D('',#7457,#4717,#4718);
#3970=AXIS2_PLACEMENT_3D('',#7468,#4719,#4720);
#3971=AXIS2_PLACEMENT_3D('',#7492,#4721,#4722);
#3972=AXIS2_PLACEMENT_3D('',#7509,#4723,#4724);
#3973=AXIS2_PLACEMENT_3D('',#7526,#4725,#4726);
#3974=AXIS2_PLACEMENT_3D('',#7542,#4727,#4728);
#3975=AXIS2_PLACEMENT_3D('',#7559,#4729,#4730);
#3976=AXIS2_PLACEMENT_3D('',#7575,#4731,#4732);
#3977=AXIS2_PLACEMENT_3D('',#7589,#4733,#4734);
#3978=AXIS2_PLACEMENT_3D('',#7616,#4735,#4736);
#3979=AXIS2_PLACEMENT_3D('',#7650,#4737,#4738);
#3980=AXIS2_PLACEMENT_3D('',#7652,#4739,#4740);
#3981=AXIS2_PLACEMENT_3D('',#7653,#4741,#4742);
#3982=AXIS2_PLACEMENT_3D('',#7654,#4743,#4744);
#3983=AXIS2_PLACEMENT_3D('',#7657,#4745,#4746);
#3984=AXIS2_PLACEMENT_3D('',#7658,#4747,#4748);
#3985=AXIS2_PLACEMENT_3D('',#7659,#4749,#4750);
#3986=AXIS2_PLACEMENT_3D('',#7681,#4751,#4752);
#3987=AXIS2_PLACEMENT_3D('',#7683,#4753,#4754);
#3988=AXIS2_PLACEMENT_3D('',#7684,#4755,#4756);
#3989=AXIS2_PLACEMENT_3D('',#7727,#4757,#4758);
#3990=AXIS2_PLACEMENT_3D('',#7729,#4759,#4760);
#3991=AXIS2_PLACEMENT_3D('',#7730,#4761,#4762);
#3992=AXIS2_PLACEMENT_3D('',#7731,#4763,#4764);
#3993=AXIS2_PLACEMENT_3D('',#7733,#4765,#4766);
#3994=AXIS2_PLACEMENT_3D('',#7734,#4767,#4768);
#3995=AXIS2_PLACEMENT_3D('',#7736,#4769,#4770);
#3996=AXIS2_PLACEMENT_3D('',#7737,#4771,#4772);
#3997=AXIS2_PLACEMENT_3D('',#7738,#4773,#4774);
#3998=AXIS2_PLACEMENT_3D('',#7782,#4775,#4776);
#3999=AXIS2_PLACEMENT_3D('',#7854,#4777,#4778);
#4000=AXIS2_PLACEMENT_3D('',#7855,#4779,#4780);
#4001=AXIS2_PLACEMENT_3D('',#7858,#4781,#4782);
#4002=AXIS2_PLACEMENT_3D('',#7860,#4783,#4784);
#4003=AXIS2_PLACEMENT_3D('',#7861,#4785,#4786);
#4004=AXIS2_PLACEMENT_3D('',#7862,#4787,#4788);
#4005=AXIS2_PLACEMENT_3D('',#7919,#4789,#4790);
#4006=AXIS2_PLACEMENT_3D('',#7928,#4791,#4792);
#4007=AXIS2_PLACEMENT_3D('',#7929,#4793,#4794);
#4008=AXIS2_PLACEMENT_3D('',#7930,#4795,#4796);
#4009=AXIS2_PLACEMENT_3D('',#7931,#4797,#4798);
#4010=AXIS2_PLACEMENT_3D('',#7932,#4799,#4800);
#4011=AXIS2_PLACEMENT_3D('',#7934,#4801,#4802);
#4012=AXIS2_PLACEMENT_3D('',#7975,#4803,#4804);
#4013=AXIS2_PLACEMENT_3D('',#7977,#4805,#4806);
#4014=AXIS2_PLACEMENT_3D('',#7979,#4807,#4808);
#4015=AXIS2_PLACEMENT_3D('',#7981,#4809,#4810);
#4016=AXIS2_PLACEMENT_3D('',#7982,#4811,#4812);
#4017=AXIS2_PLACEMENT_3D('',#7984,#4813,#4814);
#4018=AXIS2_PLACEMENT_3D('',#7985,#4815,#4816);
#4019=AXIS2_PLACEMENT_3D('',#8026,#4817,#4818);
#4020=AXIS2_PLACEMENT_3D('',#8088,#4819,#4820);
#4021=AXIS2_PLACEMENT_3D('',#8089,#4821,#4822);
#4022=AXIS2_PLACEMENT_3D('',#8090,#4823,#4824);
#4023=AXIS2_PLACEMENT_3D('',#8133,#4825,#4826);
#4024=AXIS2_PLACEMENT_3D('',#8160,#4827,#4828);
#4025=AXIS2_PLACEMENT_3D('',#8194,#4829,#4830);
#4026=AXIS2_PLACEMENT_3D('',#8196,#4831,#4832);
#4027=AXIS2_PLACEMENT_3D('',#8197,#4833,#4834);
#4028=AXIS2_PLACEMENT_3D('',#8198,#4835,#4836);
#4029=AXIS2_PLACEMENT_3D('',#8201,#4837,#4838);
#4030=AXIS2_PLACEMENT_3D('',#8202,#4839,#4840);
#4031=AXIS2_PLACEMENT_3D('',#8203,#4841,#4842);
#4032=AXIS2_PLACEMENT_3D('',#8225,#4843,#4844);
#4033=AXIS2_PLACEMENT_3D('',#8227,#4845,#4846);
#4034=AXIS2_PLACEMENT_3D('',#8228,#4847,#4848);
#4035=AXIS2_PLACEMENT_3D('',#8271,#4849,#4850);
#4036=AXIS2_PLACEMENT_3D('',#8273,#4851,#4852);
#4037=AXIS2_PLACEMENT_3D('',#8274,#4853,#4854);
#4038=AXIS2_PLACEMENT_3D('',#8275,#4855,#4856);
#4039=AXIS2_PLACEMENT_3D('',#8277,#4857,#4858);
#4040=AXIS2_PLACEMENT_3D('',#8278,#4859,#4860);
#4041=AXIS2_PLACEMENT_3D('',#8280,#4861,#4862);
#4042=AXIS2_PLACEMENT_3D('',#8281,#4863,#4864);
#4043=AXIS2_PLACEMENT_3D('',#8282,#4865,#4866);
#4044=AXIS2_PLACEMENT_3D('',#8326,#4867,#4868);
#4045=AXIS2_PLACEMENT_3D('',#8398,#4869,#4870);
#4046=AXIS2_PLACEMENT_3D('',#8399,#4871,#4872);
#4047=AXIS2_PLACEMENT_3D('',#8402,#4873,#4874);
#4048=AXIS2_PLACEMENT_3D('',#8404,#4875,#4876);
#4049=AXIS2_PLACEMENT_3D('',#8405,#4877,#4878);
#4050=AXIS2_PLACEMENT_3D('',#8406,#4879,#4880);
#4051=AXIS2_PLACEMENT_3D('',#8463,#4881,#4882);
#4052=AXIS2_PLACEMENT_3D('',#8472,#4883,#4884);
#4053=AXIS2_PLACEMENT_3D('',#8473,#4885,#4886);
#4054=AXIS2_PLACEMENT_3D('',#8474,#4887,#4888);
#4055=AXIS2_PLACEMENT_3D('',#8475,#4889,#4890);
#4056=AXIS2_PLACEMENT_3D('',#8476,#4891,#4892);
#4057=AXIS2_PLACEMENT_3D('',#8478,#4893,#4894);
#4058=AXIS2_PLACEMENT_3D('',#8519,#4895,#4896);
#4059=AXIS2_PLACEMENT_3D('',#8521,#4897,#4898);
#4060=AXIS2_PLACEMENT_3D('',#8523,#4899,#4900);
#4061=AXIS2_PLACEMENT_3D('',#8525,#4901,#4902);
#4062=AXIS2_PLACEMENT_3D('',#8526,#4903,#4904);
#4063=AXIS2_PLACEMENT_3D('',#8528,#4905,#4906);
#4064=AXIS2_PLACEMENT_3D('',#8529,#4907,#4908);
#4065=AXIS2_PLACEMENT_3D('',#8570,#4909,#4910);
#4066=AXIS2_PLACEMENT_3D('',#8638,#4911,#4912);
#4067=AXIS2_PLACEMENT_3D('',#8639,#4913,#4914);
#4068=AXIS2_PLACEMENT_3D('',#8640,#4915,#4916);
#4069=AXIS2_PLACEMENT_3D('',#8683,#4917,#4918);
#4070=AXIS2_PLACEMENT_3D('',#8710,#4919,#4920);
#4071=AXIS2_PLACEMENT_3D('',#8744,#4921,#4922);
#4072=AXIS2_PLACEMENT_3D('',#8746,#4923,#4924);
#4073=AXIS2_PLACEMENT_3D('',#8747,#4925,#4926);
#4074=AXIS2_PLACEMENT_3D('',#8748,#4927,#4928);
#4075=AXIS2_PLACEMENT_3D('',#8751,#4929,#4930);
#4076=AXIS2_PLACEMENT_3D('',#8752,#4931,#4932);
#4077=AXIS2_PLACEMENT_3D('',#8753,#4933,#4934);
#4078=AXIS2_PLACEMENT_3D('',#8775,#4935,#4936);
#4079=AXIS2_PLACEMENT_3D('',#8777,#4937,#4938);
#4080=AXIS2_PLACEMENT_3D('',#8778,#4939,#4940);
#4081=AXIS2_PLACEMENT_3D('',#8821,#4941,#4942);
#4082=AXIS2_PLACEMENT_3D('',#8823,#4943,#4944);
#4083=AXIS2_PLACEMENT_3D('',#8824,#4945,#4946);
#4084=AXIS2_PLACEMENT_3D('',#8825,#4947,#4948);
#4085=AXIS2_PLACEMENT_3D('',#8827,#4949,#4950);
#4086=AXIS2_PLACEMENT_3D('',#8828,#4951,#4952);
#4087=AXIS2_PLACEMENT_3D('',#8830,#4953,#4954);
#4088=AXIS2_PLACEMENT_3D('',#8831,#4955,#4956);
#4089=AXIS2_PLACEMENT_3D('',#8832,#4957,#4958);
#4090=AXIS2_PLACEMENT_3D('',#8876,#4959,#4960);
#4091=AXIS2_PLACEMENT_3D('',#8948,#4961,#4962);
#4092=AXIS2_PLACEMENT_3D('',#8949,#4963,#4964);
#4093=AXIS2_PLACEMENT_3D('',#8952,#4965,#4966);
#4094=AXIS2_PLACEMENT_3D('',#8954,#4967,#4968);
#4095=AXIS2_PLACEMENT_3D('',#8955,#4969,#4970);
#4096=AXIS2_PLACEMENT_3D('',#8956,#4971,#4972);
#4097=AXIS2_PLACEMENT_3D('',#9020,#4973,#4974);
#4098=AXIS2_PLACEMENT_3D('',#9030,#4975,#4976);
#4099=AXIS2_PLACEMENT_3D('',#9031,#4977,#4978);
#4100=AXIS2_PLACEMENT_3D('',#9032,#4979,#4980);
#4101=AXIS2_PLACEMENT_3D('',#9033,#4981,#4982);
#4102=AXIS2_PLACEMENT_3D('',#9034,#4983,#4984);
#4103=AXIS2_PLACEMENT_3D('',#9036,#4985,#4986);
#4104=AXIS2_PLACEMENT_3D('',#9077,#4987,#4988);
#4105=AXIS2_PLACEMENT_3D('',#9079,#4989,#4990);
#4106=AXIS2_PLACEMENT_3D('',#9081,#4991,#4992);
#4107=AXIS2_PLACEMENT_3D('',#9083,#4993,#4994);
#4108=AXIS2_PLACEMENT_3D('',#9084,#4995,#4996);
#4109=AXIS2_PLACEMENT_3D('',#9086,#4997,#4998);
#4110=AXIS2_PLACEMENT_3D('',#9087,#4999,#5000);
#4111=AXIS2_PLACEMENT_3D('',#9128,#5001,#5002);
#4112=AXIS2_PLACEMENT_3D('',#9196,#5003,#5004);
#4113=AXIS2_PLACEMENT_3D('',#9197,#5005,#5006);
#4114=AXIS2_PLACEMENT_3D('',#9198,#5007,#5008);
#4115=AXIS2_PLACEMENT_3D('',#9241,#5009,#5010);
#4116=AXIS2_PLACEMENT_3D('',#9268,#5011,#5012);
#4117=AXIS2_PLACEMENT_3D('',#9302,#5013,#5014);
#4118=AXIS2_PLACEMENT_3D('',#9304,#5015,#5016);
#4119=AXIS2_PLACEMENT_3D('',#9305,#5017,#5018);
#4120=AXIS2_PLACEMENT_3D('',#9306,#5019,#5020);
#4121=AXIS2_PLACEMENT_3D('',#9309,#5021,#5022);
#4122=AXIS2_PLACEMENT_3D('',#9310,#5023,#5024);
#4123=AXIS2_PLACEMENT_3D('',#9311,#5025,#5026);
#4124=AXIS2_PLACEMENT_3D('',#9333,#5027,#5028);
#4125=AXIS2_PLACEMENT_3D('',#9335,#5029,#5030);
#4126=AXIS2_PLACEMENT_3D('',#9336,#5031,#5032);
#4127=AXIS2_PLACEMENT_3D('',#9379,#5033,#5034);
#4128=AXIS2_PLACEMENT_3D('',#9381,#5035,#5036);
#4129=AXIS2_PLACEMENT_3D('',#9382,#5037,#5038);
#4130=AXIS2_PLACEMENT_3D('',#9383,#5039,#5040);
#4131=AXIS2_PLACEMENT_3D('',#9385,#5041,#5042);
#4132=AXIS2_PLACEMENT_3D('',#9386,#5043,#5044);
#4133=AXIS2_PLACEMENT_3D('',#9388,#5045,#5046);
#4134=AXIS2_PLACEMENT_3D('',#9389,#5047,#5048);
#4135=AXIS2_PLACEMENT_3D('',#9390,#5049,#5050);
#4136=AXIS2_PLACEMENT_3D('',#9434,#5051,#5052);
#4137=AXIS2_PLACEMENT_3D('',#9499,#5053,#5054);
#4138=AXIS2_PLACEMENT_3D('',#9500,#5055,#5056);
#4139=AXIS2_PLACEMENT_3D('',#9503,#5057,#5058);
#4140=AXIS2_PLACEMENT_3D('',#9505,#5059,#5060);
#4141=AXIS2_PLACEMENT_3D('',#9506,#5061,#5062);
#4142=AXIS2_PLACEMENT_3D('',#9507,#5063,#5064);
#4143=AXIS2_PLACEMENT_3D('',#9564,#5065,#5066);
#4144=AXIS2_PLACEMENT_3D('',#9573,#5067,#5068);
#4145=AXIS2_PLACEMENT_3D('',#9574,#5069,#5070);
#4146=AXIS2_PLACEMENT_3D('',#9575,#5071,#5072);
#4147=AXIS2_PLACEMENT_3D('',#9576,#5073,#5074);
#4148=AXIS2_PLACEMENT_3D('',#9577,#5075,#5076);
#4149=AXIS2_PLACEMENT_3D('',#9579,#5077,#5078);
#4150=AXIS2_PLACEMENT_3D('',#9620,#5079,#5080);
#4151=AXIS2_PLACEMENT_3D('',#9622,#5081,#5082);
#4152=AXIS2_PLACEMENT_3D('',#9624,#5083,#5084);
#4153=AXIS2_PLACEMENT_3D('',#9626,#5085,#5086);
#4154=AXIS2_PLACEMENT_3D('',#9627,#5087,#5088);
#4155=AXIS2_PLACEMENT_3D('',#9629,#5089,#5090);
#4156=AXIS2_PLACEMENT_3D('',#9630,#5091,#5092);
#4157=AXIS2_PLACEMENT_3D('',#9671,#5093,#5094);
#4158=AXIS2_PLACEMENT_3D('',#9733,#5095,#5096);
#4159=AXIS2_PLACEMENT_3D('',#9734,#5097,#5098);
#4160=AXIS2_PLACEMENT_3D('',#9735,#5099,#5100);
#4161=AXIS2_PLACEMENT_3D('',#9778,#5101,#5102);
#4162=AXIS2_PLACEMENT_3D('',#9805,#5103,#5104);
#4163=AXIS2_PLACEMENT_3D('',#9839,#5105,#5106);
#4164=AXIS2_PLACEMENT_3D('',#9841,#5107,#5108);
#4165=AXIS2_PLACEMENT_3D('',#9842,#5109,#5110);
#4166=AXIS2_PLACEMENT_3D('',#9843,#5111,#5112);
#4167=AXIS2_PLACEMENT_3D('',#9846,#5113,#5114);
#4168=AXIS2_PLACEMENT_3D('',#9847,#5115,#5116);
#4169=AXIS2_PLACEMENT_3D('',#9848,#5117,#5118);
#4170=AXIS2_PLACEMENT_3D('',#9870,#5119,#5120);
#4171=AXIS2_PLACEMENT_3D('',#9872,#5121,#5122);
#4172=AXIS2_PLACEMENT_3D('',#9873,#5123,#5124);
#4173=AXIS2_PLACEMENT_3D('',#9916,#5125,#5126);
#4174=AXIS2_PLACEMENT_3D('',#9918,#5127,#5128);
#4175=AXIS2_PLACEMENT_3D('',#9919,#5129,#5130);
#4176=AXIS2_PLACEMENT_3D('',#9920,#5131,#5132);
#4177=AXIS2_PLACEMENT_3D('',#9922,#5133,#5134);
#4178=AXIS2_PLACEMENT_3D('',#9923,#5135,#5136);
#4179=AXIS2_PLACEMENT_3D('',#9925,#5137,#5138);
#4180=AXIS2_PLACEMENT_3D('',#9926,#5139,#5140);
#4181=AXIS2_PLACEMENT_3D('',#9927,#5141,#5142);
#4182=AXIS2_PLACEMENT_3D('',#9971,#5143,#5144);
#4183=AXIS2_PLACEMENT_3D('',#10043,#5145,#5146);
#4184=AXIS2_PLACEMENT_3D('',#10044,#5147,#5148);
#4185=AXIS2_PLACEMENT_3D('',#10047,#5149,#5150);
#4186=AXIS2_PLACEMENT_3D('',#10049,#5151,#5152);
#4187=AXIS2_PLACEMENT_3D('',#10050,#5153,#5154);
#4188=AXIS2_PLACEMENT_3D('',#10051,#5155,#5156);
#4189=AXIS2_PLACEMENT_3D('',#10115,#5157,#5158);
#4190=AXIS2_PLACEMENT_3D('',#10125,#5159,#5160);
#4191=AXIS2_PLACEMENT_3D('',#10126,#5161,#5162);
#4192=AXIS2_PLACEMENT_3D('',#10127,#5163,#5164);
#4193=AXIS2_PLACEMENT_3D('',#10128,#5165,#5166);
#4194=AXIS2_PLACEMENT_3D('',#10129,#5167,#5168);
#4195=AXIS2_PLACEMENT_3D('',#10131,#5169,#5170);
#4196=AXIS2_PLACEMENT_3D('',#10172,#5171,#5172);
#4197=AXIS2_PLACEMENT_3D('',#10174,#5173,#5174);
#4198=AXIS2_PLACEMENT_3D('',#10176,#5175,#5176);
#4199=AXIS2_PLACEMENT_3D('',#10178,#5177,#5178);
#4200=AXIS2_PLACEMENT_3D('',#10179,#5179,#5180);
#4201=AXIS2_PLACEMENT_3D('',#10181,#5181,#5182);
#4202=AXIS2_PLACEMENT_3D('',#10182,#5183,#5184);
#4203=AXIS2_PLACEMENT_3D('',#10223,#5185,#5186);
#4204=AXIS2_PLACEMENT_3D('',#10291,#5187,#5188);
#4205=AXIS2_PLACEMENT_3D('',#10292,#5189,#5190);
#4206=AXIS2_PLACEMENT_3D('',#10293,#5191,#5192);
#4207=AXIS2_PLACEMENT_3D('',#10336,#5193,#5194);
#4208=AXIS2_PLACEMENT_3D('',#10363,#5195,#5196);
#4209=AXIS2_PLACEMENT_3D('',#10397,#5197,#5198);
#4210=AXIS2_PLACEMENT_3D('',#10399,#5199,#5200);
#4211=AXIS2_PLACEMENT_3D('',#10400,#5201,#5202);
#4212=AXIS2_PLACEMENT_3D('',#10401,#5203,#5204);
#4213=AXIS2_PLACEMENT_3D('',#10404,#5205,#5206);
#4214=AXIS2_PLACEMENT_3D('',#10405,#5207,#5208);
#4215=AXIS2_PLACEMENT_3D('',#10406,#5209,#5210);
#4216=AXIS2_PLACEMENT_3D('',#10428,#5211,#5212);
#4217=AXIS2_PLACEMENT_3D('',#10430,#5213,#5214);
#4218=AXIS2_PLACEMENT_3D('',#10431,#5215,#5216);
#4219=AXIS2_PLACEMENT_3D('',#10474,#5217,#5218);
#4220=AXIS2_PLACEMENT_3D('',#10476,#5219,#5220);
#4221=AXIS2_PLACEMENT_3D('',#10477,#5221,#5222);
#4222=AXIS2_PLACEMENT_3D('',#10478,#5223,#5224);
#4223=AXIS2_PLACEMENT_3D('',#10480,#5225,#5226);
#4224=AXIS2_PLACEMENT_3D('',#10481,#5227,#5228);
#4225=AXIS2_PLACEMENT_3D('',#10483,#5229,#5230);
#4226=AXIS2_PLACEMENT_3D('',#10484,#5231,#5232);
#4227=AXIS2_PLACEMENT_3D('',#10485,#5233,#5234);
#4228=AXIS2_PLACEMENT_3D('',#10529,#5235,#5236);
#4229=AXIS2_PLACEMENT_3D('',#10601,#5237,#5238);
#4230=AXIS2_PLACEMENT_3D('',#10602,#5239,#5240);
#4231=AXIS2_PLACEMENT_3D('',#10605,#5241,#5242);
#4232=AXIS2_PLACEMENT_3D('',#10607,#5243,#5244);
#4233=AXIS2_PLACEMENT_3D('',#10608,#5245,#5246);
#4234=AXIS2_PLACEMENT_3D('',#10609,#5247,#5248);
#4235=AXIS2_PLACEMENT_3D('',#10673,#5249,#5250);
#4236=AXIS2_PLACEMENT_3D('',#10683,#5251,#5252);
#4237=AXIS2_PLACEMENT_3D('',#10684,#5253,#5254);
#4238=AXIS2_PLACEMENT_3D('',#10685,#5255,#5256);
#4239=AXIS2_PLACEMENT_3D('',#10686,#5257,#5258);
#4240=AXIS2_PLACEMENT_3D('',#10687,#5259,#5260);
#4241=AXIS2_PLACEMENT_3D('',#10688,#5261,#5262);
#4242=AXIS2_PLACEMENT_3D('',#10689,#5263,#5264);
#4243=AXIS2_PLACEMENT_3D('',#10690,#5265,#5266);
#4244=AXIS2_PLACEMENT_3D('',#10692,#5267,#5268);
#4245=AXIS2_PLACEMENT_3D('',#10693,#5269,#5270);
#4246=AXIS2_PLACEMENT_3D('',#10694,#5271,#5272);
#4247=AXIS2_PLACEMENT_3D('',#10756,#5273,#5274);
#4248=AXIS2_PLACEMENT_3D('',#10757,#5275,#5276);
#4249=AXIS2_PLACEMENT_3D('',#10758,#5277,#5278);
#4250=AXIS2_PLACEMENT_3D('',#10801,#5279,#5280);
#4251=AXIS2_PLACEMENT_3D('',#10802,#5281,#5282);
#4252=AXIS2_PLACEMENT_3D('',#10829,#5283,#5284);
#4253=AXIS2_PLACEMENT_3D('',#10866,#5285,#5286);
#4254=AXIS2_PLACEMENT_3D('',#10867,#5287,#5288);
#4255=AXIS2_PLACEMENT_3D('',#10868,#5289,#5290);
#4256=AXIS2_PLACEMENT_3D('',#10953,#5291,#5292);
#4257=AXIS2_PLACEMENT_3D('',#10954,#5293,#5294);
#4258=AXIS2_PLACEMENT_3D('',#10955,#5295,#5296);
#4259=AXIS2_PLACEMENT_3D('',#10956,#5297,#5298);
#4260=AXIS2_PLACEMENT_3D('',#10957,#5299,#5300);
#4261=AXIS2_PLACEMENT_3D('',#10958,#5301,#5302);
#4262=AXIS2_PLACEMENT_3D('',#10960,#5303,#5304);
#4263=AXIS2_PLACEMENT_3D('',#10961,#5305,#5306);
#4264=AXIS2_PLACEMENT_3D('',#10962,#5307,#5308);
#4265=AXIS2_PLACEMENT_3D('',#10963,#5309,#5310);
#4266=AXIS2_PLACEMENT_3D('',#10964,#5311,#5312);
#4267=AXIS2_PLACEMENT_3D('',#10965,#5313,#5314);
#4268=AXIS2_PLACEMENT_3D('',#10966,#5315,#5316);
#4269=AXIS2_PLACEMENT_3D('placement',#10967,#5317,#5318);
#4270=AXIS2_PLACEMENT_3D('',#10968,#5319,#5320);
#4271=AXIS2_PLACEMENT_3D('',#10970,#5321,#5322);
#4272=AXIS2_PLACEMENT_3D('',#10971,#5323,#5324);
#4273=AXIS2_PLACEMENT_3D('',#10973,#5325,#5326);
#4274=AXIS2_PLACEMENT_3D('',#10974,#5327,#5328);
#4275=AXIS2_PLACEMENT_3D('',#10976,#5329,#5330);
#4276=AXIS2_PLACEMENT_3D('',#10977,#5331,#5332);
#4277=AXIS2_PLACEMENT_3D('',#10979,#5333,#5334);
#4278=AXIS2_PLACEMENT_3D('',#10980,#5335,#5336);
#4279=AXIS2_PLACEMENT_3D('',#10982,#5337,#5338);
#4280=AXIS2_PLACEMENT_3D('',#10983,#5339,#5340);
#4281=AXIS2_PLACEMENT_3D('',#10985,#5341,#5342);
#4282=AXIS2_PLACEMENT_3D('',#10986,#5343,#5344);
#4283=AXIS2_PLACEMENT_3D('',#10988,#5345,#5346);
#4284=AXIS2_PLACEMENT_3D('',#10989,#5347,#5348);
#4285=AXIS2_PLACEMENT_3D('',#10991,#5349,#5350);
#4286=AXIS2_PLACEMENT_3D('',#10992,#5351,#5352);
#4287=AXIS2_PLACEMENT_3D('',#10993,#5353,#5354);
#4288=AXIS2_PLACEMENT_3D('',#10994,#5355,#5356);
#4289=AXIS2_PLACEMENT_3D('',#10995,#5357,#5358);
#4290=AXIS2_PLACEMENT_3D('',#10996,#5359,#5360);
#4291=AXIS2_PLACEMENT_3D('',#10997,#5361,#5362);
#4292=AXIS2_PLACEMENT_3D('',#10998,#5363,#5364);
#4293=AXIS2_PLACEMENT_3D('',#10999,#5365,#5366);
#4294=AXIS2_PLACEMENT_3D('',#11000,#5367,#5368);
#4295=AXIS2_PLACEMENT_3D('',#11001,#5369,#5370);
#4296=AXIS2_PLACEMENT_3D('',#11002,#5371,#5372);
#4297=AXIS2_PLACEMENT_3D('',#11003,#5373,#5374);
#4298=AXIS2_PLACEMENT_3D('',#11004,#5375,#5376);
#4299=AXIS2_PLACEMENT_3D('',#11005,#5377,#5378);
#4300=AXIS2_PLACEMENT_3D('',#11006,#5379,#5380);
#4301=AXIS2_PLACEMENT_3D('',#11007,#5381,#5382);
#4302=AXIS2_PLACEMENT_3D('',#11008,#5383,#5384);
#4303=AXIS2_PLACEMENT_3D('',#11009,#5385,#5386);
#4304=AXIS2_PLACEMENT_3D('',#11010,#5387,#5388);
#4305=AXIS2_PLACEMENT_3D('',#11011,#5389,#5390);
#4306=AXIS2_PLACEMENT_3D('',#11012,#5391,#5392);
#4307=AXIS2_PLACEMENT_3D('',#11013,#5393,#5394);
#4308=AXIS2_PLACEMENT_3D('',#11014,#5395,#5396);
#4309=DIRECTION('axis',(0.,0.,1.));
#4310=DIRECTION('refdir',(1.,0.,0.));
#4311=DIRECTION('axis',(0.,0.,1.));
#4312=DIRECTION('refdir',(1.,0.,0.));
#4313=DIRECTION('center_axis',(0.,3.06161699786838E-16,-1.));
#4314=DIRECTION('ref_axis',(-1.,0.,0.));
#4315=DIRECTION('center_axis',(0.,3.06161699786838E-16,-1.));
#4316=DIRECTION('ref_axis',(6.12323399573677E-17,-1.,-3.06127672231201E-16));
#4317=DIRECTION('center_axis',(0.,-3.06161699786838E-16,1.));
#4318=DIRECTION('ref_axis',(6.12323399573676E-17,-1.,-3.06161699786838E-16));
#4319=DIRECTION('center_axis',(0.,3.06161699786838E-16,-1.));
#4320=DIRECTION('ref_axis',(0.,1.,3.06161699786838E-16));
#4321=DIRECTION('center_axis',(0.,3.06161699786838E-16,-1.));
#4322=DIRECTION('ref_axis',(1.,0.,0.));
#4323=DIRECTION('center_axis',(0.,3.06161699786838E-16,-1.));
#4324=DIRECTION('ref_axis',(-1.,0.,0.));
#4325=DIRECTION('center_axis',(0.,3.06161699786838E-16,-1.));
#4326=DIRECTION('ref_axis',(1.,0.,0.));
#4327=DIRECTION('center_axis',(0.,3.06161699786838E-16,-1.));
#4328=DIRECTION('ref_axis',(-1.,0.,0.));
#4329=DIRECTION('center_axis',(0.,3.06161699786838E-16,-1.));
#4330=DIRECTION('ref_axis',(6.12323399573676E-17,-1.,-3.06161699786838E-16));
#4331=DIRECTION('center_axis',(0.,-3.06161699786838E-16,1.));
#4332=DIRECTION('ref_axis',(6.12323399573677E-17,-1.,-3.06127672231201E-16));
#4333=DIRECTION('center_axis',(0.,3.06161699786838E-16,-1.));
#4334=DIRECTION('ref_axis',(0.,1.,3.06161699786838E-16));
#4335=DIRECTION('center_axis',(0.,3.06161699786838E-16,-1.));
#4336=DIRECTION('ref_axis',(1.,0.,0.));
#4337=DIRECTION('center_axis',(0.,-3.06161699786838E-16,1.));
#4338=DIRECTION('ref_axis',(1.,0.,0.));
#4339=DIRECTION('center_axis',(0.,3.06161699786838E-16,-1.));
#4340=DIRECTION('ref_axis',(1.,0.,0.));
#4341=DIRECTION('center_axis',(0.,3.06161699786838E-16,-1.));
#4342=DIRECTION('ref_axis',(-1.,0.,0.));
#4343=DIRECTION('center_axis',(0.,3.06161699786838E-16,-1.));
#4344=DIRECTION('ref_axis',(-1.,0.,0.));
#4345=DIRECTION('center_axis',(0.,3.06161699786838E-16,-1.));
#4346=DIRECTION('ref_axis',(1.,0.,0.));
#4347=DIRECTION('center_axis',(0.,3.06161699786838E-16,-1.));
#4348=DIRECTION('ref_axis',(0.,1.,3.06161699786838E-16));
#4349=DIRECTION('center_axis',(0.,3.06161699786838E-16,-1.));
#4350=DIRECTION('ref_axis',(1.,0.,0.));
#4351=DIRECTION('center_axis',(0.,3.06161699786838E-16,-1.));
#4352=DIRECTION('ref_axis',(-1.,0.,0.));
#4353=DIRECTION('axis',(0.,0.,1.));
#4354=DIRECTION('refdir',(1.,0.,0.));
#4355=DIRECTION('center_axis',(0.,3.06161699786838E-16,-1.));
#4356=DIRECTION('ref_axis',(-1.,0.,0.));
#4357=DIRECTION('center_axis',(0.,3.06161699786838E-16,-1.));
#4358=DIRECTION('ref_axis',(6.12323399573677E-17,-1.,-3.06035116623573E-16));
#4359=DIRECTION('center_axis',(0.,-3.06161699786838E-16,1.));
#4360=DIRECTION('ref_axis',(6.12323399573677E-17,-1.,-3.06161699786838E-16));
#4361=DIRECTION('center_axis',(0.,-3.06161699786838E-16,1.));
#4362=DIRECTION('ref_axis',(1.,0.,0.));
#4363=DIRECTION('center_axis',(0.,3.06161699786838E-16,-1.));
#4364=DIRECTION('ref_axis',(6.12323399573677E-17,-1.,-3.06161699786838E-16));
#4365=DIRECTION('center_axis',(0.,3.06161699786838E-16,-1.));
#4366=DIRECTION('ref_axis',(0.,1.,3.06161699786838E-16));
#4367=DIRECTION('center_axis',(0.,3.06161699786838E-16,-1.));
#4368=DIRECTION('ref_axis',(1.,0.,0.));
#4369=DIRECTION('center_axis',(0.,3.06161699786838E-16,-1.));
#4370=DIRECTION('ref_axis',(-1.,0.,0.));
#4371=DIRECTION('center_axis',(0.,3.06161699786838E-16,-1.));
#4372=DIRECTION('ref_axis',(6.12323399573677E-17,-1.,-3.09581420328169E-16));
#4373=DIRECTION('center_axis',(0.,-3.06161699786838E-16,1.));
#4374=DIRECTION('ref_axis',(6.12323399573677E-17,-1.,-3.06161699786838E-16));
#4375=DIRECTION('center_axis',(0.,3.06161699786838E-16,-1.));
#4376=DIRECTION('ref_axis',(0.,1.,3.06161699786838E-16));
#4377=DIRECTION('center_axis',(0.,-3.06161699786838E-16,1.));
#4378=DIRECTION('ref_axis',(6.12323399573677E-17,-1.,-3.09581420328169E-16));
#4379=DIRECTION('center_axis',(0.,3.06161699786838E-16,-1.));
#4380=DIRECTION('ref_axis',(-1.,0.,0.));
#4381=DIRECTION('center_axis',(0.,3.06161699786838E-16,-1.));
#4382=DIRECTION('ref_axis',(1.,0.,0.));
#4383=DIRECTION('center_axis',(0.,3.06161699786838E-16,-1.));
#4384=DIRECTION('ref_axis',(-1.,0.,0.));
#4385=DIRECTION('center_axis',(0.,3.06161699786838E-16,-1.));
#4386=DIRECTION('ref_axis',(0.,1.,3.06161699786838E-16));
#4387=DIRECTION('center_axis',(0.,3.06161699786838E-16,-1.));
#4388=DIRECTION('ref_axis',(1.,0.,0.));
#4389=DIRECTION('center_axis',(0.,3.06161699786838E-16,-1.));
#4390=DIRECTION('ref_axis',(-1.,0.,0.));
#4391=DIRECTION('axis',(0.,0.,1.));
#4392=DIRECTION('refdir',(1.,0.,0.));
#4393=DIRECTION('center_axis',(6.12323399573677E-17,0.,1.));
#4394=DIRECTION('ref_axis',(1.,0.,0.));
#4395=DIRECTION('center_axis',(0.,1.,0.));
#4396=DIRECTION('ref_axis',(-6.12323399573677E-17,0.,-1.));
#4397=DIRECTION('axis',(0.,0.,1.));
#4398=DIRECTION('refdir',(1.,0.,0.));
#4399=DIRECTION('center_axis',(0.87187212177945,0.437510876681905,0.220052802865201));
#4400=DIRECTION('ref_axis',(0.178397400666628,0.134725482652608,-0.974691444386075));
#4401=DIRECTION('center_axis',(-0.227004515107176,0.939560451766359,-0.256310568641934));
#4402=DIRECTION('ref_axis',(0.87681483686817,0.0826267960230443,-0.47367557930171));
#4403=DIRECTION('center_axis',(0.907801389490398,0.419400330518828,-9.31255806954806E-15));
#4404=DIRECTION('ref_axis',(0.,-2.22044604925031E-14,-1.));
#4405=DIRECTION('center_axis',(0.41514965290193,-0.898643688969696,0.141740205906242));
#4406=DIRECTION('ref_axis',(0.801975845336725,0.28794087783445,-0.523378251715116));
#4407=DIRECTION('center_axis',(0.,0.,-1.));
#4408=DIRECTION('ref_axis',(-1.,0.,0.));
#4409=DIRECTION('center_axis',(0.479917878656654,0.877313415915713,-2.31449992218669E-14));
#4410=DIRECTION('ref_axis',(-8.88178419700124E-14,2.22044604925031E-14,
-1.));
#4411=DIRECTION('center_axis',(0.,0.,-1.));
#4412=DIRECTION('ref_axis',(0.684219205321257,-0.729276407865734,0.));
#4413=DIRECTION('center_axis',(0.,0.,1.));
#4414=DIRECTION('ref_axis',(0.684219205321256,-0.729276407865734,0.));
#4415=DIRECTION('center_axis',(-0.955561603773653,0.188639789259495,-0.226532671598728));
#4416=DIRECTION('ref_axis',(0.131213296758289,0.960300476193427,0.246182993272281));
#4417=DIRECTION('center_axis',(0.489224360319891,0.783544942859047,-0.38303635309146));
#4418=DIRECTION('ref_axis',(-0.318586668767232,-0.248283234234272,-0.914799415217329));
#4419=DIRECTION('center_axis',(0.869068364204674,-0.475232430602076,0.137383824530604));
#4420=DIRECTION('ref_axis',(0.421169274850209,0.856476333472971,0.298437149367913));
#4421=DIRECTION('center_axis',(0.,0.,1.));
#4422=DIRECTION('ref_axis',(1.,0.,0.));
#4423=DIRECTION('center_axis',(0.,0.,-1.));
#4424=DIRECTION('ref_axis',(0.866025403784439,0.5,0.));
#4425=DIRECTION('center_axis',(-0.377170764776196,0.926143733012398,0.));
#4426=DIRECTION('ref_axis',(0.,0.,1.));
#4427=DIRECTION('center_axis',(0.,0.,1.));
#4428=DIRECTION('ref_axis',(0.866025403784439,0.5,0.));
#4429=DIRECTION('center_axis',(0.,0.,1.));
#4430=DIRECTION('ref_axis',(1.,0.,0.));
#4431=DIRECTION('center_axis',(0.,0.,1.));
#4432=DIRECTION('ref_axis',(0.866025403784439,0.499999999999999,0.));
#4433=DIRECTION('center_axis',(0.,0.,1.));
#4434=DIRECTION('ref_axis',(-0.288707782148482,0.957417263541297,0.));
#4435=DIRECTION('center_axis',(0.,0.,-1.));
#4436=DIRECTION('ref_axis',(-0.5,0.866025403784439,0.));
#4437=DIRECTION('center_axis',(0.,0.,-1.));
#4438=DIRECTION('ref_axis',(-1.,0.,0.));
#4439=DIRECTION('center_axis',(0.,0.,-1.));
#4440=DIRECTION('ref_axis',(0.866025403784439,0.499999999999999,0.));
#4441=DIRECTION('center_axis',(-0.390222793480451,0.920720463250553,0.));
#4442=DIRECTION('ref_axis',(-0.920720463250553,-0.390222793480451,0.));
#4443=DIRECTION('center_axis',(0.169245241955546,-0.0887414162846743,0.981570684724844));
#4444=DIRECTION('ref_axis',(-0.952471105632401,0.24122453479245,0.186036331799889));
#4445=DIRECTION('center_axis',(0.,0.,-1.));
#4446=DIRECTION('ref_axis',(-1.,0.,0.));
#4447=DIRECTION('center_axis',(-0.440796772812369,-0.897606932392014,7.11137227650328E-16));
#4448=DIRECTION('ref_axis',(-0.897335821844443,0.440663635856612,-0.0245760629147207));
#4449=DIRECTION('center_axis',(0.,0.,-1.));
#4450=DIRECTION('ref_axis',(0.691792637651007,-0.722096216921168,0.));
#4451=DIRECTION('center_axis',(0.917540181078641,0.397643076270888,-1.15440347238705E-14));
#4452=DIRECTION('ref_axis',(-2.22044604925031E-14,2.22044604925031E-14,
-1.));
#4453=DIRECTION('center_axis',(0.,0.,1.));
#4454=DIRECTION('ref_axis',(0.691792637651007,-0.722096216921168,0.));
#4455=DIRECTION('center_axis',(-0.0170671371244185,0.0209958588952353,0.999633876346549));
#4456=DIRECTION('ref_axis',(0.775969245380699,0.63077074299884,-2.42861286636752E-15));
#4457=DIRECTION('center_axis',(-2.98853807802463E-17,1.66362440914813E-17,
1.));
#4458=DIRECTION('ref_axis',(0.744173599209209,-0.667986268002578,3.33526939832221E-17));
#4459=DIRECTION('center_axis',(0.,0.,-1.));
#4460=DIRECTION('ref_axis',(-1.,0.,0.));
#4461=DIRECTION('center_axis',(0.,0.,1.));
#4462=DIRECTION('ref_axis',(0.34558196793836,0.938388567404703,0.));
#4463=DIRECTION('center_axis',(0.981981838984817,-0.188975310302687,0.));
#4464=DIRECTION('ref_axis',(0.,0.,-1.));
#4465=DIRECTION('center_axis',(0.,0.,-1.));
#4466=DIRECTION('ref_axis',(0.34558196793836,0.938388567404703,0.));
#4467=DIRECTION('center_axis',(0.,0.,-1.));
#4468=DIRECTION('ref_axis',(-1.,0.,0.));
#4469=DIRECTION('center_axis',(0.239300696152604,-0.970945506617585,0.));
#4470=DIRECTION('ref_axis',(-0.970652245103597,-0.239228418476901,-0.0245760629147216));
#4471=DIRECTION('center_axis',(0.,0.,-1.));
#4472=DIRECTION('ref_axis',(0.993838575830767,-0.110837201293939,0.));
#4473=DIRECTION('center_axis',(0.447276514549122,0.894395728708936,0.));
#4474=DIRECTION('ref_axis',(0.,0.,-1.));
#4475=DIRECTION('center_axis',(0.,0.,1.));
#4476=DIRECTION('ref_axis',(0.993838575830767,-0.110837201293939,0.));
#4477=DIRECTION('center_axis',(-0.302885923258344,-0.86639894503768,-0.397005019526877));
#4478=DIRECTION('ref_axis',(-0.5255206919544,0.499352448714921,-0.688821554751433));
#4479=DIRECTION('center_axis',(0.0265700635066946,-0.00511321675880587,
-0.999633876346549));
#4480=DIRECTION('ref_axis',(-0.970652245103586,-0.239228418476944,-0.0245760629147221));
#4481=DIRECTION('center_axis',(-0.0158030366802019,0.0199354364127622,0.999676368834793));
#4482=DIRECTION('ref_axis',(-0.3975229733302,0.9172630499515,-0.0245760629147218));
#4483=DIRECTION('center_axis',(1.30718403336994E-16,-7.0679817017849E-17,
1.));
#4484=DIRECTION('ref_axis',(0.924836413583386,-0.380365098438618,-1.4777727488915E-16));
#4485=DIRECTION('center_axis',(0.,0.,-1.));
#4486=DIRECTION('ref_axis',(-1.,0.,0.));
#4487=DIRECTION('center_axis',(0.,0.,1.));
#4488=DIRECTION('ref_axis',(0.3454795562839,0.938426276374378,0.));
#4489=DIRECTION('center_axis',(0.979590141442116,-0.201005360101205,0.));
#4490=DIRECTION('ref_axis',(-0.201005360101205,-0.979590141442116,2.08166817117213E-15));
#4491=DIRECTION('center_axis',(0.,0.,-1.));
#4492=DIRECTION('ref_axis',(0.3454795562839,0.938426276374378,0.));
#4493=DIRECTION('center_axis',(0.579010329580585,0.281512735925026,-0.765178160790668));
#4494=DIRECTION('ref_axis',(-0.688153562280587,-0.334577782393771,-0.643818594208807));
#4495=DIRECTION('center_axis',(0.0249200799530934,-0.00511343411168695,
-0.999676368834793));
#4496=DIRECTION('ref_axis',(-0.894125588063854,0.447141420471286,-0.0245760629147223));
#4497=DIRECTION('center_axis',(-0.996665598332923,-0.0589712396859635,0.0563921802165655));
#4498=DIRECTION('ref_axis',(-0.0815946389150564,0.720324357918148,-0.688821554751395));
#4499=DIRECTION('center_axis',(-0.630770742998824,0.775969245380712,0.));
#4500=DIRECTION('ref_axis',(0.775969245380712,0.630770742998824,0.));
#4501=DIRECTION('center_axis',(0.624500544105243,-0.156529398712415,-0.765178160790665));
#4502=DIRECTION('ref_axis',(-0.74221866539666,0.186035132401886,-0.643818594208814));
#4503=DIRECTION('center_axis',(-0.621205829432231,0.783647444632734,0.));
#4504=DIRECTION('ref_axis',(0.783647444632734,0.621205829432231,0.));
#4505=DIRECTION('center_axis',(0.,0.,1.));
#4506=DIRECTION('ref_axis',(0.766044443118978,-0.64278760968654,0.));
#4507=DIRECTION('center_axis',(0.,0.,-1.));
#4508=DIRECTION('ref_axis',(0.,-1.,0.));
#4509=DIRECTION('center_axis',(6.70552959308934E-16,-1.78941654014661E-16,
1.));
#4510=DIRECTION('ref_axis',(-0.0336525343877542,-0.999433593056228,-1.56274493697343E-16));
#4511=DIRECTION('center_axis',(6.12323399573677E-17,0.,1.));
#4512=DIRECTION('ref_axis',(1.,0.,0.));
#4513=DIRECTION('center_axis',(0.,0.,-1.));
#4514=DIRECTION('ref_axis',(0.,1.,0.));
#4515=DIRECTION('center_axis',(1.11019427509758E-17,-2.22044639681983E-17,
1.));
#4516=DIRECTION('ref_axis',(0.9707236921532,0.240198904020104,-5.44343094778557E-18));
#4517=DIRECTION('center_axis',(0.,0.,1.));
#4518=DIRECTION('ref_axis',(-1.,0.,0.));
#4519=DIRECTION('center_axis',(0.,0.,1.));
#4520=DIRECTION('ref_axis',(0.866025403784439,0.5,0.));
#4521=DIRECTION('center_axis',(0.,0.,1.));
#4522=DIRECTION('ref_axis',(0.984807753012208,-0.17364817766693,0.));
#4523=DIRECTION('center_axis',(0.,0.,1.));
#4524=DIRECTION('ref_axis',(0.642787609686539,-0.766044443118978,0.));
#4525=DIRECTION('center_axis',(0.,0.,1.));
#4526=DIRECTION('ref_axis',(1.83697019872103E-16,-1.,0.));
#4527=DIRECTION('center_axis',(0.,0.,1.));
#4528=DIRECTION('ref_axis',(-0.642787609686539,-0.766044443118978,0.));
#4529=DIRECTION('center_axis',(0.,0.,1.));
#4530=DIRECTION('ref_axis',(-0.984807753012208,-0.17364817766693,0.));
#4531=DIRECTION('center_axis',(0.,0.,1.));
#4532=DIRECTION('ref_axis',(-0.866025403784439,0.499999999999999,0.));
#4533=DIRECTION('center_axis',(0.,0.,1.));
#4534=DIRECTION('ref_axis',(-0.342020143325669,0.939692620785908,0.));
#4535=DIRECTION('center_axis',(0.,0.,-1.));
#4536=DIRECTION('ref_axis',(0.344037974641382,0.938955734848377,0.));
#4537=DIRECTION('center_axis',(0.204755354759827,0.978811632196597,-0.00174165835066669));
#4538=DIRECTION('ref_axis',(0.000447764206415476,0.00168569061539088,0.999998478976026));
#4539=DIRECTION('center_axis',(0.,0.,-1.));
#4540=DIRECTION('ref_axis',(-0.342020143325669,0.939692620785908,0.));
#4541=DIRECTION('center_axis',(0.,0.,-1.));
#4542=DIRECTION('ref_axis',(-0.866025403784439,0.5,0.));
#4543=DIRECTION('center_axis',(0.,0.,-1.));
#4544=DIRECTION('ref_axis',(-0.984807753012208,-0.17364817766693,0.));
#4545=DIRECTION('center_axis',(0.,0.,-1.));
#4546=DIRECTION('ref_axis',(-0.642787609686539,-0.766044443118978,0.));
#4547=DIRECTION('center_axis',(0.,0.,-1.));
#4548=DIRECTION('ref_axis',(-6.12323399573677E-17,-1.,0.));
#4549=DIRECTION('center_axis',(0.,0.,-1.));
#4550=DIRECTION('ref_axis',(0.642787609686539,-0.766044443118978,0.));
#4551=DIRECTION('center_axis',(0.,0.,-1.));
#4552=DIRECTION('ref_axis',(0.984807753012208,-0.173648177666931,0.));
#4553=DIRECTION('center_axis',(-0.18669125997963,0.0408088757083459,0.981570684724559));
#4554=DIRECTION('ref_axis',(-0.213547870920681,-0.976932600963467,0.));
#4555=DIRECTION('center_axis',(-0.890755708286368,0.454482417872518,-9.88937496655815E-15));
#4556=DIRECTION('ref_axis',(-0.454482417872518,-0.890755708286368,0.));
#4557=DIRECTION('center_axis',(-0.884243284832961,0.467026565869455,0.));
#4558=DIRECTION('ref_axis',(0.,0.,1.));
#4559=DIRECTION('center_axis',(0.178495711818224,-0.0966330122631065,0.979184018355827));
#4560=DIRECTION('ref_axis',(0.476084433733057,0.879399574685521,-1.38777878078141E-15));
#4561=DIRECTION('center_axis',(0.,0.,1.));
#4562=DIRECTION('ref_axis',(1.,0.,0.));
#4563=DIRECTION('center_axis',(0.977568544646896,-0.210617521865938,-9.35329688660225E-15));
#4564=DIRECTION('ref_axis',(0.210617521865938,0.977568544646896,0.));
#4565=DIRECTION('center_axis',(0.,0.,-1.));
#4566=DIRECTION('ref_axis',(0.344053554068264,0.938950026323551,0.));
#4567=DIRECTION('center_axis',(0.,0.,1.));
#4568=DIRECTION('ref_axis',(0.344053554068264,0.938950026323551,0.));
#4569=DIRECTION('center_axis',(0.,0.,-1.));
#4570=DIRECTION('ref_axis',(-1.,0.,0.));
#4571=DIRECTION('center_axis',(0.,0.,1.));
#4572=DIRECTION('ref_axis',(-0.836578946504386,0.547846389296864,0.));
#4573=DIRECTION('center_axis',(0.,0.,-1.));
#4574=DIRECTION('ref_axis',(-0.836578946504386,0.547846389296864,0.));
#4575=DIRECTION('center_axis',(0.,0.,-1.));
#4576=DIRECTION('ref_axis',(-1.,0.,0.));
#4577=DIRECTION('center_axis',(0.974494127538113,-0.22441300183753,4.2655945546862E-16));
#4578=DIRECTION('ref_axis',(-5.55111512312578E-15,-2.22044604925031E-14,
1.));
#4579=DIRECTION('center_axis',(0.,0.,1.));
#4580=DIRECTION('ref_axis',(0.344037974641382,0.938955734848377,0.));
#4581=DIRECTION('center_axis',(-0.192431238366996,-0.981308937168134,0.00172867998529856));
#4582=DIRECTION('ref_axis',(0.981310031257211,-0.192432502070044,-0.000595567825248647));
#4583=DIRECTION('center_axis',(-0.198850166165596,0.0407096529513674,0.979184015174111));
#4584=DIRECTION('ref_axis',(0.95944497224113,0.211791933960415,0.186036345778251));
#4585=DIRECTION('center_axis',(0.,0.,1.));
#4586=DIRECTION('ref_axis',(1.,0.,0.));
#4587=DIRECTION('center_axis',(0.,0.,1.));
#4588=DIRECTION('ref_axis',(0.993191689187653,-0.116491495520389,0.));
#4589=DIRECTION('center_axis',(0.,0.,-1.));
#4590=DIRECTION('ref_axis',(-0.939692620785908,0.342020143325669,0.));
#4591=DIRECTION('center_axis',(0.,0.,-1.));
#4592=DIRECTION('ref_axis',(-1.,0.,0.));
#4593=DIRECTION('center_axis',(0.,0.,-1.));
#4594=DIRECTION('ref_axis',(0.993191689187653,-0.116491495520389,0.));
#4595=DIRECTION('center_axis',(0.949119364633718,-0.225275821224671,0.220052802865215));
#4596=DIRECTION('ref_axis',(0.223260208405681,-0.0114659314162808,-0.974691444386073));
#4597=DIRECTION('center_axis',(0.430042269586171,0.865660752704872,-0.256310568638145));
#4598=DIRECTION('ref_axis',(0.724790618348387,-0.500309915320178,-0.473675572714573));
#4599=DIRECTION('center_axis',(0.965001545830757,-0.262244192584411,4.83137312869841E-14));
#4600=DIRECTION('ref_axis',(4.44089209850062E-14,-2.08166817117217E-14,
-1.));
#4601=DIRECTION('center_axis',(-0.259613944124492,-0.955254057330075,0.141740205906987));
#4602=DIRECTION('ref_axis',(0.799433966877548,-0.294924627174252,-0.52337825412273));
#4603=DIRECTION('center_axis',(0.,0.,-1.));
#4604=DIRECTION('ref_axis',(-1.,0.,0.));
#4605=DIRECTION('center_axis',(0.931564617660779,0.363575801068396,-1.66462031836366E-14));
#4606=DIRECTION('ref_axis',(-4.44089209850062E-14,6.80011602582908E-14,
-1.));
#4607=DIRECTION('center_axis',(0.,0.,-1.));
#4608=DIRECTION('ref_axis',(0.0553724810988314,-0.998465767233389,0.));
#4609=DIRECTION('center_axis',(0.,0.,1.));
#4610=DIRECTION('ref_axis',(0.0553724810988313,-0.998465767233389,0.));
#4611=DIRECTION('center_axis',(-0.610747337398849,0.758729621511155,-0.226532671598948));
#4612=DIRECTION('ref_axis',(0.717784464630692,0.651290562126144,0.24618299295492));
#4613=DIRECTION('center_axis',(0.878420583564155,0.285762892241005,-0.383036353090495));
#4614=DIRECTION('ref_axis',(-0.403644933918641,0.0145875713900718,-0.91479941521776));
#4615=DIRECTION('center_axis',(0.360271472977244,-0.922675539133983,0.137383824530479));
#4616=DIRECTION('ref_axis',(0.873166757761983,0.385376544465289,0.298437149355471));
#4617=DIRECTION('center_axis',(0.,0.,1.));
#4618=DIRECTION('ref_axis',(1.,0.,0.));
#4619=DIRECTION('center_axis',(0.,0.,-1.));
#4620=DIRECTION('ref_axis',(0.984807753012208,-0.17364817766693,0.));
#4621=DIRECTION('center_axis',(0.306384147905427,0.951907954537762,0.));
#4622=DIRECTION('ref_axis',(0.,0.,1.));
#4623=DIRECTION('center_axis',(0.,0.,1.));
#4624=DIRECTION('ref_axis',(0.984807753012208,-0.17364817766693,0.));
#4625=DIRECTION('center_axis',(0.,0.,1.));
#4626=DIRECTION('ref_axis',(1.,0.,0.));
#4627=DIRECTION('center_axis',(0.,0.,1.));
#4628=DIRECTION('ref_axis',(0.984807753012208,-0.173648177666931,0.));
#4629=DIRECTION('center_axis',(0.,0.,1.));
#4630=DIRECTION('ref_axis',(0.394252962104289,0.919001959667113,0.));
#4631=DIRECTION('center_axis',(0.,0.,-1.));
#4632=DIRECTION('ref_axis',(0.17364817766693,0.984807753012208,0.));
#4633=DIRECTION('center_axis',(0.,0.,-1.));
#4634=DIRECTION('ref_axis',(-1.,0.,0.));
#4635=DIRECTION('center_axis',(0.292899703238249,0.956143171205519,1.06153216351048E-14));
#4636=DIRECTION('ref_axis',(-0.956143171205519,0.292899703238249,0.));
#4637=DIRECTION('center_axis',(0.0726074942705471,-0.176768613346808,0.981570684724844));
#4638=DIRECTION('ref_axis',(-0.574579055584092,0.797025339706672,0.186036331799889));
#4639=DIRECTION('center_axis',(0.00070842308654355,0.0254294264586026,0.999676368834793));
#4640=DIRECTION('ref_axis',(0.285085058600368,0.95818710411612,-0.0245760629147206));
#4641=DIRECTION('center_axis',(-7.72571643244349E-17,1.95131482819355E-16,
1.));
#4642=DIRECTION('ref_axis',(0.876000278536315,0.482310597026749,-2.64366845101872E-17));
#4643=DIRECTION('center_axis',(0.,0.,-1.));
#4644=DIRECTION('ref_axis',(-1.,0.,0.));
#4645=DIRECTION('center_axis',(0.,0.,-1.));
#4646=DIRECTION('ref_axis',(0.866025403784439,0.5,0.));
#4647=DIRECTION('center_axis',(0.,0.,-1.));
#4648=DIRECTION('ref_axis',(-1.,0.,0.));
#4649=DIRECTION('center_axis',(-0.914640532868035,-0.404268098710345,-8.47233614567359E-15));
#4650=DIRECTION('ref_axis',(-0.404145994767459,0.91436427754207,-0.0245760629147214));
#4651=DIRECTION('center_axis',(0.,0.,-1.));
#4652=DIRECTION('ref_axis',(0.0657894046247247,-0.997833530324134,0.));
#4653=DIRECTION('center_axis',(0.958476599558238,-0.28517119086485,8.61831090556238E-15));
#4654=DIRECTION('ref_axis',(2.22044604925031E-14,4.44089209850063E-14,-1.));
#4655=DIRECTION('center_axis',(0.,0.,1.));
#4656=DIRECTION('ref_axis',(0.0657894046247247,-0.997833530324134,0.));
#4657=DIRECTION('center_axis',(0.000421692398474221,0.0270543053116057,
0.999633876346549));
#4658=DIRECTION('ref_axis',(0.999878546607538,-0.0155849938722525,-2.42861286636745E-15));
#4659=DIRECTION('center_axis',(-2.59447588469418E-19,6.79543508088498E-19,
1.));
#4660=DIRECTION('ref_axis',(0.161973522976745,-0.98679510429192,7.125938468673E-19));
#4661=DIRECTION('center_axis',(0.,0.,-1.));
#4662=DIRECTION('ref_axis',(-1.,0.,0.));
#4663=DIRECTION('center_axis',(0.,0.,-1.));
#4664=DIRECTION('ref_axis',(0.866025403784439,0.5,0.));
#4665=DIRECTION('center_axis',(0.,0.,1.));
#4666=DIRECTION('ref_axis',(0.866025403784439,0.5,0.));
#4667=DIRECTION('center_axis',(0.303726246991226,-0.796795931747015,-0.52236635615249));
#4668=DIRECTION('ref_axis',(0.400510452495945,0.604248494537978,-0.68882155475136));
#4669=DIRECTION('center_axis',(0.015584993872257,0.999878546607538,0.));
#4670=DIRECTION('ref_axis',(0.999878546607537,-0.015584993872257,0.));
#4671=DIRECTION('center_axis',(-0.354425907523498,-0.784917616714889,-0.508219058130215));
#4672=DIRECTION('ref_axis',(-0.44899140613197,0.619600141196418,-0.643818594208815));
#4673=DIRECTION('center_axis',(0.0278475941027633,0.999612180549381,0.));
#4674=DIRECTION('ref_axis',(0.999612180549381,-0.0278475941027633,0.));
#4675=DIRECTION('center_axis',(0.,0.,1.));
#4676=DIRECTION('ref_axis',(1.,0.,0.));
#4677=DIRECTION('center_axis',(0.,0.,-1.));
#4678=DIRECTION('ref_axis',(0.,-1.,0.));
#4679=DIRECTION('center_axis',(0.,0.,1.));
#4680=DIRECTION('ref_axis',(-0.5,0.866025403784439,0.));
#4681=DIRECTION('center_axis',(0.,0.,-1.));
#4682=DIRECTION('ref_axis',(-1.,0.,0.));
#4683=DIRECTION('center_axis',(0.,0.,-1.));
#4684=DIRECTION('ref_axis',(0.984807753012208,-0.17364817766693,0.));
#4685=DIRECTION('center_axis',(0.,0.,1.));
#4686=DIRECTION('ref_axis',(1.,0.,0.));
#4687=DIRECTION('center_axis',(0.,0.,1.));
#4688=DIRECTION('ref_axis',(0.984807753012208,-0.173648177666931,0.));
#4689=DIRECTION('center_axis',(2.36246412675665E-19,6.82111876804453E-19,
1.));
#4690=DIRECTION('ref_axis',(0.882773729101493,-0.469798406987768,1.11902946405621E-19));
#4691=DIRECTION('center_axis',(0.,0.,-1.));
#4692=DIRECTION('ref_axis',(0.,-1.,0.));
#4693=DIRECTION('center_axis',(5.58632080449036E-17,1.67928874729837E-16,
1.));
#4694=DIRECTION('ref_axis',(-0.214638523916331,-0.976693556880058,1.76005446478739E-16));
#4695=DIRECTION('center_axis',(0.,0.,1.));
#4696=DIRECTION('ref_axis',(0.17364817766693,0.984807753012208,0.));
#4697=DIRECTION('center_axis',(0.,0.,-1.));
#4698=DIRECTION('ref_axis',(-1.,0.,0.));
#4699=DIRECTION('center_axis',(0.,0.,-1.));
#4700=DIRECTION('ref_axis',(0.984807753012208,-0.173648177666931,0.));
#4701=DIRECTION('center_axis',(0.0746211451895039,-0.188760014004937,0.979184018355826));
#4702=DIRECTION('ref_axis',(0.929968985488121,0.367637982300788,-1.38777878078142E-15));
#4703=DIRECTION('center_axis',(0.,0.,-1.));
#4704=DIRECTION('ref_axis',(-1.,0.,0.));
#4705=DIRECTION('center_axis',(0.,0.,-1.));
#4706=DIRECTION('ref_axis',(-0.288707782148482,0.957417263541297,0.));
#4707=DIRECTION('center_axis',(0.,0.,1.));
#4708=DIRECTION('ref_axis',(-1.,0.,0.));
#4709=DIRECTION('center_axis',(0.,0.,-1.));
#4710=DIRECTION('ref_axis',(-0.342020143325669,0.939692620785908,0.));
#4711=DIRECTION('center_axis',(0.,0.,-1.));
#4712=DIRECTION('ref_axis',(-0.866025403784438,0.5,0.));
#4713=DIRECTION('center_axis',(0.,0.,-1.));
#4714=DIRECTION('ref_axis',(-0.984807753012208,-0.17364817766693,0.));
#4715=DIRECTION('center_axis',(0.,0.,-1.));
#4716=DIRECTION('ref_axis',(-0.642787609686539,-0.766044443118978,0.));
#4717=DIRECTION('center_axis',(0.,0.,-1.));
#4718=DIRECTION('ref_axis',(-6.12323399573677E-17,-1.,0.));
#4719=DIRECTION('center_axis',(0.,0.,-1.));
#4720=DIRECTION('ref_axis',(0.64278760968654,-0.766044443118978,0.));
#4721=DIRECTION('center_axis',(0.,0.,1.));
#4722=DIRECTION('ref_axis',(0.642787609686539,-0.766044443118978,0.));
#4723=DIRECTION('center_axis',(0.,0.,1.));
#4724=DIRECTION('ref_axis',(1.83697019872103E-16,-1.,0.));
#4725=DIRECTION('center_axis',(0.,0.,1.));
#4726=DIRECTION('ref_axis',(-0.642787609686539,-0.766044443118979,0.));
#4727=DIRECTION('center_axis',(0.,0.,1.));
#4728=DIRECTION('ref_axis',(-0.984807753012208,-0.17364817766693,0.));
#4729=DIRECTION('center_axis',(0.,0.,1.));
#4730=DIRECTION('ref_axis',(-0.866025403784439,0.499999999999999,0.));
#4731=DIRECTION('center_axis',(0.,0.,1.));
#4732=DIRECTION('ref_axis',(-0.342020143325669,0.939692620785908,0.));
#4733=DIRECTION('center_axis',(0.,-9.93710471805913E-17,1.));
#4734=DIRECTION('ref_axis',(0.17364817766693,-0.984807753012208,0.));
#4735=DIRECTION('center_axis',(0.582263108489097,-0.782653458718346,0.220052802865186));
#4736=DIRECTION('ref_axis',(0.163657083370872,-0.152292308745783,-0.974691444386078));
#4737=DIRECTION('center_axis',(0.885867496952714,0.386708766703704,-0.256310568641313));
#4738=DIRECTION('ref_axis',(-0.23362880935521,0.849146058050353,0.473675576251101));
#4739=DIRECTION('center_axis',(0.570666754079344,-0.821181743457893,0.));
#4740=DIRECTION('ref_axis',(0.,0.,-1.));
#4741=DIRECTION('center_axis',(-0.812901291407353,-0.564890435799459,0.141740205906989));
#4742=DIRECTION('ref_axis',(0.422828050310482,-0.739791619072231,-0.523378257306438));
#4743=DIRECTION('center_axis',(0.,0.,-1.));
#4744=DIRECTION('ref_axis',(-1.,0.,0.));
#4745=DIRECTION('center_axis',(0.947321918873919,-0.320282971793749,-3.00359659529193E-16));
#4746=DIRECTION('ref_axis',(2.22044604925031E-14,6.66133814775093E-14,-1.));
#4747=DIRECTION('center_axis',(0.,0.,-1.));
#4748=DIRECTION('ref_axis',(-0.599383642426317,-0.800461897401595,0.));
#4749=DIRECTION('center_axis',(0.,0.,1.));
#4750=DIRECTION('ref_axis',(-0.599383642426317,-0.800461897401595,0.));
#4751=DIRECTION('center_axis',(0.0198423958452567,0.973801431517164,-0.22653267160002));
#4752=DIRECTION('ref_axis',(0.968496304073275,0.0375345557322973,0.246182993162374));
#4753=DIRECTION('center_axis',(0.856594053200915,-0.34573079155786,-0.383036353091456));
#4754=DIRECTION('ref_axis',(-0.299833248477265,0.270632690238259,-0.914799415217332));
#4755=DIRECTION('center_axis',(-0.317100444427675,-0.938388508508697,0.137383824530376));
#4756=DIRECTION('ref_axis',(0.91659981053972,-0.266045212678004,0.298437149379337));
#4757=DIRECTION('center_axis',(0.,0.,1.));
#4758=DIRECTION('ref_axis',(1.,0.,0.));
#4759=DIRECTION('center_axis',(0.,0.,-1.));
#4760=DIRECTION('ref_axis',(0.642787609686539,-0.766044443118978,0.));
#4761=DIRECTION('center_axis',(0.846578512701635,0.532263864856415,0.));
#4762=DIRECTION('ref_axis',(0.,0.,1.));
#4763=DIRECTION('center_axis',(0.,0.,1.));
#4764=DIRECTION('ref_axis',(1.,0.,0.));
#4765=DIRECTION('center_axis',(0.,0.,1.));
#4766=DIRECTION('ref_axis',(0.642787609686539,-0.766044443118978,0.));
#4767=DIRECTION('center_axis',(0.,0.,1.));
#4768=DIRECTION('ref_axis',(0.892738363754856,0.45057542529559,0.));
#4769=DIRECTION('center_axis',(0.,0.,-1.));
#4770=DIRECTION('ref_axis',(0.766044443118978,0.642787609686539,0.));
#4771=DIRECTION('center_axis',(0.,0.,-1.));
#4772=DIRECTION('ref_axis',(-1.,0.,0.));
#4773=DIRECTION('center_axis',(0.838971173594156,0.544175863005743,0.));
#4774=DIRECTION('ref_axis',(-0.544175863005743,0.838971173594156,0.));
#4775=DIRECTION('center_axis',(-0.058004106926052,-0.182083811659661,0.981570684724845));
#4776=DIRECTION('ref_axis',(0.0721649203069039,0.97988913022216,0.186036331799886));
#4777=DIRECTION('center_axis',(0.0168884038178473,0.0190247052478685,0.999676368834793));
#4778=DIRECTION('ref_axis',(0.834298623244319,0.550764763201355,-0.0245760629147193));
#4779=DIRECTION('center_axis',(0.,0.,-1.));
#4780=DIRECTION('ref_axis',(-1.,0.,0.));
#4781=DIRECTION('center_axis',(-0.960513822497495,0.278232271297292,1.17653950694969E-14));
#4782=DIRECTION('ref_axis',(0.278148234843583,0.960223711738577,-0.0245760629147215));
#4783=DIRECTION('center_axis',(0.,0.,-1.));
#4784=DIRECTION('ref_axis',(-0.590997421993255,-0.806673445204023,0.));
#4785=DIRECTION('center_axis',(0.550931164823674,-0.834550688470167,0.));
#4786=DIRECTION('ref_axis',(0.,0.,-1.));
#4787=DIRECTION('center_axis',(0.,0.,1.));
#4788=DIRECTION('ref_axis',(-0.590997421993255,-0.806673445204022,0.));
#4789=DIRECTION('center_axis',(0.0177132073615298,0.0204537415975614,0.999633876346549));
#4790=DIRECTION('ref_axis',(0.755933563464442,-0.654648338902613,1.04083408558606E-15));
#4791=DIRECTION('center_axis',(-0.660583179478548,-0.195205013460758,-0.72493093857953));
#4792=DIRECTION('ref_axis',(0.695212252006296,0.205438045089341,-0.688821554751449));
#4793=DIRECTION('center_axis',(0.654648338902596,0.755933563464457,0.));
#4794=DIRECTION('ref_axis',(0.755933563464457,-0.654648338902596,0.));
#4795=DIRECTION('center_axis',(-0.998523365522109,0.0415239055991814,-0.0350264724200318));
#4796=DIRECTION('ref_axis',(0.0543239220454516,0.76324735783661,-0.643818594208829));
#4797=DIRECTION('center_axis',(0.66387081886554,0.747847267735061,0.));
#4798=DIRECTION('ref_axis',(0.747847267735062,-0.66387081886554,0.));
#4799=DIRECTION('center_axis',(0.,0.,-1.));
#4800=DIRECTION('ref_axis',(-1.,0.,0.));
#4801=DIRECTION('center_axis',(0.,0.,-1.));
#4802=DIRECTION('ref_axis',(0.642787609686539,-0.766044443118978,0.));
#4803=DIRECTION('center_axis',(0.,0.,1.));
#4804=DIRECTION('ref_axis',(1.,0.,0.));
#4805=DIRECTION('center_axis',(0.,0.,1.));
#4806=DIRECTION('ref_axis',(0.64278760968654,-0.766044443118978,0.));
#4807=DIRECTION('center_axis',(5.41737802775815E-15,1.18066224280244E-15,
1.));
#4808=DIRECTION('ref_axis',(0.96112928282094,0.276098717317025,-5.53277998941151E-15));
#4809=DIRECTION('center_axis',(0.,0.,-1.));
#4810=DIRECTION('ref_axis',(0.,-1.,0.));
#4811=DIRECTION('center_axis',(-2.86308114498311E-17,-1.76136432079499E-17,
1.));
#4812=DIRECTION('ref_axis',(0.776747059076478,0.629812675496486,3.33321943466689E-17));
#4813=DIRECTION('center_axis',(0.,0.,1.));
#4814=DIRECTION('ref_axis',(0.766044443118978,0.642787609686539,0.));
#4815=DIRECTION('center_axis',(0.,0.,-1.));
#4816=DIRECTION('ref_axis',(-1.,0.,0.));
#4817=DIRECTION('center_axis',(0.,-1.1188944566643E-16,1.));
#4818=DIRECTION('ref_axis',(0.17364817766693,-0.984807753012208,0.));
#4819=DIRECTION('center_axis',(-0.064169484595042,-0.192564107359974,0.979184018355826));
#4820=DIRECTION('ref_axis',(0.948710713479268,-0.316145507843552,0.));
#4821=DIRECTION('center_axis',(0.,0.,-1.));
#4822=DIRECTION('ref_axis',(-1.,0.,0.));
#4823=DIRECTION('center_axis',(0.,0.,-1.));
#4824=DIRECTION('ref_axis',(0.394252962104289,0.919001959667113,0.));
#4825=DIRECTION('center_axis',(0.,0.,1.));
#4826=DIRECTION('ref_axis',(-0.5,-0.866025403784438,0.));
#4827=DIRECTION('center_axis',(-0.0570405272511838,-0.973818844653397,0.220052802865198));
#4828=DIRECTION('ref_axis',(0.0274769901809444,-0.22185942227271,-0.974691444386076));
#4829=DIRECTION('center_axis',(0.927185477174011,-0.273188549026549,-0.256310568643533));
#4830=DIRECTION('ref_axis',(0.366850513786722,0.800657322975145,0.473675576424089));
#4831=DIRECTION('center_axis',(-0.0906893541602826,-0.995879230148913,6.65905965861307E-14));
#4832=DIRECTION('ref_axis',(-2.77555756156289E-15,-6.66133814775093E-14,
-1.));
#4833=DIRECTION('center_axis',(-0.985823090049054,0.0897916986996407,0.141740205907741));
#4834=DIRECTION('ref_axis',(0.151623808291885,0.838501889598642,0.523378258908959));
#4835=DIRECTION('center_axis',(0.,0.,-1.));
#4836=DIRECTION('ref_axis',(-1.,0.,0.));
#4837=DIRECTION('center_axis',(0.519816765935563,-0.854277782604869,2.10494175917464E-14));
#4838=DIRECTION('ref_axis',(-1.0547118733939E-13,-8.88178419700124E-14,
-1.));
#4839=DIRECTION('center_axis',(0.,0.,-1.));
#4840=DIRECTION('ref_axis',(-0.973681498253015,-0.227913009632542,0.));
#4841=DIRECTION('center_axis',(0.,0.,1.));
#4842=DIRECTION('ref_axis',(-0.973681498253015,-0.227913009632542,0.));
#4843=DIRECTION('center_axis',(0.641147651549664,0.733220729119125,-0.2265326716003));
#4844=DIRECTION('ref_axis',(0.766037959272228,-0.593784286411547,0.246182993248458));
#4845=DIRECTION('center_axis',(0.433957645362974,-0.815453195616891,-0.383036353090961));
#4846=DIRECTION('ref_axis',(-0.0557262537969543,0.400045765576116,-0.914799415217553));
#4847=DIRECTION('center_axis',(-0.846097539705948,-0.515019065725611,0.137383824530623));
#4848=DIRECTION('ref_axis',(0.531145625113477,-0.792981458128882,0.298437149139658));
#4849=DIRECTION('center_axis',(0.,0.,1.));
#4850=DIRECTION('ref_axis',(1.,0.,0.));
#4851=DIRECTION('center_axis',(0.,0.,-1.));
#4852=DIRECTION('ref_axis',(1.83697019872103E-16,-1.,0.));
#4853=DIRECTION('center_axis',(0.990649382732591,-0.136432402645179,0.));
#4854=DIRECTION('ref_axis',(0.,0.,1.));
#4855=DIRECTION('center_axis',(0.,0.,1.));
#4856=DIRECTION('ref_axis',(1.,0.,0.));
#4857=DIRECTION('center_axis',(0.,0.,1.));
#4858=DIRECTION('ref_axis',(-6.12323399573676E-17,-1.,0.));
#4859=DIRECTION('center_axis',(0.,0.,1.));
#4860=DIRECTION('ref_axis',(0.973501563322785,-0.228680358159799,0.));
#4861=DIRECTION('center_axis',(0.,0.,-1.));
#4862=DIRECTION('ref_axis',(1.,0.,0.));
#4863=DIRECTION('center_axis',(0.,0.,-1.));
#4864=DIRECTION('ref_axis',(-1.,0.,0.));
#4865=DIRECTION('center_axis',(0.992478707699381,-0.122417379335476,0.));
#4866=DIRECTION('ref_axis',(0.122417379335476,0.992478707699381,0.));
#4867=DIRECTION('center_axis',(-0.16147494184811,-0.102199970860811,0.981570684724844));
#4868=DIRECTION('ref_axis',(0.685142127962542,0.704251906452088,0.18603633179989));
#4869=DIRECTION('center_axis',(0.0251661127090841,0.00371811301561334,0.999676368834793));
#4870=DIRECTION('ref_axis',(0.993134589875895,-0.114366531483868,-0.0245760629147234));
#4871=DIRECTION('center_axis',(0.,0.,-1.));
#4872=DIRECTION('ref_axis',(-1.,0.,0.));
#4873=DIRECTION('center_axis',(-0.55695201965831,0.830544669357723,1.19330896084366E-14));
#4874=DIRECTION('ref_axis',(0.83029381409807,0.556783799514759,-0.0245760629147213));
#4875=DIRECTION('center_axis',(0.,0.,-1.));
#4876=DIRECTION('ref_axis',(-0.971249986655873,-0.238061889896232,0.));
#4877=DIRECTION('center_axis',(-0.11440108484973,-0.993434643942522,-5.08042873769064E-15));
#4878=DIRECTION('ref_axis',(4.44089209850063E-14,0.,-1.));
#4879=DIRECTION('center_axis',(0.,0.,1.));
#4880=DIRECTION('ref_axis',(-0.971249986655873,-0.238061889896232,0.));
#4881=DIRECTION('center_axis',(0.0267165157397553,0.0042826448720027,0.999633876346549));
#4882=DIRECTION('ref_axis',(0.158278864710613,-0.987394450554549,-3.46944695195358E-16));
#4883=DIRECTION('center_axis',(-0.201013667397355,-0.957178271179146,0.208334497148137));
#4884=DIRECTION('ref_axis',(0.664616512379436,-0.289499148845919,-0.688821554751362));
#4885=DIRECTION('center_axis',(0.987394450554549,0.158278864710612,0.));
#4886=DIRECTION('ref_axis',(0.158278864710612,-0.987394450554549,0.));
#4887=DIRECTION('center_axis',(0.350278486978921,-0.835320911477351,-0.423726275333977));
#4888=DIRECTION('ref_axis',(0.53222048335475,0.549762653195568,-0.643818594208808));
#4889=DIRECTION('center_axis',(0.989261509378823,0.146156306950928,0.));
#4890=DIRECTION('ref_axis',(0.146156306950928,-0.989261509378822,0.));
#4891=DIRECTION('center_axis',(0.,0.,-1.));
#4892=DIRECTION('ref_axis',(-1.,0.,0.));
#4893=DIRECTION('center_axis',(0.,0.,-1.));
#4894=DIRECTION('ref_axis',(1.83697019872103E-16,-1.,0.));
#4895=DIRECTION('center_axis',(0.,0.,1.));
#4896=DIRECTION('ref_axis',(1.,0.,0.));
#4897=DIRECTION('center_axis',(0.,0.,1.));
#4898=DIRECTION('ref_axis',(-6.12323399573677E-17,-1.,0.));
#4899=DIRECTION('center_axis',(2.44997116260276E-18,-3.92566526913442E-19,
1.));
#4900=DIRECTION('ref_axis',(-0.29914463673921,-0.954207779422368,3.58305699536717E-19));
#4901=DIRECTION('center_axis',(0.,0.,-1.));
#4902=DIRECTION('ref_axis',(0.,-1.,0.));
#4903=DIRECTION('center_axis',(-1.83951613628044E-16,2.7164323085083E-17,
1.));
#4904=DIRECTION('ref_axis',(0.9998215723494,-0.0188897714325349,1.84431919427997E-16));
#4905=DIRECTION('center_axis',(0.,0.,1.));
#4906=DIRECTION('ref_axis',(1.,0.,0.));
#4907=DIRECTION('center_axis',(0.,0.,-1.));
#4908=DIRECTION('ref_axis',(-1.,0.,0.));
#4909=DIRECTION('center_axis',(0.,0.,1.));
#4910=DIRECTION('ref_axis',(-0.5,-0.866025403784438,0.));
#4911=DIRECTION('center_axis',(-0.172934499373194,-0.106265314769624,0.979184018355822));
#4912=DIRECTION('ref_axis',(0.523540154888359,-0.852001001301919,0.));
#4913=DIRECTION('center_axis',(0.,0.,-1.));
#4914=DIRECTION('ref_axis',(-1.,0.,0.));
#4915=DIRECTION('center_axis',(0.,0.,-1.));
#4916=DIRECTION('ref_axis',(0.892738363754857,0.45057542529559,0.));
#4917=DIRECTION('center_axis',(0.,0.,1.));
#4918=DIRECTION('ref_axis',(-0.939692620785908,-0.342020143325669,0.));
#4919=DIRECTION('center_axis',(-0.669654266355842,-0.709323570384203,0.220052802865191));
#4920=DIRECTION('ref_axis',(-0.121559892087331,-0.18761604642541,-0.974691444386076));
#4921=DIRECTION('center_axis',(0.534663068107187,-0.805257906514121,-0.256310568644183));
#4922=DIRECTION('ref_axis',(0.795676404108065,0.377532127841473,0.473675577155028));
#4923=DIRECTION('center_axis',(-0.709610905688427,-0.704593757088473,0.));
#4924=DIRECTION('ref_axis',(0.,0.,-1.));
#4925=DIRECTION('center_axis',(-0.697467308653769,0.702459299453523,0.141740205906911));
#4926=DIRECTION('ref_axis',(0.655129201605669,0.544867808536079,0.523378257500834));
#4927=DIRECTION('center_axis',(0.,0.,-1.));
#4928=DIRECTION('ref_axis',(-1.,0.,0.));
#4929=DIRECTION('center_axis',(-0.150916428903888,-0.98854652469517,-1.84403495299897E-15));
#4930=DIRECTION('ref_axis',(-1.33226762955019E-13,2.22044604925031E-14,
-1.));
#4931=DIRECTION('center_axis',(0.,0.,-1.));
#4932=DIRECTION('ref_axis',(-0.89238295978265,0.451278908314533,0.));
#4933=DIRECTION('center_axis',(0.,0.,1.));
#4934=DIRECTION('ref_axis',(-0.89238295978265,0.451278908314533,0.));
#4935=DIRECTION('center_axis',(0.962452795531595,0.149557898725673,-0.226532671599882));
#4936=DIRECTION('ref_axis',(0.205141939808264,-0.947264861752364,0.246182993362616));
#4937=DIRECTION('center_axis',(-0.191732367642537,-0.9036159866938,-0.383036353091423));
#4938=DIRECTION('ref_axis',(0.214455674363177,0.342272981188183,-0.914799415217341));
#4939=DIRECTION('center_axis',(-0.979196192829154,0.149333521709875,0.137383824530458));
#4940=DIRECTION('ref_axis',(-0.102837501431117,-0.948872866321334,0.298437148925098));
#4941=DIRECTION('center_axis',(0.,0.,1.));
#4942=DIRECTION('ref_axis',(1.,0.,0.));
#4943=DIRECTION('center_axis',(0.,0.,-1.));
#4944=DIRECTION('ref_axis',(-0.642787609686539,-0.766044443118979,0.));
#4945=DIRECTION('center_axis',(0.671184396741482,-0.74129043267182,0.));
#4946=DIRECTION('ref_axis',(0.,0.,1.));
#4947=DIRECTION('center_axis',(0.,0.,1.));
#4948=DIRECTION('ref_axis',(1.,0.,0.));
#4949=DIRECTION('center_axis',(0.,0.,1.));
#4950=DIRECTION('ref_axis',(-0.642787609686539,-0.766044443118978,0.));
#4951=DIRECTION('center_axis',(0.,0.,1.));
#4952=DIRECTION('ref_axis',(0.598752562147257,-0.800934060533135,0.));
#4953=DIRECTION('center_axis',(0.,0.,-1.));
#4954=DIRECTION('ref_axis',(0.766044443118978,-0.64278760968654,0.));
#4955=DIRECTION('center_axis',(0.,0.,-1.));
#4956=DIRECTION('ref_axis',(-1.,0.,0.));
#4957=DIRECTION('center_axis',(0.68159442429988,-0.731730169367995,0.));
#4958=DIRECTION('ref_axis',(0.731730169367995,0.68159442429988,0.));
#4959=DIRECTION('center_axis',(-0.189389856885359,0.0255043721299758,0.981570684724844));
#4960=DIRECTION('ref_axis',(0.977533719437945,0.0990873887649618,0.18603633179989));
#4961=DIRECTION('center_axis',(0.0216683177735457,-0.0133282256188793,0.999676368834793));
#4962=DIRECTION('ref_axis',(0.687271844443027,-0.725984455045348,-0.0245760629147232));
#4963=DIRECTION('center_axis',(0.,0.,-1.));
#4964=DIRECTION('ref_axis',(-1.,0.,0.));
#4965=DIRECTION('center_axis',(0.107213823011186,0.994235986149831,1.42837505838127E-14));
#4966=DIRECTION('ref_axis',(0.993935690048172,-0.107181440464645,-0.0245760629147216));
#4967=DIRECTION('center_axis',(0.,0.,-1.));
#4968=DIRECTION('ref_axis',(-0.897043888320973,0.441941469457202,0.));
#4969=DIRECTION('center_axis',(-0.726203795495544,-0.68747948871793,-8.92233408323639E-15));
#4970=DIRECTION('ref_axis',(3.33066907387547E-14,-2.22044604925031E-14,
-1.));
#4971=DIRECTION('center_axis',(0.,0.,1.));
#4972=DIRECTION('ref_axis',(-0.897043888320972,0.441941469457202,0.));
#4973=DIRECTION('center_axis',(0.0232188694823523,-0.0138923489854653,0.999633876346549));
#4974=DIRECTION('ref_axis',(-0.513436273914969,-0.858127725125061,-3.81639164714889E-15));
#4975=DIRECTION('center_axis',(-0.275555446042293,-0.76080847570103,0.587570982484591));
#4976=DIRECTION('ref_axis',(0.323039320220388,-0.64897647361171,-0.688821554751344));
#4977=DIRECTION('center_axis',(0.858127725125062,-0.513436273914968,0.));
#4978=DIRECTION('ref_axis',(-0.513436273914968,-0.858127725125062,0.));
#4979=DIRECTION('center_axis',(-0.640374760354785,-0.0665022446957231,-0.765178160790663));
#4980=DIRECTION('ref_axis',(0.761085165530506,0.0790378931929681,-0.643818594208818));
#4981=DIRECTION('center_axis',(0.851765745236739,-0.523922814201961,0.));
#4982=DIRECTION('ref_axis',(-0.523922814201961,-0.851765745236739,0.));
#4983=DIRECTION('center_axis',(0.,0.,-1.));
#4984=DIRECTION('ref_axis',(-1.,0.,0.));
#4985=DIRECTION('center_axis',(0.,0.,-1.));
#4986=DIRECTION('ref_axis',(-0.642787609686539,-0.766044443118978,0.));
#4987=DIRECTION('center_axis',(0.,0.,1.));
#4988=DIRECTION('ref_axis',(1.,0.,0.));
#4989=DIRECTION('center_axis',(0.,0.,1.));
#4990=DIRECTION('ref_axis',(-0.642787609686539,-0.766044443118978,0.));
#4991=DIRECTION('center_axis',(-2.0012714875977E-14,2.90017473243897E-14,
1.));
#4992=DIRECTION('ref_axis',(0.,-1.,2.90017473243897E-14));
#4993=DIRECTION('center_axis',(0.,0.,-1.));
#4994=DIRECTION('ref_axis',(0.,-1.,0.));
#4995=DIRECTION('center_axis',(1.84533701569741E-16,-2.07846896247342E-16,
1.));
#4996=DIRECTION('ref_axis',(0.73556872201448,-0.677450112697595,-2.76543122318863E-16));
#4997=DIRECTION('center_axis',(0.,0.,1.));
#4998=DIRECTION('ref_axis',(0.766044443118978,-0.64278760968654,0.));
#4999=DIRECTION('center_axis',(0.,0.,-1.));
#5000=DIRECTION('ref_axis',(-1.,0.,0.));
#5001=DIRECTION('center_axis',(0.,0.,1.));
#5002=DIRECTION('ref_axis',(-0.939692620785909,-0.342020143325669,0.));
#5003=DIRECTION('center_axis',(-0.200781539941731,0.0297561996088726,0.979184018355827));
#5004=DIRECTION('ref_axis',(-0.146600660675527,-0.989195757314749,0.));
#5005=DIRECTION('center_axis',(0.,0.,-1.));
#5006=DIRECTION('ref_axis',(-1.,0.,0.));
#5007=DIRECTION('center_axis',(0.,0.,-1.));
#5008=DIRECTION('ref_axis',(0.973501563322785,-0.228680358159799,0.));
#5009=DIRECTION('center_axis',(0.,0.,1.));
#5010=DIRECTION('ref_axis',(-0.939692620785908,0.342020143325669,0.));
#5011=DIRECTION('center_axis',(-0.968929331854381,-0.112927914278905,0.220052802865219));
#5012=DIRECTION('ref_axis',(-0.2137175498603,-0.065585037335546,-0.974691444386071));
#5013=DIRECTION('center_axis',(-0.10803413264496,-0.960538140099002,-0.256310568644372));
#5014=DIRECTION('ref_axis',(0.852196460964915,-0.222244545561864,0.473675578731768));
#5015=DIRECTION('center_axis',(-0.996497627998203,-0.0836210343989819,4.51817644008456E-14));
#5016=DIRECTION('ref_axis',(-4.44089209850063E-14,-1.11022302462516E-14,
-1.));
#5017=DIRECTION('center_axis',(-0.0827588220536228,0.98643838702775,0.141740205906396));
#5018=DIRECTION('ref_axis',(0.852092361360607,-0.00371597634940059,0.523378256360231));
#5019=DIRECTION('center_axis',(0.,0.,-1.));
#5020=DIRECTION('ref_axis',(-1.,0.,0.));
#5021=DIRECTION('center_axis',(-0.751034149409928,-0.660263361409753,-6.04654912806977E-15));
#5022=DIRECTION('ref_axis',(6.66133814775093E-14,-6.66133814775093E-14,
-1.));
#5023=DIRECTION('center_axis',(0.,0.,-1.));
#5024=DIRECTION('ref_axis',(-0.393528516698116,0.919312409654836,0.));
#5025=DIRECTION('center_axis',(0.,0.,1.));
#5026=DIRECTION('ref_axis',(-0.393528516698116,0.919312409654836,0.));
#5027=DIRECTION('center_axis',(0.833415580012928,-0.504084734632701,-0.226532671599472));
#5028=DIRECTION('ref_axis',(0.451742273272994,0.857509680671288,-0.246182993103045));
#5029=DIRECTION('center_axis',(-0.727708674960111,-0.568966815023824,-0.38303635309125));
#5030=DIRECTION('ref_axis',(0.384291409079297,0.124346864961322,-0.914799415217423));
#5031=DIRECTION('center_axis',(-0.654118064774078,0.743811294680038,0.137383824530479));
#5032=DIRECTION('ref_axis',(0.688701818033461,0.660776114701829,-0.298437149291037));
#5033=DIRECTION('center_axis',(0.,0.,1.));
#5034=DIRECTION('ref_axis',(1.,0.,0.));
#5035=DIRECTION('center_axis',(0.,0.,-1.));
#5036=DIRECTION('ref_axis',(-0.984807753012208,-0.17364817766693,0.));
#5037=DIRECTION('center_axis',(0.0376647721313322,-0.99929043072587,0.));
#5038=DIRECTION('ref_axis',(0.,0.,1.));
#5039=DIRECTION('center_axis',(0.,0.,1.));
#5040=DIRECTION('ref_axis',(1.,0.,0.));
#5041=DIRECTION('center_axis',(0.,0.,1.));
#5042=DIRECTION('ref_axis',(-0.984807753012208,-0.17364817766693,0.));
#5043=DIRECTION('center_axis',(0.,0.,1.));
#5044=DIRECTION('ref_axis',(-0.0561594172504698,-0.998421814592453,0.));
#5045=DIRECTION('center_axis',(0.,0.,-1.));
#5046=DIRECTION('ref_axis',(0.17364817766693,-0.984807753012208,0.));
#5047=DIRECTION('center_axis',(0.,0.,-1.));
#5048=DIRECTION('ref_axis',(-1.,0.,0.));
#5049=DIRECTION('center_axis',(0.0517845346922143,-0.998658280878255,0.));
#5050=DIRECTION('ref_axis',(0.998658280878255,0.0517845346922143,0.));
#5051=DIRECTION('center_axis',(-0.128687153052142,0.141274935951619,0.981570684724845));
#5052=DIRECTION('ref_axis',(0.812526419511174,-0.552441219358942,0.186036331799886));
#5053=DIRECTION('center_axis',(0.0080316761352467,-0.0241381393595626,0.999676368834793));
#5054=DIRECTION('ref_axis',(0.0598269648195207,-0.997906183672641,-0.0245760629147219));
#5055=DIRECTION('center_axis',(0.,0.,-1.));
#5056=DIRECTION('ref_axis',(-1.,0.,0.));
#5057=DIRECTION('center_axis',(0.721213126344869,0.692713235320259,-1.89847411288984E-15));
#5058=DIRECTION('ref_axis',(0.692504010259979,-0.720995293261654,-0.0245760629147212));
#5059=DIRECTION('center_axis',(0.,0.,-1.));
#5060=DIRECTION('ref_axis',(-0.403100985108371,0.915155503619282,0.));
#5061=DIRECTION('center_axis',(-0.998207679372794,-0.059845040238775,2.65765366330828E-15));
#5062=DIRECTION('ref_axis',(0.,-4.44089209850063E-14,-1.));
#5063=DIRECTION('center_axis',(0.,0.,1.));
#5064=DIRECTION('ref_axis',(-0.403100985108371,0.915155503619282,0.));
#5065=DIRECTION('center_axis',(0.0088568561451663,-0.0255669583563683,0.999633876346549));
#5066=DIRECTION('ref_axis',(-0.944908873767159,-0.327333500082224,3.46944695195358E-16));
#5067=DIRECTION('center_axis',(-0.985497221937815,0.121357012217899,0.118607340153945));
#5068=DIRECTION('ref_axis',(-0.169691560051888,-0.704790493804348,-0.688821554751432));
#5069=DIRECTION('center_axis',(0.327333500082218,-0.944908873767161,0.));
#5070=DIRECTION('ref_axis',(-0.944908873767161,-0.327333500082218,0.));
#5071=DIRECTION('center_axis',(-0.300736147065309,-0.903461341225837,0.305475653299449));
#5072=DIRECTION('ref_axis',(0.633829640235102,-0.428669575442925,-0.643818594208822));
#5073=DIRECTION('center_axis',(0.315719322576576,-0.948852627836266,0.));
#5074=DIRECTION('ref_axis',(-0.948852627836266,-0.315719322576576,0.));
#5075=DIRECTION('center_axis',(0.,0.,-1.));
#5076=DIRECTION('ref_axis',(-1.,0.,0.));
#5077=DIRECTION('center_axis',(0.,0.,-1.));
#5078=DIRECTION('ref_axis',(-0.984807753012208,-0.17364817766693,0.));
#5079=DIRECTION('center_axis',(0.,0.,1.));
#5080=DIRECTION('ref_axis',(1.,0.,0.));
#5081=DIRECTION('center_axis',(0.,0.,1.));
#5082=DIRECTION('ref_axis',(-0.984807753012208,-0.17364817766693,0.));
#5083=DIRECTION('center_axis',(2.04659632654741E-20,-1.30759170133624E-18,
1.));
#5084=DIRECTION('ref_axis',(0.978621052828527,-0.205671667861148,-2.88962988613229E-19));
#5085=DIRECTION('center_axis',(0.,0.,-1.));
#5086=DIRECTION('ref_axis',(0.,-1.,0.));
#5087=DIRECTION('center_axis',(-1.20255486345554E-18,4.30579738796241E-17,
1.));
#5088=DIRECTION('ref_axis',(0.998967989523032,0.0454197744194228,-7.54369646332608E-19));
#5089=DIRECTION('center_axis',(0.,0.,1.));
#5090=DIRECTION('ref_axis',(0.17364817766693,-0.984807753012208,0.));
#5091=DIRECTION('center_axis',(0.,0.,-1.));
#5092=DIRECTION('ref_axis',(-1.,0.,0.));
#5093=DIRECTION('center_axis',(0.,0.,1.));
#5094=DIRECTION('ref_axis',(-0.939692620785908,0.342020143325669,0.));
#5095=DIRECTION('center_axis',(-0.134680666533289,0.151854457487043,0.979184018355827));
#5096=DIRECTION('ref_axis',(-0.748145397824472,-0.663534824793743,1.38777878078142E-15));
#5097=DIRECTION('center_axis',(0.,0.,-1.));
#5098=DIRECTION('ref_axis',(-1.,0.,0.));
#5099=DIRECTION('center_axis',(0.,0.,-1.));
#5100=DIRECTION('ref_axis',(0.598752562147257,-0.800934060533135,0.));
#5101=DIRECTION('center_axis',(0.,0.,1.));
#5102=DIRECTION('ref_axis',(-0.5,0.866025403784439,0.));
#5103=DIRECTION('center_axis',(-0.814831594528243,0.536307967971503,0.220052802865218));
#5104=DIRECTION('ref_axis',(-0.205874390847604,0.0871339396201206,-0.974691444386071));
#5105=DIRECTION('center_axis',(-0.700180962066581,-0.666371902738505,-0.256310568647065));
#5106=DIRECTION('ref_axis',(0.509964321655832,-0.718030524664727,0.473675581266127));
#5107=DIRECTION('center_axis',(-0.817112035330094,0.576478899630083,0.));
#5108=DIRECTION('ref_axis',(0.,0.,-1.));
#5109=DIRECTION('center_axis',(0.570673437147363,0.808851990270176,0.141740205906405));
#5110=DIRECTION('ref_axis',(0.650352035496984,-0.550561015474719,0.523378255341561));
#5111=DIRECTION('center_axis',(0.,0.,-1.));
#5112=DIRECTION('ref_axis',(-1.,0.,0.));
#5113=DIRECTION('center_axis',(-0.999734644592238,-0.0230356333108457,-2.81321595373754E-15));
#5114=DIRECTION('ref_axis',(0.,1.22124532708767E-13,-1.));
#5115=DIRECTION('center_axis',(0.,0.,-1.));
#5116=DIRECTION('ref_axis',(0.289462292931759,0.957189417498276,0.));
#5117=DIRECTION('center_axis',(0.,0.,1.));
#5118=DIRECTION('ref_axis',(0.289462292931759,0.957189417498276,0.));
#5119=DIRECTION('center_axis',(0.314413952223501,-0.92186051837912,-0.226532671597231));
#5120=DIRECTION('ref_axis',(0.897251256126737,0.366516189749575,-0.246182992975645));
#5121=DIRECTION('center_axis',(-0.923182005682751,0.0319082527576585,-0.383036353091356));
#5122=DIRECTION('ref_axis',(0.374312922564162,-0.151762531342316,-0.914799415217373));
#5123=DIRECTION('center_axis',(-0.0229708244986343,0.990251496327734,0.13738382453017));
#5124=DIRECTION('ref_axis',(0.952314899952736,0.0634948754225755,-0.298437149368308));
#5125=DIRECTION('center_axis',(0.,0.,1.));
#5126=DIRECTION('ref_axis',(1.,0.,0.));
#5127=DIRECTION('center_axis',(0.,0.,-1.));
#5128=DIRECTION('ref_axis',(-0.866025403784439,0.499999999999999,0.));
#5129=DIRECTION('center_axis',(-0.61347861795636,-0.789711330367213,0.));
#5130=DIRECTION('ref_axis',(0.,0.,1.));
#5131=DIRECTION('center_axis',(0.,0.,1.));
#5132=DIRECTION('ref_axis',(1.,0.,0.));
#5133=DIRECTION('center_axis',(0.,0.,1.));
#5134=DIRECTION('ref_axis',(-0.866025403784439,0.5,0.));
#5135=DIRECTION('center_axis',(0.,0.,1.));
#5136=DIRECTION('ref_axis',(-0.684793781174303,-0.728736905381497,0.));
#5137=DIRECTION('center_axis',(0.,0.,-1.));
#5138=DIRECTION('ref_axis',(-0.5,-0.866025403784438,0.));
#5139=DIRECTION('center_axis',(0.,0.,-1.));
#5140=DIRECTION('ref_axis',(-1.,0.,0.));
#5141=DIRECTION('center_axis',(-0.602255914218943,-0.798303083915066,0.));
#5142=DIRECTION('ref_axis',(0.798303083915066,-0.602255914218943,0.));
#5143=DIRECTION('center_axis',(-0.00777030010743164,0.190941387145482,0.981570684724844));
#5144=DIRECTION('ref_axis',(0.267328977669875,-0.945476441244531,0.186036331799886));
#5145=DIRECTION('center_axis',(-0.00936307602888307,-0.0236535494283683,
0.999676368834793));
#5146=DIRECTION('ref_axis',(-0.595611616545679,-0.802896518467639,-0.0245760629147195));
#5147=DIRECTION('center_axis',(0.,0.,-1.));
#5148=DIRECTION('ref_axis',(-1.,0.,0.));
#5149=DIRECTION('center_axis',(0.99774879247069,0.0670622630342833,-8.18994753545428E-15));
#5150=DIRECTION('ref_axis',(0.0670420077463654,-0.997447435371382,-0.0245760629147212));
#5151=DIRECTION('center_axis',(0.,0.,-1.));
#5152=DIRECTION('ref_axis',(0.279457349004865,0.9601581068174,0.));
#5153=DIRECTION('center_axis',(-0.803139096228895,0.595791567671643,7.19750485513728E-15));
#5154=DIRECTION('ref_axis',(-6.66133814775094E-14,-7.77156117237609E-14,
-1.));
#5155=DIRECTION('center_axis',(0.,0.,1.));
#5156=DIRECTION('ref_axis',(0.279457349004865,0.9601581068174,0.));
#5157=DIRECTION('center_axis',(-0.00964937861533617,-0.025278503767238,
0.999633876346549));
#5158=DIRECTION('ref_axis',(-0.934248110091323,0.356623707555726,3.46944695195351E-16));
#5159=DIRECTION('center_axis',(0.278336291296918,-0.902435393381631,0.32884535836654));
#5160=DIRECTION('ref_axis',(-0.583021873464241,-0.430825209072241,-0.688821554751378));
#5161=DIRECTION('center_axis',(-0.356623707555724,-0.934248110091323,0.));
#5162=DIRECTION('ref_axis',(-0.934248110091323,0.356623707555724,0.));
#5163=DIRECTION('center_axis',(-0.977701776381277,-0.158040213343796,-0.138284226964406));
#5164=DIRECTION('ref_axis',(0.209998182041886,-0.735797785597434,-0.643818594208816));
#5165=DIRECTION('center_axis',(-0.368055679946591,-0.929803751583662,0.));
#5166=DIRECTION('ref_axis',(-0.929803751583662,0.368055679946591,0.));
#5167=DIRECTION('center_axis',(0.,0.,-1.));
#5168=DIRECTION('ref_axis',(-1.,0.,0.));
#5169=DIRECTION('center_axis',(0.,0.,-1.));
#5170=DIRECTION('ref_axis',(-0.866025403784439,0.499999999999999,0.));
#5171=DIRECTION('center_axis',(0.,0.,1.));
#5172=DIRECTION('ref_axis',(1.,0.,0.));
#5173=DIRECTION('center_axis',(0.,0.,1.));
#5174=DIRECTION('ref_axis',(-0.866025403784438,0.5,0.));
#5175=DIRECTION('center_axis',(-4.55316979732708E-19,-5.60201492695373E-19,
1.));
#5176=DIRECTION('ref_axis',(0.765915728315795,0.642940974832438,7.08910929962675E-19));
#5177=DIRECTION('center_axis',(0.,0.,-1.));
#5178=DIRECTION('ref_axis',(0.,-1.,0.));
#5179=DIRECTION('center_axis',(5.45118599848214E-17,6.87763152395447E-17,
1.));
#5180=DIRECTION('ref_axis',(-0.516946833768135,-0.856017506279574,8.70534632844183E-17));
#5181=DIRECTION('center_axis',(0.,0.,1.));
#5182=DIRECTION('ref_axis',(-0.5,-0.866025403784438,0.));
#5183=DIRECTION('center_axis',(0.,0.,-1.));
#5184=DIRECTION('ref_axis',(-1.,0.,0.));
#5185=DIRECTION('center_axis',(0.,0.,1.));
#5186=DIRECTION('ref_axis',(-0.5,0.866025403784439,0.));
#5187=DIRECTION('center_axis',(-0.00556121244504532,0.202898327032719,0.979184018355827));
#5188=DIRECTION('ref_axis',(-0.99962458862142,-0.0273985733835957,0.));
#5189=DIRECTION('center_axis',(0.,0.,-1.));
#5190=DIRECTION('ref_axis',(-1.,0.,0.));
#5191=DIRECTION('center_axis',(0.,0.,-1.));
#5192=DIRECTION('ref_axis',(-0.0561594172504698,-0.998421814592454,0.));
#5193=DIRECTION('center_axis',(0.,9.93710471805913E-17,1.));
#5194=DIRECTION('ref_axis',(0.17364817766693,0.984807753012208,0.));
#5195=DIRECTION('center_axis',(-0.27946509827788,0.934599391608888,0.220052802865202));
#5196=DIRECTION('ref_axis',(-0.101700316318332,0.199081977841643,-0.974691444386074));
#5197=DIRECTION('center_axis',(-0.964705337693664,-0.0604028461891685,-0.256310568642031));
#5198=DIRECTION('ref_axis',(0.0708857903288932,0.877842039826326,-0.473675582907756));
#5199=DIRECTION('center_axis',(-0.255390640142336,0.966837949672895,6.72397508580914E-14));
#5200=DIRECTION('ref_axis',(-1.11022302462516E-14,6.66133814775094E-14,
-1.));
#5201=DIRECTION('center_axis',(0.9570812527782,0.252794757876494,0.141740205907417));
#5202=DIRECTION('ref_axis',(0.14430476214551,-0.839792433807537,0.523378260669796));
#5203=DIRECTION('center_axis',(0.,0.,-1.));
#5204=DIRECTION('ref_axis',(-1.,0.,0.));
#5205=DIRECTION('center_axis',(-0.78064818875689,0.624970723626785,1.70326643926507E-15));
#5206=DIRECTION('ref_axis',(-5.55111512312578E-14,-6.66133814775093E-14,
-1.));
#5207=DIRECTION('center_axis',(0.,0.,-1.));
#5208=DIRECTION('ref_axis',(0.837010478683819,0.547186858918856,0.));
#5209=DIRECTION('center_axis',(0.,0.,1.));
#5210=DIRECTION('ref_axis',(0.83701047868382,0.547186858918856,0.));
#5211=DIRECTION('center_axis',(-0.351705458133036,-0.908287520236531,-0.226532671599494));
#5212=DIRECTION('ref_axis',(0.922926404334633,-0.29597429969786,-0.246182993117529));
#5213=DIRECTION('center_axis',(-0.686688215921329,0.61785309445308,-0.383036353091369));
#5214=DIRECTION('ref_axis',(0.189189259556429,-0.356860552578235,-0.914799415217373));
#5215=DIRECTION('center_axis',(0.618924719851895,0.77334201742413,0.137383824530512));
#5216=DIRECTION('ref_axis',(0.770329256374966,-0.563496321661786,-0.298437149574962));
#5217=DIRECTION('center_axis',(0.,0.,1.));
#5218=DIRECTION('ref_axis',(1.,0.,0.));
#5219=DIRECTION('center_axis',(0.,0.,-1.));
#5220=DIRECTION('ref_axis',(-0.342020143325669,0.939692620785908,0.));
#5221=DIRECTION('center_axis',(-0.977568544646905,-0.210617521865898,0.));
#5222=DIRECTION('ref_axis',(0.,0.,1.));
#5223=DIRECTION('center_axis',(0.,0.,1.));
#5224=DIRECTION('ref_axis',(1.,0.,0.));
#5225=DIRECTION('center_axis',(0.,0.,1.));
#5226=DIRECTION('ref_axis',(-0.342020143325669,0.939692620785908,0.));
#5227=DIRECTION('center_axis',(0.,0.,1.));
#5228=DIRECTION('ref_axis',(-0.993005524251547,-0.118067899133978,0.));
#5229=DIRECTION('center_axis',(0.,0.,-1.));
#5230=DIRECTION('ref_axis',(-0.939692620785908,-0.342020143325669,0.));
#5231=DIRECTION('center_axis',(0.,0.,-1.));
#5232=DIRECTION('ref_axis',(-1.,0.,0.));
#5233=DIRECTION('center_axis',(-0.974494127538116,-0.22441300183752,0.));
#5234=DIRECTION('ref_axis',(0.22441300183752,-0.974494127538116,0.));
#5235=DIRECTION('center_axis',(0.116782362614812,0.151264241216828,0.981570684724844));
#5236=DIRECTION('ref_axis',(-0.402954663853841,-0.896112728471636,0.186036331799886));
#5237=DIRECTION('center_axis',(-0.0223767408600909,-0.0121012008397275,
0.999676368834793));
#5238=DIRECTION('ref_axis',(-0.972356903043386,-0.23220264907078,-0.0245760629147219));
#5239=DIRECTION('center_axis',(0.,0.,-1.));
#5240=DIRECTION('ref_axis',(-1.,0.,0.));
#5241=DIRECTION('center_axis',(0.807426709856826,-0.589967887439461,-3.44280698626975E-15));
#5242=DIRECTION('ref_axis',(-0.589789695280688,-0.807182837077403,-0.024576062914721));
#5243=DIRECTION('center_axis',(0.,0.,-1.));
#5244=DIRECTION('ref_axis',(0.831254483696247,0.555892060866933,0.));
#5245=DIRECTION('center_axis',(-0.232272804062701,0.972650679582783,-2.57874615064658E-15));
#5246=DIRECTION('ref_axis',(1.11022302462516E-14,0.,-1.));
#5247=DIRECTION('center_axis',(0.,0.,1.));
#5248=DIRECTION('ref_axis',(0.831254483696247,0.555892060866932,0.));
#5249=DIRECTION('center_axis',(-0.023640561880822,-0.013161956326144,0.999633876346549));
#5250=DIRECTION('ref_axis',(-0.486442272692583,0.873712718997311,2.4286128663675E-15));
#5251=DIRECTION('center_axis',(0.687509185852982,-0.0425000430342593,-0.72493093857957));
#5252=DIRECTION('ref_axis',(-0.723549772716314,0.0447279790737909,-0.688821554751406));
#5253=DIRECTION('center_axis',(-0.873712718997319,-0.48644227269257,0.));
#5254=DIRECTION('ref_axis',(-0.48644227269257,0.873712718997319,0.));
#5255=DIRECTION('center_axis',(-0.950051306690599,0.229503995285149,0.211495699255658));
#5256=DIRECTION('ref_axis',(-0.312093759398486,-0.698638034389417,-0.643818594208813));
#5257=DIRECTION('center_axis',(-0.879613339339502,-0.47568936634742,0.));
#5258=DIRECTION('ref_axis',(-0.47568936634742,0.879613339339502,0.));
#5259=DIRECTION('center_axis',(0.,0.,-1.));
#5260=DIRECTION('ref_axis',(-1.,0.,0.));
#5261=DIRECTION('center_axis',(0.,0.,-1.));
#5262=DIRECTION('ref_axis',(-0.342020143325669,0.939692620785908,0.));
#5263=DIRECTION('center_axis',(0.,0.,1.));
#5264=DIRECTION('ref_axis',(1.,0.,0.));
#5265=DIRECTION('center_axis',(0.,0.,1.));
#5266=DIRECTION('ref_axis',(-0.342020143325669,0.939692620785908,0.));
#5267=DIRECTION('center_axis',(0.,0.,1.));
#5268=DIRECTION('ref_axis',(-0.939692620785908,-0.342020143325669,0.));
#5269=DIRECTION('center_axis',(0.,1.1188944566643E-16,1.));
#5270=DIRECTION('ref_axis',(0.17364817766693,0.984807753012208,0.));
#5271=DIRECTION('center_axis',(0.,0.,-1.));
#5272=DIRECTION('ref_axis',(-1.,0.,0.));
#5273=DIRECTION('center_axis',(0.126160394752234,0.159003814396064,0.979184018355826));
#5274=DIRECTION('ref_axis',(-0.78336832481259,0.621557775013969,1.38777878078142E-15));
#5275=DIRECTION('center_axis',(0.,0.,-1.));
#5276=DIRECTION('ref_axis',(-1.,0.,0.));
#5277=DIRECTION('center_axis',(0.,0.,-1.));
#5278=DIRECTION('ref_axis',(-0.684793781174303,-0.728736905381497,0.));
#5279=DIRECTION('center_axis',(0.,0.,1.));
#5280=DIRECTION('ref_axis',(0.766044443118978,0.64278760968654,0.));
#5281=DIRECTION('center_axis',(0.,0.,1.));
#5282=DIRECTION('ref_axis',(0.766044443118978,0.642787609686539,0.));
#5283=DIRECTION('center_axis',(0.186691259978249,0.0408088757080502,0.981570684724834));
#5284=DIRECTION('ref_axis',(-0.88469133981807,-0.42744791086322,0.18603633179994));
#5285=DIRECTION('center_axis',(0.198850151128329,0.0407096498729302,0.979184018355827));
#5286=DIRECTION('ref_axis',(-0.200565315654807,0.979680332637278,0.));
#5287=DIRECTION('center_axis',(0.,0.,-1.));
#5288=DIRECTION('ref_axis',(-1.,0.,0.));
#5289=DIRECTION('center_axis',(0.,0.,-1.));
#5290=DIRECTION('ref_axis',(-0.993005524251547,-0.118067899133978,0.));
#5291=DIRECTION('center_axis',(6.12323399573677E-17,0.,1.));
#5292=DIRECTION('ref_axis',(1.,0.,0.));
#5293=DIRECTION('center_axis',(0.,0.,1.));
#5294=DIRECTION('ref_axis',(0.766044443118978,-0.64278760968654,0.));
#5295=DIRECTION('center_axis',(0.,0.,1.));
#5296=DIRECTION('ref_axis',(0.17364817766693,-0.984807753012208,0.));
#5297=DIRECTION('center_axis',(0.,0.,1.));
#5298=DIRECTION('ref_axis',(-0.5,-0.866025403784438,0.));
#5299=DIRECTION('center_axis',(0.,0.,1.));
#5300=DIRECTION('ref_axis',(-0.939692620785908,-0.342020143325669,0.));
#5301=DIRECTION('center_axis',(0.,0.,1.));
#5302=DIRECTION('ref_axis',(-0.939692620785908,0.342020143325669,0.));
#5303=DIRECTION('center_axis',(0.,0.,1.));
#5304=DIRECTION('ref_axis',(-0.939692620785908,0.342020143325669,0.));
#5305=DIRECTION('center_axis',(0.,0.,1.));
#5306=DIRECTION('ref_axis',(-0.5,0.866025403784439,0.));
#5307=DIRECTION('center_axis',(0.,0.,1.));
#5308=DIRECTION('ref_axis',(0.17364817766693,0.984807753012208,0.));
#5309=DIRECTION('center_axis',(0.,0.,1.));
#5310=DIRECTION('ref_axis',(0.766044443118978,0.642787609686539,0.));
#5311=DIRECTION('center_axis',(0.,0.,1.));
#5312=DIRECTION('ref_axis',(1.,0.,0.));
#5313=DIRECTION('center_axis',(0.,0.,1.));
#5314=DIRECTION('ref_axis',(1.,0.,0.));
#5315=DIRECTION('center_axis',(0.,0.,1.));
#5316=DIRECTION('ref_axis',(0.766044443118978,-0.64278760968654,0.));
#5317=DIRECTION('axis',(0.,0.,1.));
#5318=DIRECTION('refdir',(1.,0.,0.));
#5319=DIRECTION('center_axis',(-2.22044604925031E-16,1.,0.));
#5320=DIRECTION('ref_axis',(0.,0.,1.));
#5321=DIRECTION('center_axis',(2.22044604925031E-16,-1.,0.));
#5322=DIRECTION('ref_axis',(1.,2.22044604925031E-16,0.));
#5323=DIRECTION('center_axis',(2.22044604925031E-16,-1.,0.));
#5324=DIRECTION('ref_axis',(0.,0.,-1.));
#5325=DIRECTION('center_axis',(2.22044604925031E-16,-1.,0.));
#5326=DIRECTION('ref_axis',(1.,2.22044604925031E-16,0.));
#5327=DIRECTION('center_axis',(2.22044604925031E-16,-1.,0.));
#5328=DIRECTION('ref_axis',(1.,0.,0.));
#5329=DIRECTION('center_axis',(2.22044604925031E-16,-1.,0.));
#5330=DIRECTION('ref_axis',(1.,2.22044604925031E-16,0.));
#5331=DIRECTION('center_axis',(2.22044604925031E-16,-1.,0.));
#5332=DIRECTION('ref_axis',(0.,0.,-1.));
#5333=DIRECTION('center_axis',(2.22044604925031E-16,-1.,0.));
#5334=DIRECTION('ref_axis',(1.,2.22044604925031E-16,0.));
#5335=DIRECTION('center_axis',(2.22044604925031E-16,-1.,0.));
#5336=DIRECTION('ref_axis',(1.,0.,0.));
#5337=DIRECTION('center_axis',(2.22044604925031E-16,-1.,0.));
#5338=DIRECTION('ref_axis',(1.,2.22044604925031E-16,0.));
#5339=DIRECTION('center_axis',(-2.22044604925031E-16,1.,0.));
#5340=DIRECTION('ref_axis',(0.,0.,1.));
#5341=DIRECTION('center_axis',(2.22044604925031E-16,-1.,0.));
#5342=DIRECTION('ref_axis',(1.,2.22044604925031E-16,0.));
#5343=DIRECTION('center_axis',(2.22044604925031E-16,-1.,0.));
#5344=DIRECTION('ref_axis',(1.,0.,0.));
#5345=DIRECTION('center_axis',(2.22044604925031E-16,-1.,0.));
#5346=DIRECTION('ref_axis',(1.,2.22044604925031E-16,0.));
#5347=DIRECTION('center_axis',(2.22044604925031E-16,-1.,0.));
#5348=DIRECTION('ref_axis',(0.,0.,-1.));
#5349=DIRECTION('center_axis',(2.22044604925031E-16,-1.,0.));
#5350=DIRECTION('ref_axis',(1.,2.22044604925031E-16,0.));
#5351=DIRECTION('center_axis',(2.22044604925031E-16,-1.,0.));
#5352=DIRECTION('ref_axis',(0.,0.,-1.));
#5353=DIRECTION('',(0.,0.,1.));
#5354=DIRECTION('',(1.,0.,0.));
#5355=DIRECTION('',(0.,0.,1.));
#5356=DIRECTION('',(1.,3.33066907387547E-16,0.));
#5357=DIRECTION('',(0.,0.,1.));
#5358=DIRECTION('',(1.,-1.77635683940025E-15,0.));
#5359=DIRECTION('',(1.9679694718355E-16,-7.162823096927E-17,1.));
#5360=DIRECTION('',(0.766044443118977,-0.642787609686541,-1.96796947183549E-16));
#5361=DIRECTION('',(3.01510415625474E-16,-2.52997278547444E-16,1.));
#5362=DIRECTION('',(0.173648177666929,-0.984807753012208,-3.01510415625474E-16));
#5363=DIRECTION('',(2.65143809681227E-16,-4.59242549680257E-16,1.));
#5364=DIRECTION('',(-0.500000000000001,-0.866025403784438,-2.65143809681226E-16));
#5365=DIRECTION('',(1.04713468441925E-16,-5.93859589843801E-16,1.));
#5366=DIRECTION('',(-0.939692620785909,-0.342020143325667,-1.04713468441924E-16));
#5367=DIRECTION('',(-1.04713468441925E-16,-5.93859589843801E-16,1.));
#5368=DIRECTION('',(-0.939692620785908,0.34202014332567,1.04713468441926E-16));
#5369=DIRECTION('',(-2.65143809681227E-16,-4.59242549680257E-16,1.));
#5370=DIRECTION('',(-0.499999999999999,0.866025403784439,2.65143809681227E-16));
#5371=DIRECTION('',(-3.01510415625474E-16,-2.52997278547444E-16,1.));
#5372=DIRECTION('',(0.173648177666932,0.984807753012208,3.01510415625475E-16));
#5373=DIRECTION('',(-1.9679694718355E-16,-7.16282309692701E-17,1.));
#5374=DIRECTION('',(0.766044443118979,0.642787609686538,1.9679694718355E-16));
#5375=DIRECTION('',(0.,0.,1.));
#5376=DIRECTION('',(0.766044443118976,-0.642787609686541,0.));
#5377=DIRECTION('',(0.,0.,-1.));
#5378=DIRECTION('',(-0.766044443118976,0.642787609686541,0.));
#5379=DIRECTION('',(1.,0.,0.));
#5380=DIRECTION('',(0.,-1.,2.22044604925031E-16));
#5381=DIRECTION('',(0.766044443118978,-0.642787609686539,-1.9679694718355E-16));
#5382=DIRECTION('',(-0.642787609686539,-0.766044443118978,2.93672835894301E-16));
#5383=DIRECTION('',(0.173648177666931,-0.984807753012208,-3.01510415625474E-16));
#5384=DIRECTION('',(-0.984807753012208,-0.173648177666931,4.75041883472475E-16));
#5385=DIRECTION('',(-0.5,-0.866025403784439,-2.65143809681227E-16));
#5386=DIRECTION('',(-0.866025403784439,0.5,6.81287154605289E-16));
#5387=DIRECTION('',(-0.939692620785908,-0.342020143325669,-1.04713468441925E-16));
#5388=DIRECTION('',(-0.342020143325669,0.939692620785908,8.15904194768832E-16));
#5389=DIRECTION('',(-0.939692620785908,0.342020143325669,1.04713468441925E-16));
#5390=DIRECTION('',(0.342020143325669,0.939692620785908,8.15904194768832E-16));
#5391=DIRECTION('',(-0.5,0.866025403784438,2.65143809681227E-16));
#5392=DIRECTION('',(0.866025403784438,0.5,6.81287154605289E-16));
#5393=DIRECTION('',(0.17364817766693,0.984807753012208,3.01510415625474E-16));
#5394=DIRECTION('',(0.984807753012208,-0.17364817766693,4.75041883472475E-16));
#5395=DIRECTION('',(0.766044443118978,0.64278760968654,1.9679694718355E-16));
#5396=DIRECTION('',(0.64278760968654,-0.766044443118978,2.93672835894301E-16));
#5397=CARTESIAN_POINT('',(0.,0.,0.));
#5398=CARTESIAN_POINT('',(0.,0.,0.));
#5399=CARTESIAN_POINT('Origin',(0.,8.87868929381832E-16,-7.4));
#5400=CARTESIAN_POINT('',(1.04094977927525E-15,17.,-7.4));
#5401=CARTESIAN_POINT('Origin',(0.,8.87868929381832E-16,-7.4));
#5402=CARTESIAN_POINT('',(-3.10447963583854E-15,16.9,-7.5));
#5403=CARTESIAN_POINT('Origin',(0.,9.18485099360516E-16,-7.5));
#5404=CARTESIAN_POINT('Origin',(0.,2.35967555615491E-16,-5.27072852606901));
#5405=CARTESIAN_POINT('',(0.,17.,-3.04145705213801));
#5406=CARTESIAN_POINT('Origin',(0.,-4.46549988129533E-16,-3.04145705213801));
#5407=CARTESIAN_POINT('Origin',(0.,14.,-7.5));
#5408=CARTESIAN_POINT('',(0.,14.,-7.5));
#5409=CARTESIAN_POINT('Origin',(0.,9.18485099360516E-16,-7.5));
#5410=CARTESIAN_POINT('Origin',(0.,-3.64332422746337E-15,7.39999999999999));
#5411=CARTESIAN_POINT('',(1.03482654527951E-15,16.9,7.5));
#5412=CARTESIAN_POINT('Origin',(0.,-3.67394039744206E-15,7.49999999999999));
#5413=CARTESIAN_POINT('',(-3.12284933782575E-15,17.,7.4));
#5414=CARTESIAN_POINT('Origin',(0.,-3.64332422746337E-15,7.39999999999999));
#5415=CARTESIAN_POINT('Origin',(0.,-2.99142285369703E-15,5.270728526069));
#5416=CARTESIAN_POINT('',(0.,17.,3.04145705213801));
#5417=CARTESIAN_POINT('Origin',(0.,-2.30890530995201E-15,3.041457052138));
#5418=CARTESIAN_POINT('Origin',(0.,17.,7.5));
#5419=CARTESIAN_POINT('',(0.,14.,7.5));
#5420=CARTESIAN_POINT('Origin',(0.,-3.67394039744206E-15,7.5));
#5421=CARTESIAN_POINT('Origin',(0.,-1.37772764904077E-15,-5.55111512312578E-15));
#5422=CARTESIAN_POINT('Origin',(0.,4.5924254968026E-16,-6.00000000000001));
#5423=CARTESIAN_POINT('',(0.,12.5,-6.));
#5424=CARTESIAN_POINT('Origin',(0.,4.59242549680259E-16,-6.00000000000001));
#5425=CARTESIAN_POINT('Origin',(0.,-1.37772764904077E-15,-3.33066907387547E-15));
#5426=CARTESIAN_POINT('',(0.,12.5,6.));
#5427=CARTESIAN_POINT('Origin',(0.,-3.2146978477618E-15,6.));
#5428=CARTESIAN_POINT('Origin',(0.,-3.2146978477618E-15,6.));
#5429=CARTESIAN_POINT('',(0.,0.,0.));
#5430=CARTESIAN_POINT('Origin',(0.,-3.64332422746337E-15,7.39999999999999));
#5431=CARTESIAN_POINT('',(1.35017309605996E-15,22.05,7.4));
#5432=CARTESIAN_POINT('Origin',(0.,-3.64332422746337E-15,7.39999999999999));
#5433=CARTESIAN_POINT('',(-4.06888899016708E-15,22.15,7.5));
#5434=CARTESIAN_POINT('Origin',(0.,-3.67394039744206E-15,7.49999999999999));
#5435=CARTESIAN_POINT('Origin',(0.,26.,7.5));
#5436=CARTESIAN_POINT('',(1.50019232895551E-15,24.5,7.5));
#5437=CARTESIAN_POINT('Origin',(0.,-3.67394039744206E-15,7.49999999999999));
#5438=CARTESIAN_POINT('Origin',(0.,-2.99773441533975E-15,5.29134365084493));
#5439=CARTESIAN_POINT('',(0.,22.05,3.08268730168988));
#5440=CARTESIAN_POINT('Origin',(0.,-2.32152843323744E-15,3.08268730168987));
#5441=CARTESIAN_POINT('Origin',(0.,4.5924254968026E-16,-6.00000000000001));
#5442=CARTESIAN_POINT('',(1.59204083889156E-15,26.,-6.));
#5443=CARTESIAN_POINT('Origin',(0.,4.5924254968026E-16,-6.00000000000001));
#5444=CARTESIAN_POINT('',(-4.50057698686652E-15,24.5,-7.5));
#5445=CARTESIAN_POINT('Origin',(0.,9.18485099360517E-16,-7.50000000000001));
#5446=CARTESIAN_POINT('Origin',(0.,-1.37772764904077E-15,-7.7715611723761E-15));
#5447=CARTESIAN_POINT('',(-4.77612251667468E-15,26.,6.));
#5448=CARTESIAN_POINT('Origin',(0.,-3.2146978477618E-15,5.99999999999999));
#5449=CARTESIAN_POINT('Origin',(0.,22.05,-7.5));
#5450=CARTESIAN_POINT('',(0.,22.05,-7.5));
#5451=CARTESIAN_POINT('Origin',(0.,9.18485099360517E-16,-7.50000000000001));
#5452=CARTESIAN_POINT('Origin',(0.,-3.2146978477618E-15,5.99999999999999));
#5453=CARTESIAN_POINT('Origin',(0.,2.42279117258211E-16,-5.29134365084495));
#5454=CARTESIAN_POINT('',(0.,22.05,-3.08268730168988));
#5455=CARTESIAN_POINT('Origin',(0.,-4.33926864844095E-16,-3.08268730168988));
#5456=CARTESIAN_POINT('Origin',(0.,-1.37772764904077E-15,-5.55111512312578E-15));
#5457=CARTESIAN_POINT('',(0.,0.,0.));
#5458=CARTESIAN_POINT('Origin',(-7.29093471872377E-16,0.,0.));
#5459=CARTESIAN_POINT('Origin',(-7.29093471872377E-16,0.,0.));
#5460=CARTESIAN_POINT('',(-9.72124629163169E-16,0.,-3.969));
#5461=CARTESIAN_POINT('',(-4.86062314581584E-16,0.,3.969));
#5462=CARTESIAN_POINT('',(0.,0.,0.));
#5463=CARTESIAN_POINT('Ctrl Pts',(14.2651047356583,10.9775583296423,0.650000000000003));
#5464=CARTESIAN_POINT('Ctrl Pts',(14.2651966301356,10.9774389147137,0.650385595584167));
#5465=CARTESIAN_POINT('Ctrl Pts',(14.2652905650939,10.9773197628064,0.650774017797803));
#5466=CARTESIAN_POINT('Ctrl Pts',(14.2827513820943,10.9545364384167,0.724211097328895));
#5467=CARTESIAN_POINT('Ctrl Pts',(14.3231450976482,10.9463348113562,0.805979100867169));
#5468=CARTESIAN_POINT('Ctrl Pts',(14.3678893553734,10.9706804671068,0.826445439481786));
#5469=CARTESIAN_POINT('Ctrl Pts',(14.2651047356583,10.9775583296423,0.650000000000002));
#5470=CARTESIAN_POINT('Ctrl Pts',(14.2652387060266,10.9772803605663,0.650403831588027));
#5471=CARTESIAN_POINT('Ctrl Pts',(14.2653761802589,10.9773113455583,0.650581660232826));
#5472=CARTESIAN_POINT('Ctrl Pts',(14.2904777138045,10.9404640273358,0.714916980580299));
#5473=CARTESIAN_POINT('Ctrl Pts',(14.3541168965144,10.9441820652536,0.778103329677429));
#5474=CARTESIAN_POINT('Ctrl Pts',(14.3803096239371,10.9674414645004,0.783674854816304));
#5475=CARTESIAN_POINT('Ctrl Pts',(14.2651047356583,10.9775583296423,0.650000000000002));
#5476=CARTESIAN_POINT('Ctrl Pts',(14.2652669695864,10.9772433580237,0.650365093051362));
#5477=CARTESIAN_POINT('Ctrl Pts',(14.2654749277191,10.9771832499053,0.650442874719295));
#5478=CARTESIAN_POINT('Ctrl Pts',(14.2979662946102,10.9307307340398,0.704443574495253));
#5479=CARTESIAN_POINT('Ctrl Pts',(14.3741247894217,10.9179972395224,0.750899058520357));
#5480=CARTESIAN_POINT('Ctrl Pts',(14.4056711917187,10.9342259181555,0.749229117184857));
#5481=CARTESIAN_POINT('Ctrl Pts',(14.2651047356583,10.9775583296423,0.650000000000001));
#5482=CARTESIAN_POINT('Ctrl Pts',(14.2653231010403,10.9772745684496,0.65020864911484));
#5483=CARTESIAN_POINT('Ctrl Pts',(14.2655444532678,10.9769897852955,0.650419012952014));
#5484=CARTESIAN_POINT('Ctrl Pts',(14.3070917233271,10.9229160647998,0.690124261448301));
#5485=CARTESIAN_POINT('Ctrl Pts',(14.3746455636283,10.8789516118297,0.735910287848485));
#5486=CARTESIAN_POINT('Ctrl Pts',(14.4260377010789,10.8945247227816,0.747469144438609));
#5487=CARTESIAN_POINT('',(14.4260377010789,10.8945247227816,0.747469144438608));
#5488=CARTESIAN_POINT('',(14.3678893553734,10.9706804671068,0.826445439481786));
#5489=CARTESIAN_POINT('Origin',(14.4081979610123,10.8810521745163,0.844938288877217));
#5490=CARTESIAN_POINT('',(14.2651047356599,10.9775583296402,0.649999999982877));
#5491=CARTESIAN_POINT('Ctrl Pts',(14.3678893553734,10.9706804671068,0.826445439481786));
#5492=CARTESIAN_POINT('Ctrl Pts',(14.3231450976482,10.9463348113562,0.805979100867169));
#5493=CARTESIAN_POINT('Ctrl Pts',(14.2827513820943,10.9545364384167,0.724211097328895));
#5494=CARTESIAN_POINT('Ctrl Pts',(14.2652905650939,10.9773197628064,0.650774017797803));
#5495=CARTESIAN_POINT('Ctrl Pts',(14.2651966301356,10.9774389147137,0.650385595584167));
#5496=CARTESIAN_POINT('Ctrl Pts',(14.2651047356583,10.9775583296423,0.650000000000003));
#5497=CARTESIAN_POINT('Ctrl Pts',(14.2651047356583,10.9775583296423,0.650000000000001));
#5498=CARTESIAN_POINT('Ctrl Pts',(14.2653231010403,10.9772745684496,0.65020864911484));
#5499=CARTESIAN_POINT('Ctrl Pts',(14.2655444532678,10.9769897852955,0.650419012952014));
#5500=CARTESIAN_POINT('Ctrl Pts',(14.3070917233271,10.9229160647998,0.690124261448301));
#5501=CARTESIAN_POINT('Ctrl Pts',(14.3746455636283,10.8789516118297,0.735910287848485));
#5502=CARTESIAN_POINT('Ctrl Pts',(14.4260377010789,10.8945247227816,0.747469144438609));
#5503=CARTESIAN_POINT('Ctrl Pts',(14.4492858188629,10.9008320473626,0.75));
#5504=CARTESIAN_POINT('Ctrl Pts',(14.4413514654608,10.8989146207518,0.75));
#5505=CARTESIAN_POINT('Ctrl Pts',(14.4335348967857,10.8967965617508,0.749155375335038));
#5506=CARTESIAN_POINT('Ctrl Pts',(14.4260377010789,10.8945247227816,0.747469144438608));
#5507=CARTESIAN_POINT('Ctrl Pts',(14.4382322649217,10.924757711928,0.75));
#5508=CARTESIAN_POINT('Ctrl Pts',(14.4301875118416,10.9224553602822,0.750428090760828));
#5509=CARTESIAN_POINT('Ctrl Pts',(14.4221444422126,10.9199074498158,0.749908395200024));
#5510=CARTESIAN_POINT('Ctrl Pts',(14.4143996957302,10.9172111201381,0.74847484315075));
#5511=CARTESIAN_POINT('Ctrl Pts',(14.4190115659672,10.96636134442,0.76921422319231));
#5512=CARTESIAN_POINT('Ctrl Pts',(14.409581573436,10.9625207581336,0.769894383176853));
#5513=CARTESIAN_POINT('Ctrl Pts',(14.4001389848838,10.9584540669846,0.769417348785156));
#5514=CARTESIAN_POINT('Ctrl Pts',(14.3909437039983,10.9542713375299,0.767726481955037));
#5515=CARTESIAN_POINT('Ctrl Pts',(14.4096202105653,10.9866891430949,0.811974725174065));
#5516=CARTESIAN_POINT('Ctrl Pts',(14.3973190312338,10.9810495925623,0.812196616641371));
#5517=CARTESIAN_POINT('Ctrl Pts',(14.385075840082,10.9752073094885,0.810914560761453));
#5518=CARTESIAN_POINT('Ctrl Pts',(14.373212327615,10.9692923231327,0.808115188910865));
#5519=CARTESIAN_POINT('Ctrl Pts',(14.4080779385939,10.9900274252487,0.831396366819873));
#5520=CARTESIAN_POINT('Ctrl Pts',(14.3944697545806,10.9837405028679,0.831396366819873));
#5521=CARTESIAN_POINT('Ctrl Pts',(14.380958950118,10.9772388713863,0.829744089460399));
#5522=CARTESIAN_POINT('Ctrl Pts',(14.3678893553734,10.9706804671068,0.826445439481786));
#5523=CARTESIAN_POINT('',(14.4492858188629,10.9008320473626,0.75));
#5524=CARTESIAN_POINT('Origin',(14.466446638544,10.8779854665366,0.651052354231357));
#5525=CARTESIAN_POINT('',(14.4080779385939,10.9900274252487,0.831396366819873));
#5526=CARTESIAN_POINT('Origin',(14.4492858188629,10.9008320473626,0.85));
#5527=CARTESIAN_POINT('Origin',(14.4252159582595,10.9671737856686,0.63630618956599));
#5528=CARTESIAN_POINT('Origin',(12.5664977693719,14.976168862976,0.85));
#5529=CARTESIAN_POINT('',(16.5049668046747,12.821703115288,0.75));
#5530=CARTESIAN_POINT('',(16.4187670008817,12.8688571040752,0.831396366819873));
#5531=CARTESIAN_POINT('Origin',(16.5049668046747,12.821703115288,0.85));
#5532=CARTESIAN_POINT('Origin',(12.5664977693719,14.976168862976,0.831396366819873));
#5533=CARTESIAN_POINT('Origin',(12.5664977693719,14.976168862976,0.75));
#5534=CARTESIAN_POINT('Ctrl Pts',(16.5169346809336,12.8720953016864,0.741479941521733));
#5535=CARTESIAN_POINT('Ctrl Pts',(16.5125456431227,12.8567247016015,0.747180154212903));
#5536=CARTESIAN_POINT('Ctrl Pts',(16.5084715065693,12.8394411238318,0.75));
#5537=CARTESIAN_POINT('Ctrl Pts',(16.5049668046747,12.821703115288,0.75));
#5538=CARTESIAN_POINT('Ctrl Pts',(16.4978678060275,12.8854714901408,0.744489747587562));
#5539=CARTESIAN_POINT('Ctrl Pts',(16.4919941399775,12.8695940630251,0.749678219293081));
#5540=CARTESIAN_POINT('Ctrl Pts',(16.4864654367896,12.8519655282247,0.751466883837032));
#5541=CARTESIAN_POINT('Ctrl Pts',(16.4818446694247,12.8343516464718,0.75));
#5542=CARTESIAN_POINT('Ctrl Pts',(16.4694468275109,12.9125350504118,0.763551334543173));
#5543=CARTESIAN_POINT('Ctrl Pts',(16.4598315667726,12.8948176679463,0.769816525538622));
#5544=CARTESIAN_POINT('Ctrl Pts',(16.4502566615904,12.8754415615285,0.771546716123805));
#5545=CARTESIAN_POINT('Ctrl Pts',(16.4416398678751,12.8563449304243,0.769216098929471));
#5546=CARTESIAN_POINT('Ctrl Pts',(16.4610801157915,12.9349800983354,0.798779073359558));
#5547=CARTESIAN_POINT('Ctrl Pts',(16.44801628439,12.9138284852508,0.808413265963584));
#5548=CARTESIAN_POINT('Ctrl Pts',(16.4346500686955,12.8905119413911,0.812735052274649));
#5549=CARTESIAN_POINT('Ctrl Pts',(16.4219931688007,12.8670922893172,0.811974725174065));
#5550=CARTESIAN_POINT('Ctrl Pts',(16.4616343288032,12.9424312906354,0.814729200551815));
#5551=CARTESIAN_POINT('Ctrl Pts',(16.4473920877097,12.9196208239275,0.825880109073085));
#5552=CARTESIAN_POINT('Ctrl Pts',(16.4327383127935,12.8943973473613,0.831396366819873));
#5553=CARTESIAN_POINT('Ctrl Pts',(16.4187670008817,12.8688571040752,0.831396366819873));
#5554=CARTESIAN_POINT('',(16.5169346809336,12.8720953016864,0.741479941521733));
#5555=CARTESIAN_POINT('Origin',(16.5236934356171,12.7971303292097,0.650544788860158));
#5556=CARTESIAN_POINT('',(16.4616343288031,12.9424312906339,0.814729200548559));
#5557=CARTESIAN_POINT('Origin',(16.5487933478104,12.8969236251098,0.832959883043465));
#5558=CARTESIAN_POINT('Origin',(16.4367206232354,12.8453196088041,0.636404660991366));
#5559=CARTESIAN_POINT('Ctrl Pts',(16.4616343288029,12.9424312906348,0.814729200551581));
#5560=CARTESIAN_POINT('Ctrl Pts',(16.4858536251816,12.9763362416909,0.78357321166183));
#5561=CARTESIAN_POINT('Ctrl Pts',(16.4852316107694,13.0090166731732,0.714932439488657));
#5562=CARTESIAN_POINT('Ctrl Pts',(16.4697728366525,13.0286816507118,0.65065630720707));
#5563=CARTESIAN_POINT('Ctrl Pts',(16.4696942225779,13.0287824538984,0.650327497138384));
#5564=CARTESIAN_POINT('Ctrl Pts',(16.4696151864349,13.0288823623038,0.65));
#5565=CARTESIAN_POINT('Ctrl Pts',(16.4608953781208,12.9324963675681,0.793462364295361));
#5566=CARTESIAN_POINT('Ctrl Pts',(16.4846670298856,12.9616986735455,0.770205862730704));
#5567=CARTESIAN_POINT('Ctrl Pts',(16.4898068482342,13.0037606670568,0.709534769644625));
#5568=CARTESIAN_POINT('Ctrl Pts',(16.4698123229021,13.0286292644533,0.65059851432204));
#5569=CARTESIAN_POINT('Ctrl Pts',(16.4697149116191,13.0287563011911,0.650299077761642));
#5570=CARTESIAN_POINT('Ctrl Pts',(16.4696151864349,13.0288823623038,0.65));
#5571=CARTESIAN_POINT('Ctrl Pts',(16.4727705484072,12.9083076442658,0.759148834718233));
#5572=CARTESIAN_POINT('Ctrl Pts',(16.4927218212917,12.9384137658356,0.747447916096657));
#5573=CARTESIAN_POINT('Ctrl Pts',(16.4972515865344,12.9948189728904,0.699968172668315));
#5574=CARTESIAN_POINT('Ctrl Pts',(16.4698837133195,13.0285368951342,0.650497805399175));
#5575=CARTESIAN_POINT('Ctrl Pts',(16.4697511174412,13.0287105339534,0.650249343852342));
#5576=CARTESIAN_POINT('Ctrl Pts',(16.4696151864349,13.0288823623038,0.65));
#5577=CARTESIAN_POINT('Ctrl Pts',(16.5026345247542,12.8821274430274,0.743737296071031));
#5578=CARTESIAN_POINT('Ctrl Pts',(16.5175360489925,12.9239929174522,0.729867027551634));
#5579=CARTESIAN_POINT('Ctrl Pts',(16.5039474946629,12.9857398323516,0.689844881759136));
#5580=CARTESIAN_POINT('Ctrl Pts',(16.4699582910023,13.0284454060226,0.650399101472781));
#5581=CARTESIAN_POINT('Ctrl Pts',(16.4697873232632,13.0286647667156,0.650199609943042));
#5582=CARTESIAN_POINT('Ctrl Pts',(16.4696151864349,13.0288823623038,0.65));
#5583=CARTESIAN_POINT('Ctrl Pts',(16.5169346809338,12.8720953016869,0.741479941521551));
#5584=CARTESIAN_POINT('Ctrl Pts',(16.5305065003355,12.9196243997378,0.723853696195425));
#5585=CARTESIAN_POINT('Ctrl Pts',(16.5067613807046,12.981805315136,0.685333501457302));
#5586=CARTESIAN_POINT('Ctrl Pts',(16.4699905435417,13.0284064236848,0.650357418661003));
#5587=CARTESIAN_POINT('Ctrl Pts',(16.4698028400441,13.0286451521851,0.650178295410485));
#5588=CARTESIAN_POINT('Ctrl Pts',(16.4696151864349,13.0288823623038,0.65));
#5589=CARTESIAN_POINT('',(16.4696151864355,13.0288823623031,0.649999999994295));
#5590=CARTESIAN_POINT('Ctrl Pts',(16.5169346809338,12.8720953016869,0.741479941521551));
#5591=CARTESIAN_POINT('Ctrl Pts',(16.5305065003355,12.9196243997378,0.723853696195425));
#5592=CARTESIAN_POINT('Ctrl Pts',(16.5067613807046,12.981805315136,0.685333501457302));
#5593=CARTESIAN_POINT('Ctrl Pts',(16.4699905435417,13.0284064236848,0.650357418661003));
#5594=CARTESIAN_POINT('Ctrl Pts',(16.4698028400441,13.0286451521851,0.650178295410485));
#5595=CARTESIAN_POINT('Ctrl Pts',(16.4696151864349,13.0288823623038,0.65));
#5596=CARTESIAN_POINT('Ctrl Pts',(16.4696151864349,13.0288823623038,0.65));
#5597=CARTESIAN_POINT('Ctrl Pts',(16.4696942225779,13.0287824538984,0.650327497138384));
#5598=CARTESIAN_POINT('Ctrl Pts',(16.4697728366525,13.0286816507118,0.65065630720707));
#5599=CARTESIAN_POINT('Ctrl Pts',(16.4852316107694,13.0090166731732,0.714932439488657));
#5600=CARTESIAN_POINT('Ctrl Pts',(16.4858536251816,12.9763362416909,0.78357321166183));
#5601=CARTESIAN_POINT('Ctrl Pts',(16.4616343288029,12.9424312906348,0.814729200551581));
#5602=CARTESIAN_POINT('Origin',(0.,0.,0.65));
#5603=CARTESIAN_POINT('',(19.3564040199589,7.88286898382312,0.75));
#5604=CARTESIAN_POINT('Origin',(0.,0.,0.75));
#5605=CARTESIAN_POINT('',(19.4490183932601,7.92058606030075,0.65));
#5606=CARTESIAN_POINT('Origin',(19.3564040199589,7.88286898382313,0.65));
#5607=CARTESIAN_POINT('Origin',(0.,0.,0.65));
#5608=CARTESIAN_POINT('Origin',(-9.19216697549299E-16,0.,0.75));
#5609=CARTESIAN_POINT('',(16.665040384835,7.06303256199615,0.75));
#5610=CARTESIAN_POINT('Origin',(0.,0.,0.75));
#5611=CARTESIAN_POINT('Origin',(19.2529915713887,3.39482187338848,0.75));
#5612=CARTESIAN_POINT('',(16.5124953737966,10.3995190528383,0.75));
#5613=CARTESIAN_POINT('Origin',(16.8874953737966,9.75,0.750000000000002));
#5614=CARTESIAN_POINT('Origin',(0.,0.,0.65));
#5615=CARTESIAN_POINT('',(16.57296833851,7.0240102826481,0.65));
#5616=CARTESIAN_POINT('Origin',(0.,0.,0.65));
#5617=CARTESIAN_POINT('Origin',(16.665040384835,7.06303256199615,0.65));
#5618=CARTESIAN_POINT('Ctrl Pts',(8.35871420770995,15.941514883907,0.812792733633719));
#5619=CARTESIAN_POINT('Ctrl Pts',(8.53893189129115,15.8470202186759,1.86380693508135));
#5620=CARTESIAN_POINT('Ctrl Pts',(9.36318398327479,15.4178889233045,3.3115458769811));
#5621=CARTESIAN_POINT('Ctrl Pts',(11.4348828863654,13.9845593154843,4.38817745933064));
#5622=CARTESIAN_POINT('Ctrl Pts',(13.4786862004623,12.0446132746844,3.71113757781095));
#5623=CARTESIAN_POINT('Ctrl Pts',(14.1658941095955,11.1064804386559,1.70819896264472));
#5624=CARTESIAN_POINT('Ctrl Pts',(14.2651047356633,10.9775583296358,0.649999999947163));
#5625=CARTESIAN_POINT('Ctrl Pts',(8.33652438796263,15.9531498108847,0.817670651632869));
#5626=CARTESIAN_POINT('Ctrl Pts',(8.51815288199345,15.8582422547743,1.8749787974674));
#5627=CARTESIAN_POINT('Ctrl Pts',(9.34877854255085,15.4272299501606,3.33091376073978));
#5628=CARTESIAN_POINT('Ctrl Pts',(11.4343403826446,13.9860681793958,4.41295897152143));
#5629=CARTESIAN_POINT('Ctrl Pts',(13.4900523704853,12.0333711754712,3.73271634327862));
#5630=CARTESIAN_POINT('Ctrl Pts',(14.1807770268386,11.0875228997875,1.71845522264963));
#5631=CARTESIAN_POINT('Ctrl Pts',(14.2805068826372,10.9575435655928,0.653904016902895));
#5632=CARTESIAN_POINT('Ctrl Pts',(8.30625533986101,15.9893110848633,0.826158980763827));
#5633=CARTESIAN_POINT('Ctrl Pts',(8.49034867099578,15.893306866358,1.89437616313815));
#5634=CARTESIAN_POINT('Ctrl Pts',(9.33218543359245,15.4573424446238,3.36461688131086));
#5635=CARTESIAN_POINT('Ctrl Pts',(11.4426507702309,13.9999988445494,4.45612039220312));
#5636=CARTESIAN_POINT('Ctrl Pts',(13.5215745053147,12.0244213145868,3.77027115726727));
#5637=CARTESIAN_POINT('Ctrl Pts',(14.2206494567876,11.0654747777432,1.7362572129154));
#5638=CARTESIAN_POINT('Ctrl Pts',(14.3215838179843,10.933701280792,0.660697430429537));
#5639=CARTESIAN_POINT('Ctrl Pts',(8.30505541050556,16.0357003236097,0.830559814191348));
#5640=CARTESIAN_POINT('Ctrl Pts',(8.49027156857348,15.9387584793027,1.90452363043659));
#5641=CARTESIAN_POINT('Ctrl Pts',(9.33729279210522,15.4985409098315,3.38329210943032));
#5642=CARTESIAN_POINT('Ctrl Pts',(11.4638074181376,14.0282499026543,4.48211188287391));
#5643=CARTESIAN_POINT('Ctrl Pts',(13.5604939257426,12.0373153950884,3.79137975850993));
#5644=CARTESIAN_POINT('Ctrl Pts',(14.2658048045843,11.0729697590772,1.74553693149857));
#5645=CARTESIAN_POINT('Ctrl Pts',(14.3676315405687,10.9404449701639,0.66421242423697));
#5646=CARTESIAN_POINT('Ctrl Pts',(8.30990439830066,16.0542013089635,0.831396366813708));
#5647=CARTESIAN_POINT('Ctrl Pts',(8.49527112581815,15.9570068133198,1.90646674133178));
#5648=CARTESIAN_POINT('Ctrl Pts',(9.34307312784322,15.5156147017488,3.38734230355426));
#5649=CARTESIAN_POINT('Ctrl Pts',(11.4739630518305,14.0413330797909,4.48861640323841));
#5650=CARTESIAN_POINT('Ctrl Pts',(13.576160375063,12.0459603616549,3.79608007215316));
#5651=CARTESIAN_POINT('Ctrl Pts',(14.2830026710509,11.0810239007279,1.74729713070709));
#5652=CARTESIAN_POINT('Ctrl Pts',(14.3850478684129,10.948418326298,0.664877546295233));
#5653=CARTESIAN_POINT('',(8.30990439830185,16.0542013089635,0.831396366819873));
#5654=CARTESIAN_POINT('Ctrl Pts',(14.3678976686346,10.9708553240833,0.826419349585288));
#5655=CARTESIAN_POINT('Ctrl Pts',(14.2471297256117,11.1295600484032,1.84858613127401));
#5656=CARTESIAN_POINT('Ctrl Pts',(13.5342066951635,12.0857821364101,3.80990106185381));
#5657=CARTESIAN_POINT('Ctrl Pts',(11.4739630518305,14.0413330797909,4.48861640323841));
#5658=CARTESIAN_POINT('Ctrl Pts',(9.34307312784322,15.5156147017488,3.38734230355426));
#5659=CARTESIAN_POINT('Ctrl Pts',(8.49527112581815,15.9570068133198,1.90646674133178));
#5660=CARTESIAN_POINT('Ctrl Pts',(8.30990439830066,16.0542013089635,0.831396366813708));
#5661=CARTESIAN_POINT('',(8.35871420770995,15.941514883907,0.812792733633719));
#5662=CARTESIAN_POINT('Origin',(8.4051515088639,16.0300788554842,0.812792733633719));
#5663=CARTESIAN_POINT('Ctrl Pts',(8.35871420770995,15.941514883907,0.812792733633719));
#5664=CARTESIAN_POINT('Ctrl Pts',(8.53893189129115,15.8470202186759,1.86380693508135));
#5665=CARTESIAN_POINT('Ctrl Pts',(9.36318398327479,15.4178889233045,3.3115458769811));
#5666=CARTESIAN_POINT('Ctrl Pts',(11.4348828863654,13.9845593154843,4.38817745933064));
#5667=CARTESIAN_POINT('Ctrl Pts',(13.4786862004623,12.0446132746844,3.71113757781095));
#5668=CARTESIAN_POINT('Ctrl Pts',(14.1658941095955,11.1064804386559,1.70819896264472));
#5669=CARTESIAN_POINT('Ctrl Pts',(14.2651047356633,10.9775583296358,0.649999999947163));
#5670=CARTESIAN_POINT('Origin',(12.5664977693719,14.976168862976,0.1));
#5671=CARTESIAN_POINT('',(16.1280236462724,13.2271748922611,0.0975423937085279));
#5672=CARTESIAN_POINT('',(16.2177572284569,13.1831085286754,0.));
#5673=CARTESIAN_POINT('Origin',(16.2177572284569,13.1831085286754,0.1));
#5674=CARTESIAN_POINT('',(14.1840187478525,11.2438255127234,0.));
#5675=CARTESIAN_POINT('Origin',(12.5664977693719,14.976168862976,0.));
#5676=CARTESIAN_POINT('',(14.1442664505195,11.3355518177185,0.0975423937085272));
#5677=CARTESIAN_POINT('Origin',(14.1840187478525,11.2438255127234,0.1));
#5678=CARTESIAN_POINT('Origin',(12.5664977693719,14.976168862976,0.0975423937085279));
#5679=CARTESIAN_POINT('Ctrl Pts',(10.2140997862316,18.3486284380306,-4.77048955893622E-16));
#5680=CARTESIAN_POINT('Ctrl Pts',(10.2140997862316,18.3486284380306,0.579601028919987));
#5681=CARTESIAN_POINT('Ctrl Pts',(10.4617628962001,18.2156448612075,1.73933845155164));
#5682=CARTESIAN_POINT('Ctrl Pts',(11.4459283324021,17.6235388462042,3.10383468450574));
#5683=CARTESIAN_POINT('Ctrl Pts',(13.2260321053059,16.3923892092244,4.11689489559585));
#5684=CARTESIAN_POINT('Ctrl Pts',(15.0592753203094,14.6979831774799,3.62214958645482));
#5685=CARTESIAN_POINT('Ctrl Pts',(16.0882775792649,13.499910201014,1.82572680213093));
#5686=CARTESIAN_POINT('Ctrl Pts',(16.2854148708072,13.2584128303547,0.679378399717475));
#5687=CARTESIAN_POINT('Ctrl Pts',(16.2953541529949,13.2461856029753,0.1));
#5688=CARTESIAN_POINT('Ctrl Pts',(10.2307632200875,18.3393524326463,-4.73975434401415E-16));
#5689=CARTESIAN_POINT('Ctrl Pts',(10.2307632200875,18.3393524326463,0.576607958636192));
#5690=CARTESIAN_POINT('Ctrl Pts',(10.4768815537864,18.2068895460425,1.73039849262352));
#5691=CARTESIAN_POINT('Ctrl Pts',(11.4555248681533,17.6171284554271,3.08859137766385));
#5692=CARTESIAN_POINT('Ctrl Pts',(13.2269945964943,16.3909003812277,4.0976428252762));
#5693=CARTESIAN_POINT('Ctrl Pts',(15.0526171624544,14.7042156303957,3.60464250713928));
#5694=CARTESIAN_POINT('Ctrl Pts',(16.0771848897705,13.5130734621547,1.81632152731668));
#5695=CARTESIAN_POINT('Ctrl Pts',(16.2734344227637,13.2731282241808,0.675871031017903));
#5696=CARTESIAN_POINT('Ctrl Pts',(16.2833293309512,13.2609784452094,0.0994839933628412));
#5697=CARTESIAN_POINT('Ctrl Pts',(10.2550821332802,18.3145473213773,-4.6860666789038E-16));
#5698=CARTESIAN_POINT('Ctrl Pts',(10.2550821332802,18.3145473213773,0.571385237995612));
#5699=CARTESIAN_POINT('Ctrl Pts',(10.4984563561634,18.1831806912675,1.71478706376419));
#5700=CARTESIAN_POINT('Ctrl Pts',(11.4672448902594,17.5981758363524,3.06197202616618));
#5701=CARTESIAN_POINT('Ctrl Pts',(13.223148055301,16.3814628365373,4.06401090134403));
#5702=CARTESIAN_POINT('Ctrl Pts',(15.0345166248337,14.7087612420283,3.57406849789571));
#5703=CARTESIAN_POINT('Ctrl Pts',(16.0503875118639,13.5298376000506,1.79989890280094));
#5704=CARTESIAN_POINT('Ctrl Pts',(16.2448790372905,13.292622679156,0.669749934847992));
#5705=CARTESIAN_POINT('Ctrl Pts',(16.2546857343604,13.2806088018243,0.0985826429688409));
#5706=CARTESIAN_POINT('Ctrl Pts',(10.2683687606216,18.2676016598675,-4.6305587952184E-16));
#5707=CARTESIAN_POINT('Ctrl Pts',(10.2683687606216,18.2676016598675,0.565981429087251));
#5708=CARTESIAN_POINT('Ctrl Pts',(10.5089378661106,18.1376984962928,1.69861667393329));
#5709=CARTESIAN_POINT('Ctrl Pts',(11.4671734037038,17.558890058239,3.03390609792149));
#5710=CARTESIAN_POINT('Ctrl Pts',(13.2053321313039,16.3542925057459,4.0278768154673));
#5711=CARTESIAN_POINT('Ctrl Pts',(14.9990878384672,14.6979728033795,3.54163234182398));
#5712=CARTESIAN_POINT('Ctrl Pts',(16.0041346590709,13.5318805450439,1.78290032033175));
#5713=CARTESIAN_POINT('Ctrl Pts',(16.1964577766626,13.2974060684274,0.663416887882839));
#5714=CARTESIAN_POINT('Ctrl Pts',(16.2061554862843,13.2855296876181,0.097650711144193));
#5715=CARTESIAN_POINT('Ctrl Pts',(10.2609523994135,18.2193789765419,-4.60320224878034E-16));
#5716=CARTESIAN_POINT('Ctrl Pts',(10.2609523994135,18.2193789765419,0.563322055024946));
#5717=CARTESIAN_POINT('Ctrl Pts',(10.5002081690847,18.0904630434858,1.69060703791346));
#5718=CARTESIAN_POINT('Ctrl Pts',(11.4528244244207,17.5159056840672,3.01919032655548));
#5719=CARTESIAN_POINT('Ctrl Pts',(13.179956975579,16.3198605595201,4.0078001290252));
#5720=CARTESIAN_POINT('Ctrl Pts',(14.9613785331718,14.6743456662301,3.52429488888568));
#5721=CARTESIAN_POINT('Ctrl Pts',(15.9593578899637,13.5148967747153,1.77450429235342));
#5722=CARTESIAN_POINT('Ctrl Pts',(16.1503295478509,13.2816598216222,0.660298866304144));
#5723=CARTESIAN_POINT('Ctrl Pts',(16.1599591336497,13.2698467475024,0.0971913802849696));
#5724=CARTESIAN_POINT('Ctrl Pts',(10.239866348373,18.1917731522387,-4.61125496756551E-16));
#5725=CARTESIAN_POINT('Ctrl Pts',(10.239866348373,18.1917731522387,0.5640943934198));
#5726=CARTESIAN_POINT('Ctrl Pts',(10.4796275873148,18.0628923814957,1.69287876583052));
#5727=CARTESIAN_POINT('Ctrl Pts',(11.4330936227182,17.4888070931808,3.02189633439143));
#5728=CARTESIAN_POINT('Ctrl Pts',(13.1593873718381,16.2943903007413,4.0095799948035));
#5729=CARTESIAN_POINT('Ctrl Pts',(14.9382672186225,14.6505470906266,3.52692002334819));
#5730=CARTESIAN_POINT('Ctrl Pts',(15.9357875308349,13.489897355193,1.7769258447066));
#5731=CARTESIAN_POINT('Ctrl Pts',(16.1268037821899,13.2561263970316,0.661205009413435));
#5732=CARTESIAN_POINT('Ctrl Pts',(16.136434164497,13.2442894291449,0.0973265237397825));
#5733=CARTESIAN_POINT('Ctrl Pts',(10.2244692412216,18.1805195574741,-4.62411476792678E-16));
#5734=CARTESIAN_POINT('Ctrl Pts',(10.2244692412216,18.1805195574741,0.565356717567812));
#5735=CARTESIAN_POINT('Ctrl Pts',(10.4648954026093,18.0514218856116,1.69659236033632));
#5736=CARTESIAN_POINT('Ctrl Pts',(11.4203026008254,17.4766177642391,3.02755464802243));
#5737=CARTESIAN_POINT('Ctrl Pts',(13.1483900703136,16.281443475462,4.01571782762839));
#5738=CARTESIAN_POINT('Ctrl Pts',(14.9280641975157,14.636549578683,3.53313141033157));
#5739=CARTESIAN_POINT('Ctrl Pts',(15.9269980444314,13.473485419347,1.78085762537667));
#5740=CARTESIAN_POINT('Ctrl Pts',(16.1183747992412,13.2390448285774,0.662681953423119));
#5741=CARTESIAN_POINT('Ctrl Pts',(16.1280236462724,13.2271748922611,0.0975423937085283));
#5742=CARTESIAN_POINT('',(10.215287726544,18.3479670989437,0.1));
#5743=CARTESIAN_POINT('',(16.2953541529949,13.2461856029753,0.1));
#5744=CARTESIAN_POINT('Ctrl Pts',(10.2153245771498,18.3479687636966,0.0999991206032114));
#5745=CARTESIAN_POINT('Ctrl Pts',(10.2286820849328,18.3407633258943,0.646097280341996));
#5746=CARTESIAN_POINT('Ctrl Pts',(10.4806312049514,18.2042930714641,1.76549841944551));
#5747=CARTESIAN_POINT('Ctrl Pts',(11.4459283324021,17.6235388462042,3.10383468450574));
#5748=CARTESIAN_POINT('Ctrl Pts',(13.2260321053059,16.3923892092244,4.11689489559585));
#5749=CARTESIAN_POINT('Ctrl Pts',(15.0592753203094,14.6979831774799,3.62214958645482));
#5750=CARTESIAN_POINT('Ctrl Pts',(16.0882775792649,13.499910201014,1.82572680213093));
#5751=CARTESIAN_POINT('Ctrl Pts',(16.2854148708072,13.2584128303547,0.679378399717475));
#5752=CARTESIAN_POINT('Ctrl Pts',(16.2953541529949,13.2461856029753,0.1));
#5753=CARTESIAN_POINT('Origin',(16.2177572284569,13.1831085286754,0.1));
#5754=CARTESIAN_POINT('',(10.2244692412216,18.1805195574741,4.33680868994202E-18));
#5755=CARTESIAN_POINT('Ctrl Pts',(16.1280236462724,13.2271748922611,0.0975423937085283));
#5756=CARTESIAN_POINT('Ctrl Pts',(16.1183747992412,13.2390448285774,0.662681953423119));
#5757=CARTESIAN_POINT('Ctrl Pts',(15.9269980444314,13.473485419347,1.78085762537667));
#5758=CARTESIAN_POINT('Ctrl Pts',(14.9280641975157,14.636549578683,3.53313141033157));
#5759=CARTESIAN_POINT('Ctrl Pts',(13.1483900703136,16.281443475462,4.01571782762839));
#5760=CARTESIAN_POINT('Ctrl Pts',(11.4203026008254,17.4766177642391,3.02755464802243));
#5761=CARTESIAN_POINT('Ctrl Pts',(10.4648954026093,18.0514218856116,1.69659236033632));
#5762=CARTESIAN_POINT('Ctrl Pts',(10.2244692412216,18.1805195574741,0.565356717567812));
#5763=CARTESIAN_POINT('Ctrl Pts',(10.2244692412216,18.1805195574741,-4.62411476792678E-16));
#5764=CARTESIAN_POINT('',(10.2527190267023,18.2124065559579,0.));
#5765=CARTESIAN_POINT('Origin',(10.1654612158037,18.2612540169126,-8.67361738065758E-18));
#5766=CARTESIAN_POINT('Ctrl Pts',(10.2526953984668,18.2124262809822,-5.22752795616562E-18));
#5767=CARTESIAN_POINT('Ctrl Pts',(10.2550508369298,18.2166204318785,-2.39644326656215E-16));
#5768=CARTESIAN_POINT('Ctrl Pts',(10.2570787211884,18.2209341808699,0.000347101021603326));
#5769=CARTESIAN_POINT('Ctrl Pts',(10.2587747496239,18.2253307765356,0.00101798844713965));
#5770=CARTESIAN_POINT('Ctrl Pts',(10.2603758132027,18.2294811958587,0.0016513112146278));
#5771=CARTESIAN_POINT('Ctrl Pts',(10.2616813119194,18.2337055678974,0.00257319963358164));
#5772=CARTESIAN_POINT('Ctrl Pts',(10.2627017274642,18.2379708479636,0.00376482066989962));
#5773=CARTESIAN_POINT('Ctrl Pts',(10.2642895045498,18.244607667627,0.00561899526160995));
#5774=CARTESIAN_POINT('Ctrl Pts',(10.265153245272,18.2511950248329,0.00808210616037914));
#5775=CARTESIAN_POINT('Ctrl Pts',(10.26539827633,18.2576123304672,0.0110114906437203));
#5776=CARTESIAN_POINT('Ctrl Pts',(10.2655243005212,18.2609128743184,0.0125181294879865));
#5777=CARTESIAN_POINT('Ctrl Pts',(10.2654862979564,18.26416929895,0.014148121008166));
#5778=CARTESIAN_POINT('Ctrl Pts',(10.2652962792613,18.2673698655499,0.0158820431050356));
#5779=CARTESIAN_POINT('Ctrl Pts',(10.2652958204618,18.2673775933078,0.0158862296544722));
#5780=CARTESIAN_POINT('Ctrl Pts',(10.2652953607765,18.2673853207203,0.0158904167918417));
#5781=CARTESIAN_POINT('Ctrl Pts',(10.2652949002056,18.2673930477872,0.0158946045169352));
#5782=CARTESIAN_POINT('Ctrl Pts',(10.2648947902257,18.2741057528899,0.0195325908494803));
#5783=CARTESIAN_POINT('Ctrl Pts',(10.2638298382908,18.2805540127408,0.0236143211485566));
#5784=CARTESIAN_POINT('Ctrl Pts',(10.2622482453272,18.2866590983153,0.0280013736935681));
#5785=CARTESIAN_POINT('Ctrl Pts',(10.2608693997281,18.2919815615341,0.0318260417551576));
#5786=CARTESIAN_POINT('Ctrl Pts',(10.2590970325147,18.2970443220992,0.035882753917346));
#5787=CARTESIAN_POINT('Ctrl Pts',(10.2570056451004,18.3018167025119,0.0400780297154995));
#5788=CARTESIAN_POINT('Ctrl Pts',(10.2560439063772,18.3040113140951,0.0420072558175873));
#5789=CARTESIAN_POINT('Ctrl Pts',(10.2550119056874,18.3061504728262,0.0439714846828804));
#5790=CARTESIAN_POINT('Ctrl Pts',(10.2539145413897,18.3082312588362,0.0459654315181991));
#5791=CARTESIAN_POINT('Ctrl Pts',(10.2507229440108,18.3142830605848,0.0517646683867388));
#5792=CARTESIAN_POINT('Ctrl Pts',(10.2469825347404,18.3198405376993,0.0578156158707008));
#5793=CARTESIAN_POINT('Ctrl Pts',(10.2428408083914,18.3248793652565,0.0639849501440986));
#5794=CARTESIAN_POINT('Ctrl Pts',(10.2419478587628,18.325965728482,0.065315048823661));
#5795=CARTESIAN_POINT('Ctrl Pts',(10.241036063615,18.3270280126437,0.0666506342544604));
#5796=CARTESIAN_POINT('Ctrl Pts',(10.2401066015834,18.3280660096384,0.0679903438776116));
#5797=CARTESIAN_POINT('Ctrl Pts',(10.2350132868094,18.3337540799942,0.0753317549136506));
#5798=CARTESIAN_POINT('Ctrl Pts',(10.2293491048621,18.338764002483,0.0828677662750297));
#5799=CARTESIAN_POINT('Ctrl Pts',(10.2232443288102,18.3430174696102,0.0904462329839486));
#5800=CARTESIAN_POINT('Ctrl Pts',(10.2209290341326,18.3446306376801,0.0933204389312558));
#5801=CARTESIAN_POINT('Ctrl Pts',(10.2185498507681,18.3461348028492,0.0962006842411836));
#5802=CARTESIAN_POINT('Ctrl Pts',(10.216112230821,18.3475247545515,0.0990784208159808));
#5803=CARTESIAN_POINT('Ctrl Pts',(10.2158504478905,18.3476740254132,0.09938746912138));
#5804=CARTESIAN_POINT('Ctrl Pts',(10.2155879478794,18.3478220025701,0.099696544711618));
#5805=CARTESIAN_POINT('Ctrl Pts',(10.2153247365626,18.3479686777046,0.100005637701903));
#5806=CARTESIAN_POINT('Origin',(0.,0.,0.1));
#5807=CARTESIAN_POINT('',(3.94958398532651,20.5234204347826,0.));
#5808=CARTESIAN_POINT('Origin',(0.,0.,0.));
#5809=CARTESIAN_POINT('',(3.96848151635678,20.6216186186811,0.1));
#5810=CARTESIAN_POINT('Origin',(3.94958398532651,20.5234204347826,0.1));
#5811=CARTESIAN_POINT('Origin',(0.,0.,0.1));
#5812=CARTESIAN_POINT('Origin',(-7.29093471872377E-16,19.55,0.1));
#5813=CARTESIAN_POINT('',(3.85251876081615,20.4994975929349,0.0975423937085279));
#5814=CARTESIAN_POINT('Origin',(3.94958398532651,20.5234204347826,0.1));
#5815=CARTESIAN_POINT('',(3.6381970178318,17.7305815601023,0.));
#5816=CARTESIAN_POINT('Origin',(-7.29093471872377E-16,19.55,0.));
#5817=CARTESIAN_POINT('',(3.54878445902542,17.7752957021494,0.0975423937085281));
#5818=CARTESIAN_POINT('Origin',(3.6381970178318,17.7305815601023,0.1));
#5819=CARTESIAN_POINT('Origin',(-7.29093471872377E-16,19.55,0.0975423937085279));
#5820=CARTESIAN_POINT('Origin',(3.94958398532651,20.5234204347826,0.0999999999999999));
#5821=CARTESIAN_POINT('Origin',(3.94958398532651,20.5234204347826,0.0999999999999999));
#5822=CARTESIAN_POINT('Ctrl Pts',(14.1056540033892,11.1817049297802,0.0999999999999994));
#5823=CARTESIAN_POINT('Ctrl Pts',(14.0969533227044,11.1926807865126,0.653449727533636));
#5824=CARTESIAN_POINT('Ctrl Pts',(13.9356294052616,11.4000119092927,1.75389077265169));
#5825=CARTESIAN_POINT('Ctrl Pts',(13.2588800623435,12.1971830587332,3.09411177961597));
#5826=CARTESIAN_POINT('Ctrl Pts',(12.1913477310574,13.2782199443426,3.84346789682684));
#5827=CARTESIAN_POINT('Ctrl Pts',(10.4397825752438,14.7396664981512,3.81791027414095));
#5828=CARTESIAN_POINT('Ctrl Pts',(9.15656412749907,15.5047015695815,2.52282274435345));
#5829=CARTESIAN_POINT('Ctrl Pts',(8.64131676525727,15.7904996591119,0.967374881590356));
#5830=CARTESIAN_POINT('Ctrl Pts',(8.56129574786338,15.8336418779009,0.41522960314375));
#5831=CARTESIAN_POINT('Ctrl Pts',(8.56129574786338,15.8336418779009,5.84159649085704E-16));
#5832=CARTESIAN_POINT('Ctrl Pts',(14.086692146073,11.205625199564,0.0992232326699379));
#5833=CARTESIAN_POINT('Ctrl Pts',(14.0780325343496,11.2165098351434,0.648348505595048));
#5834=CARTESIAN_POINT('Ctrl Pts',(13.917386214943,11.4222162010437,1.74022119860082));
#5835=CARTESIAN_POINT('Ctrl Pts',(13.2445415222601,12.2123721609518,3.0688564477831));
#5836=CARTESIAN_POINT('Ctrl Pts',(12.1853272640455,13.2829867524418,3.81067572025118));
#5837=CARTESIAN_POINT('Ctrl Pts',(10.4505382916308,14.7306083163677,3.78556121434045));
#5838=CARTESIAN_POINT('Ctrl Pts',(9.17878247861642,15.4914764638307,2.50284095846036));
#5839=CARTESIAN_POINT('Ctrl Pts',(8.66755228592865,15.7761378761402,0.95982494418378));
#5840=CARTESIAN_POINT('Ctrl Pts',(8.58815398967719,15.8191195492282,0.411985714830758));
#5841=CARTESIAN_POINT('Ctrl Pts',(8.58815398967719,15.8191195492282,5.79622347066113E-16));
#5842=CARTESIAN_POINT('Ctrl Pts',(14.0767250316664,11.2526420817873,0.0981280654992599));
#5843=CARTESIAN_POINT('Ctrl Pts',(14.0681292512038,11.2634245690621,0.641215925667733));
#5844=CARTESIAN_POINT('Ctrl Pts',(13.9086358847033,11.4671756377358,1.72094369660623));
#5845=CARTESIAN_POINT('Ctrl Pts',(13.2415188286008,12.2492483501161,3.03343225026223));
#5846=CARTESIAN_POINT('Ctrl Pts',(12.1934224751689,13.3074371834747,3.76478247660973));
#5847=CARTESIAN_POINT('Ctrl Pts',(10.4794982605166,14.737795306069,3.74027212024463));
#5848=CARTESIAN_POINT('Ctrl Pts',(9.22133694822761,15.4921279127315,2.4748046282503));
#5849=CARTESIAN_POINT('Ctrl Pts',(8.71480332341522,15.7747909277585,0.949180009646779));
#5850=CARTESIAN_POINT('Ctrl Pts',(8.63619751747238,15.8174642176881,0.40745684387839));
#5851=CARTESIAN_POINT('Ctrl Pts',(8.63619751747238,15.8174642176881,5.73225175291695E-16));
#5852=CARTESIAN_POINT('Ctrl Pts',(14.1037220410387,11.3089928405584,0.0974310976998333));
#5853=CARTESIAN_POINT('Ctrl Pts',(14.0951822433454,11.3197314523241,0.636656194264942));
#5854=CARTESIAN_POINT('Ctrl Pts',(13.9367510918862,11.5226596966485,1.70874270188832));
#5855=CARTESIAN_POINT('Ctrl Pts',(13.2735874743958,12.3017478822301,3.01239679153248));
#5856=CARTESIAN_POINT('Ctrl Pts',(12.2305142619205,13.3562576324309,3.73933258195485));
#5857=CARTESIAN_POINT('Ctrl Pts',(10.5229768896132,14.781169918679,3.71487901889475));
#5858=CARTESIAN_POINT('Ctrl Pts',(9.26960629155721,15.5307862143043,2.45736062306161));
#5859=CARTESIAN_POINT('Ctrl Pts',(8.76529542118817,15.8114631228559,0.942456187631009));
#5860=CARTESIAN_POINT('Ctrl Pts',(8.68700895899661,15.8538319833324,0.404558527372646));
#5861=CARTESIAN_POINT('Ctrl Pts',(8.68700895899661,15.8538319833324,5.69153651805487E-16));
#5862=CARTESIAN_POINT('Ctrl Pts',(14.1282585939775,11.3286112696378,0.0974277467160177));
#5863=CARTESIAN_POINT('Ctrl Pts',(14.1197278617942,11.3393610459766,0.63662962195177));
#5864=CARTESIAN_POINT('Ctrl Pts',(13.9615061903437,11.542468502419,1.70873635217907));
#5865=CARTESIAN_POINT('Ctrl Pts',(13.2984114396028,12.3228528710878,3.013538916339));
#5866=CARTESIAN_POINT('Ctrl Pts',(12.2536515482563,13.3802350298759,3.74225199623859));
#5867=CARTESIAN_POINT('Ctrl Pts',(10.5409961052951,14.8092918660318,3.71754223110807));
#5868=CARTESIAN_POINT('Ctrl Pts',(9.28514702989561,15.5588208561841,2.45762649963922));
#5869=CARTESIAN_POINT('Ctrl Pts',(8.78044293848555,15.8390911082371,0.942462653441068));
#5870=CARTESIAN_POINT('Ctrl Pts',(8.70206776182324,15.8814015011558,0.404540512020475));
#5871=CARTESIAN_POINT('Ctrl Pts',(8.70206776182324,15.8814015011558,5.69133797618854E-16));
#5872=CARTESIAN_POINT('Ctrl Pts',(14.1442664505195,11.3355518177185,0.0975423937085273));
#5873=CARTESIAN_POINT('Ctrl Pts',(14.1357324491317,11.3463174095131,0.637390505918153));
#5874=CARTESIAN_POINT('Ctrl Pts',(13.9774990205964,11.5496766814648,1.71078704267746));
#5875=CARTESIAN_POINT('Ctrl Pts',(13.3137141926157,12.331576390478,3.01807069385494));
#5876=CARTESIAN_POINT('Ctrl Pts',(12.2666326220137,13.3919038081018,3.74901058798371));
#5877=CARTESIAN_POINT('Ctrl Pts',(10.5486222717778,14.8253533702983,3.7240810710409));
#5878=CARTESIAN_POINT('Ctrl Pts',(9.28998649250241,15.5757326334667,2.46082169386553));
#5879=CARTESIAN_POINT('Ctrl Pts',(8.78460974512588,15.8560556772662,0.943600615638267));
#5880=CARTESIAN_POINT('Ctrl Pts',(8.70612169364643,15.8983714187992,0.405024894292834));
#5881=CARTESIAN_POINT('Ctrl Pts',(8.70612169364643,15.8983714187992,5.69803304797533E-16));
#5882=CARTESIAN_POINT('',(8.70612169364643,15.8983714187992,2.84901652398766E-16));
#5883=CARTESIAN_POINT('Ctrl Pts',(8.70612169364643,15.8983714187992,5.69803304797533E-16));
#5884=CARTESIAN_POINT('Ctrl Pts',(8.70612169364643,15.8983714187992,0.405024894292834));
#5885=CARTESIAN_POINT('Ctrl Pts',(8.78460974512588,15.8560556772662,0.943600615638267));
#5886=CARTESIAN_POINT('Ctrl Pts',(9.28998649250241,15.5757326334667,2.46082169386553));
#5887=CARTESIAN_POINT('Ctrl Pts',(10.5486222717778,14.8253533702983,3.7240810710409));
#5888=CARTESIAN_POINT('Ctrl Pts',(12.2666326220137,13.3919038081018,3.74901058798371));
#5889=CARTESIAN_POINT('Ctrl Pts',(13.3137141926157,12.331576390478,3.01807069385494));
#5890=CARTESIAN_POINT('Ctrl Pts',(13.9774990205964,11.5496766814648,1.71078704267746));
#5891=CARTESIAN_POINT('Ctrl Pts',(14.1357324491317,11.3463174095131,0.637390505918153));
#5892=CARTESIAN_POINT('Ctrl Pts',(14.1442664505195,11.3355518177185,0.0975423937085273));
#5893=CARTESIAN_POINT('',(14.1056540033892,11.1817049297802,0.0999999999999999));
#5894=CARTESIAN_POINT('Origin',(14.1840187478525,11.2438255127234,0.0999999999999994));
#5895=CARTESIAN_POINT('',(8.56240859425357,15.833040108111,0.1));
#5896=CARTESIAN_POINT('Ctrl Pts',(14.1056540033892,11.1817049297802,0.0999999999999994));
#5897=CARTESIAN_POINT('Ctrl Pts',(14.0969533227044,11.1926807865126,0.653449727533636));
#5898=CARTESIAN_POINT('Ctrl Pts',(13.9356294052616,11.4000119092927,1.75389077265169));
#5899=CARTESIAN_POINT('Ctrl Pts',(13.2588800623435,12.1971830587332,3.09411177961597));
#5900=CARTESIAN_POINT('Ctrl Pts',(12.1913477310574,13.2782199443426,3.84346789682684));
#5901=CARTESIAN_POINT('Ctrl Pts',(10.4397825752438,14.7396664981512,3.81791027414095));
#5902=CARTESIAN_POINT('Ctrl Pts',(9.15656412749907,15.5047015695815,2.52282274435345));
#5903=CARTESIAN_POINT('Ctrl Pts',(8.65166043861484,15.7847622166698,0.998600746672224));
#5904=CARTESIAN_POINT('Ctrl Pts',(8.57126706412714,15.8282562974509,0.481613934657899));
#5905=CARTESIAN_POINT('Ctrl Pts',(8.56245236836609,15.8330175244135,0.0999987071223118));
#5906=CARTESIAN_POINT('',(8.69669145466304,15.8738009859766,0.));
#5907=CARTESIAN_POINT('Ctrl Pts',(8.56245191779155,15.8330177677897,0.0999791984730183));
#5908=CARTESIAN_POINT('Ctrl Pts',(8.56269475440424,15.8328864382373,0.0996950374575917));
#5909=CARTESIAN_POINT('Ctrl Pts',(8.56293818986031,15.8327562524003,0.0994108912424832));
#5910=CARTESIAN_POINT('Ctrl Pts',(8.56318221643657,15.832627208814,0.0991267675347951));
#5911=CARTESIAN_POINT('Ctrl Pts',(8.5698096582239,15.829122554241,0.0914103402427096));
#5912=CARTESIAN_POINT('Ctrl Pts',(8.57690079841076,15.8264414871671,0.0836747956293128));
#5913=CARTESIAN_POINT('Ctrl Pts',(8.58431764701184,15.8246004296716,0.0760835761771101));
#5914=CARTESIAN_POINT('Ctrl Pts',(8.5869574872957,15.8239451516683,0.0733816729846063));
#5915=CARTESIAN_POINT('Ctrl Pts',(8.5896385713286,15.8233967578691,0.0706979965548322));
#5916=CARTESIAN_POINT('Ctrl Pts',(8.59235436531054,15.8229575672393,0.0680397294017249));
#5917=CARTESIAN_POINT('Ctrl Pts',(8.59879527917221,15.8219159606101,0.0617352490662243));
#5918=CARTESIAN_POINT('Ctrl Pts',(8.605483934221,15.8214781654771,0.0555206047682579));
#5919=CARTESIAN_POINT('Ctrl Pts',(8.61232549532833,15.8217254471335,0.0495369521235438));
#5920=CARTESIAN_POINT('Ctrl Pts',(8.61599295540068,15.821858003956,0.0463293790540316));
#5921=CARTESIAN_POINT('Ctrl Pts',(8.61970382391102,15.8221879846055,0.0431881133297307));
#5922=CARTESIAN_POINT('Ctrl Pts',(8.62343868093789,15.8227320043255,0.0401344116317239));
#5923=CARTESIAN_POINT('Ctrl Pts',(8.62926276991757,15.8235803418209,0.0353725076876981));
#5924=CARTESIAN_POINT('Ctrl Pts',(8.63518602444953,15.8249533076876,0.0307881166739126));
#5925=CARTESIAN_POINT('Ctrl Pts',(8.64110977109937,15.8269520850024,0.0265181596367976));
#5926=CARTESIAN_POINT('Ctrl Pts',(8.64398128957352,15.8279209863285,0.0244483107319321));
#5927=CARTESIAN_POINT('Ctrl Pts',(8.64685231692902,15.8290373110612,0.022452303381964));
#5928=CARTESIAN_POINT('Ctrl Pts',(8.64970765877733,15.8303147714907,0.0205455029098727));
#5929=CARTESIAN_POINT('Ctrl Pts',(8.65212881768558,15.83139798144,0.0189286502895843));
#5930=CARTESIAN_POINT('Ctrl Pts',(8.65453864695523,15.832597159749,0.01737593317583));
#5931=CARTESIAN_POINT('Ctrl Pts',(8.65692742943972,15.8339144676407,0.0158966358888821));
#5932=CARTESIAN_POINT('Ctrl Pts',(8.6622850495875,15.8368689582012,0.0125788315259575));
#5933=CARTESIAN_POINT('Ctrl Pts',(8.66752796675622,15.840411404064,0.00964186403941133));
#5934=CARTESIAN_POINT('Ctrl Pts',(8.67252530510764,15.844558485656,0.00722087345357749));
#5935=CARTESIAN_POINT('Ctrl Pts',(8.67522519465464,15.8467990108023,0.0059128957429606));
#5936=CARTESIAN_POINT('Ctrl Pts',(8.67785262892419,15.8492159318197,0.00475551249879848));
#5937=CARTESIAN_POINT('Ctrl Pts',(8.6803805939805,15.8518105913255,0.00377005397172142));
#5938=CARTESIAN_POINT('Ctrl Pts',(8.6807499997239,15.852189742976,0.00362605117434269));
#5939=CARTESIAN_POINT('Ctrl Pts',(8.68111663971584,15.8525720379573,0.00348598804908373));
#5940=CARTESIAN_POINT('Ctrl Pts',(8.68148045582947,15.8529574527473,0.00334989637035503));
#5941=CARTESIAN_POINT('Ctrl Pts',(8.68655249699181,15.8583306058492,0.0014526120816436));
#5942=CARTESIAN_POINT('Ctrl Pts',(8.69107976758891,15.8643098190306,0.000326764701100313));
#5943=CARTESIAN_POINT('Ctrl Pts',(8.69494175960857,15.8708315583336,6.11449549252725E-5));
#5944=CARTESIAN_POINT('Ctrl Pts',(8.69553283607144,15.8718297081432,2.04919501447722E-5));
#5945=CARTESIAN_POINT('Ctrl Pts',(8.6961082298863,15.8728405659154,4.4365874709076E-16));
#5946=CARTESIAN_POINT('Ctrl Pts',(8.69666739653515,15.8738638968609,4.43658862688007E-16));
#5947=CARTESIAN_POINT('Origin',(8.60885850200482,15.9216065550058,5.84159649087853E-16));
#5948=CARTESIAN_POINT('Origin',(0.,0.,0.1));
#5949=CARTESIAN_POINT('',(3.61809648182168,17.6326225459581,0.1));
#5950=CARTESIAN_POINT('Origin',(0.,0.,0.1));
#5951=CARTESIAN_POINT('Origin',(3.6381970178318,17.7305815601023,0.1));
#5952=CARTESIAN_POINT('Origin',(0.,0.,0.));
#5953=CARTESIAN_POINT('Origin',(3.6381970178318,17.7305815601023,0.100000000000001));
#5954=CARTESIAN_POINT('Origin',(3.6381970178318,17.7305815601023,0.100000000000001));
#5955=CARTESIAN_POINT('Origin',(16.2177572284569,13.1831085286754,0.1));
#5956=CARTESIAN_POINT('Origin',(16.2177572284569,13.1831085286754,0.1));
#5957=CARTESIAN_POINT('Origin',(14.1840187478525,11.2438255127234,0.1));
#5958=CARTESIAN_POINT('Origin',(14.1840187478525,11.2438255127234,0.1));
#5959=CARTESIAN_POINT('Origin',(12.5664977693719,14.976168862976,0.));
#5960=CARTESIAN_POINT('Origin',(12.5664977693719,14.976168862976,0.));
#5961=CARTESIAN_POINT('Ctrl Pts',(3.85251876081615,20.4994975929349,0.0975423937085277));
#5962=CARTESIAN_POINT('Ctrl Pts',(3.8374964935931,20.5023885197293,0.662718582011939));
#5963=CARTESIAN_POINT('Ctrl Pts',(3.40115737439033,20.5925794281371,2.35661940132261));
#5964=CARTESIAN_POINT('Ctrl Pts',(0.897451484506419,20.9589403670042,4.16767998580461));
#5965=CARTESIAN_POINT('Ctrl Pts',(-2.12121082654166,20.7969587670182,3.48050430812828));
#5966=CARTESIAN_POINT('Ctrl Pts',(-3.58540790816053,20.550276646545,1.69249396183658));
#5967=CARTESIAN_POINT('Ctrl Pts',(-3.85381486312945,20.4992481238973,0.565366555836287));
#5968=CARTESIAN_POINT('Ctrl Pts',(-3.85381486312945,20.4992481238973,-1.38777878078145E-16));
#5969=CARTESIAN_POINT('Ctrl Pts',(3.84796057931137,20.5180142657171,0.097326523739782));
#5970=CARTESIAN_POINT('Ctrl Pts',(3.832973650876,20.5208918052574,0.661241556267823));
#5971=CARTESIAN_POINT('Ctrl Pts',(3.39796103211787,20.6106020136331,2.35138180831363));
#5972=CARTESIAN_POINT('Ctrl Pts',(0.897231257801747,20.9757980531976,4.16146697983615));
#5973=CARTESIAN_POINT('Ctrl Pts',(-2.11998793980942,20.8142838479252,3.4743360114892));
#5974=CARTESIAN_POINT('Ctrl Pts',(-3.58146270494195,20.5685330610757,1.68871398558171));
#5975=CARTESIAN_POINT('Ctrl Pts',(-3.84925366603513,20.5177659473338,0.564104209721465));
#5976=CARTESIAN_POINT('Ctrl Pts',(-3.84925366603513,20.5177659473338,-1.38522792333255E-16));
#5977=CARTESIAN_POINT('Ctrl Pts',(3.84955210680528,20.5527148625815,0.0971913295551513));
#5978=CARTESIAN_POINT('Ctrl Pts',(3.83458114818295,20.5555746092669,0.660335312457638));
#5979=CARTESIAN_POINT('Ctrl Pts',(3.40048324228092,20.6446320121767,2.34815079469686));
#5980=CARTESIAN_POINT('Ctrl Pts',(0.898683051715997,21.0083660875192,4.1598347989741));
#5981=CARTESIAN_POINT('Ctrl Pts',(-2.12252317760946,20.8474283159015,3.471681018479));
#5982=CARTESIAN_POINT('Ctrl Pts',(-3.58336760312583,20.6028802509531,1.68635582604537));
#5983=CARTESIAN_POINT('Ctrl Pts',(-3.85084377797161,20.5524680847178,0.563331857886473));
#5984=CARTESIAN_POINT('Ctrl Pts',(-3.85084377797161,20.5524680847178,-1.31246880207285E-16));
#5985=CARTESIAN_POINT('Ctrl Pts',(3.87486063692953,20.594422942523,0.0976506845352027));
#5986=CARTESIAN_POINT('Ctrl Pts',(3.85979679365586,20.5972873961019,0.663453530475819));
#5987=CARTESIAN_POINT('Ctrl Pts',(3.4230981206159,20.6864506218612,2.35925564181963));
#5988=CARTESIAN_POINT('Ctrl Pts',(0.904838898487342,21.0511323430752,4.18074054853068));
#5989=CARTESIAN_POINT('Ctrl Pts',(-2.13686223874856,20.8897446316726,3.48873844298858));
#5990=CARTESIAN_POINT('Ctrl Pts',(-3.60702524990381,20.6446543518526,1.69431745880763));
#5991=CARTESIAN_POINT('Ctrl Pts',(-3.87616032993461,20.5941757560398,0.565991278226878));
#5992=CARTESIAN_POINT('Ctrl Pts',(-3.87616032993461,20.5941757560398,-1.06807551677523E-16));
#5993=CARTESIAN_POINT('Ctrl Pts',(3.91519981154129,20.6218488272141,0.0985826056715884));
#5994=CARTESIAN_POINT('Ctrl Pts',(3.899964086838,20.6247485557448,0.669786916817083));
#5995=CARTESIAN_POINT('Ctrl Pts',(3.45800216947796,20.7150612441244,2.38177261594734));
#5996=CARTESIAN_POINT('Ctrl Pts',(0.913529133424626,21.0838000438774,4.21811431946978));
#5997=CARTESIAN_POINT('Ctrl Pts',(-2.15799144113876,20.9206554370906,3.52073145722403));
#5998=CARTESIAN_POINT('Ctrl Pts',(-3.64430733702025,20.6727194718043,1.71050677716804));
#5999=CARTESIAN_POINT('Ctrl Pts',(-3.9165143297342,20.6215985996302,0.571395181171663));
#6000=CARTESIAN_POINT('Ctrl Pts',(-3.9165143297342,20.6215985996302,-7.4840968702113E-17));
#6001=CARTESIAN_POINT('Ctrl Pts',(3.94976131255056,20.6252211866541,0.0994839933628407));
#6002=CARTESIAN_POINT('Ctrl Pts',(3.93437064827923,20.6281683239398,0.675908388593463));
#6003=CARTESIAN_POINT('Ctrl Pts',(3.4875317787486,20.7200585563823,2.40353206123689));
#6004=CARTESIAN_POINT('Ctrl Pts',(0.920616590916748,21.0940262690153,4.25281995522881));
#6005=CARTESIAN_POINT('Ctrl Pts',(-2.17554080228761,20.9286380485852,3.55091383479676));
#6006=CARTESIAN_POINT('Ctrl Pts',(-3.67610531239557,20.6769667418174,1.72616761111256));
#6007=CARTESIAN_POINT('Ctrl Pts',(-3.9510891997657,20.6249668569382,0.576617992697387));
#6008=CARTESIAN_POINT('Ctrl Pts',(-3.9510891997657,20.6249668569382,-5.10539657509266E-17));
#6009=CARTESIAN_POINT('Ctrl Pts',(3.96848151635678,20.6216186186811,0.0999999999999997));
#6010=CARTESIAN_POINT('Ctrl Pts',(3.95300707132233,20.6245965638284,0.679415951173238));
#6011=CARTESIAN_POINT('Ctrl Pts',(3.50353392481058,20.7175022640161,2.41599504761443));
#6012=CARTESIAN_POINT('Ctrl Pts',(0.924465226312402,21.0948908517101,4.27268578035751));
#6013=CARTESIAN_POINT('Ctrl Pts',(-2.18506034105415,20.9280335239607,3.5681965305553));
#6014=CARTESIAN_POINT('Ctrl Pts',(-3.69333049246986,20.6739261473865,1.73513679282263));
#6015=CARTESIAN_POINT('Ctrl Pts',(-3.96981663200267,20.6213616404998,0.579611115066226));
#6016=CARTESIAN_POINT('Ctrl Pts',(-3.96981663200267,20.6213616404998,-3.91413540367454E-17));
#6017=CARTESIAN_POINT('',(-3.85381486312945,20.4992481238973,-6.93889390390723E-17));
#6018=CARTESIAN_POINT('Ctrl Pts',(3.85251876081615,20.4994975929349,0.0975423937085277));
#6019=CARTESIAN_POINT('Ctrl Pts',(3.8374964935931,20.5023885197293,0.662718582011939));
#6020=CARTESIAN_POINT('Ctrl Pts',(3.40115737439033,20.5925794281371,2.35661940132261));
#6021=CARTESIAN_POINT('Ctrl Pts',(0.897451484506419,20.9589403670042,4.16767998580461));
#6022=CARTESIAN_POINT('Ctrl Pts',(-2.12121082654166,20.7969587670182,3.48050430812828));
#6023=CARTESIAN_POINT('Ctrl Pts',(-3.58540790816053,20.550276646545,1.69249396183658));
#6024=CARTESIAN_POINT('Ctrl Pts',(-3.85381486312945,20.4992481238973,0.565366555836287));
#6025=CARTESIAN_POINT('Ctrl Pts',(-3.85381486312945,20.4992481238973,-1.38777878078145E-16));
#6026=CARTESIAN_POINT('',(-3.85267083947815,20.5418335939768,0.));
#6027=CARTESIAN_POINT('Origin',(-3.95091274327509,20.5231646803068,-6.9388939041617E-17));
#6028=CARTESIAN_POINT('',(-3.96848151635678,20.6216186186811,0.1));
#6029=CARTESIAN_POINT('Ctrl Pts',(-3.85270069662291,20.5418340816123,6.53891507503218E-18));
#6030=CARTESIAN_POINT('Ctrl Pts',(-3.8535921500537,20.5465611165445,7.97135622683732E-18));
#6031=CARTESIAN_POINT('Ctrl Pts',(-3.85481142329464,20.5511692122767,0.000347102211835438));
#6032=CARTESIAN_POINT('Ctrl Pts',(-3.85633821162139,20.5556274321722,0.00101798602327651));
#6033=CARTESIAN_POINT('Ctrl Pts',(-3.85777951248458,20.5598360287871,0.00165130591418159));
#6034=CARTESIAN_POINT('Ctrl Pts',(-3.85949480605742,20.5639112665346,0.00257318748665196));
#6035=CARTESIAN_POINT('Ctrl Pts',(-3.86145480005496,20.5678345697955,0.00376478632361556));
#6036=CARTESIAN_POINT('Ctrl Pts',(-3.86450433953242,20.5739388069468,0.00561878572319678));
#6037=CARTESIAN_POINT('Ctrl Pts',(-3.86807669408304,20.5795397710332,0.00808159117284722));
#6038=CARTESIAN_POINT('Ctrl Pts',(-3.87201362231856,20.584612779549,0.011010517357778));
#6039=CARTESIAN_POINT('Ctrl Pts',(-3.87403892038811,20.5872225183451,0.0125172627677346));
#6040=CARTESIAN_POINT('Ctrl Pts',(-3.87616153443606,20.589692964493,0.014147376389855));
#6041=CARTESIAN_POINT('Ctrl Pts',(-3.87836470210918,20.5920228426164,0.0158814203447498));
#6042=CARTESIAN_POINT('Ctrl Pts',(-3.87837000459103,20.5920284500591,0.0158855937613704));
#6043=CARTESIAN_POINT('Ctrl Pts',(-3.87837530752645,20.5920340566728,0.0158897677621509));
#6044=CARTESIAN_POINT('Ctrl Pts',(-3.87838061091523,20.5920396624573,0.015893942346887));
#6045=CARTESIAN_POINT('Ctrl Pts',(-3.88300199203158,20.5969245517517,0.0195316818925542));
#6046=CARTESIAN_POINT('Ctrl Pts',(-3.88796262639608,20.6011793966329,0.0236130371382867));
#6047=CARTESIAN_POINT('Ctrl Pts',(-3.89309840209455,20.6048390495852,0.0279995367558822));
#6048=CARTESIAN_POINT('Ctrl Pts',(-3.89757572802691,20.608029504159,0.0318236501212674));
#6049=CARTESIAN_POINT('Ctrl Pts',(-3.90218753928709,20.6107679186365,0.0358796636065861));
#6050=CARTESIAN_POINT('Ctrl Pts',(-3.90685706429566,20.6130786423901,0.0400740867569161));
#6051=CARTESIAN_POINT('Ctrl Pts',(-3.90900432379572,20.6141412180317,0.0420028728626254));
#6052=CARTESIAN_POINT('Ctrl Pts',(-3.91116975784595,20.6151161154649,0.0439666266317224));
#6053=CARTESIAN_POINT('Ctrl Pts',(-3.91334773921555,20.6160042431033,0.0459600633270714));
#6054=CARTESIAN_POINT('Ctrl Pts',(-3.91968225395681,20.6185873035903,0.0517578420907951));
#6055=CARTESIAN_POINT('Ctrl Pts',(-3.92611941235778,20.6204385841434,0.0578070343238243));
#6056=CARTESIAN_POINT('Ctrl Pts',(-3.93253055611932,20.6216343337206,0.063974342236791));
#6057=CARTESIAN_POINT('Ctrl Pts',(-3.9339129933663,20.6218921736342,0.0653042010715964));
#6058=CARTESIAN_POINT('Ctrl Pts',(-3.9352943863738,20.6221194331604,0.0666395358257545));
#6059=CARTESIAN_POINT('Ctrl Pts',(-3.93667369779674,20.6223167116736,0.0679789838368923));
#6060=CARTESIAN_POINT('Ctrl Pts',(-3.94423288618239,20.6233978782766,0.0753197044896594));
#6061=CARTESIAN_POINT('Ctrl Pts',(-3.95179337691588,20.6235918073262,0.0828547287311321));
#6062=CARTESIAN_POINT('Ctrl Pts',(-3.95920489323144,20.6229224023489,0.0904318813940846));
#6063=CARTESIAN_POINT('Ctrl Pts',(-3.96201346180342,20.6226687336391,0.0933032172892202));
#6064=CARTESIAN_POINT('Ctrl Pts',(-3.96480090573835,20.6222906095354,0.0961805360632417));
#6065=CARTESIAN_POINT('Ctrl Pts',(-3.96755971066552,20.6217875533751,0.0990553107193939));
#6066=CARTESIAN_POINT('Ctrl Pts',(-3.96785617034213,20.6217334952338,0.0993642324399903));
#6067=CARTESIAN_POINT('Ctrl Pts',(-3.96815234746816,20.621677984733,0.0996731809807719));
#6068=CARTESIAN_POINT('Ctrl Pts',(-3.96844823227204,20.6216210192247,0.099982146465012));
#6069=CARTESIAN_POINT('Ctrl Pts',(-3.96844776956929,20.6216211067977,0.0999990640530026));
#6070=CARTESIAN_POINT('Ctrl Pts',(-3.95351627497256,20.6244471016964,0.645886365547489));
#6071=CARTESIAN_POINT('Ctrl Pts',(-3.67163923831838,20.6775806039054,1.76149902283076));
#6072=CARTESIAN_POINT('Ctrl Pts',(-2.18506034105415,20.9280335239607,3.5681965305553));
#6073=CARTESIAN_POINT('Ctrl Pts',(0.924465226312402,21.0948908517101,4.27268578035751));
#6074=CARTESIAN_POINT('Ctrl Pts',(3.50353392481058,20.7175022640161,2.41599504761443));
#6075=CARTESIAN_POINT('Ctrl Pts',(3.95300707132233,20.6245965638284,0.679415951173238));
#6076=CARTESIAN_POINT('Ctrl Pts',(3.96848151635678,20.6216186186811,0.0999999999999997));
#6077=CARTESIAN_POINT('Origin',(-7.29093471872377E-16,19.55,0.));
#6078=CARTESIAN_POINT('',(-3.5500000176633,17.7750462331118,-6.93889390390723E-17));
#6079=CARTESIAN_POINT('Ctrl Pts',(-3.5500000176633,17.7750462331118,-2.08166817117217E-16));
#6080=CARTESIAN_POINT('Ctrl Pts',(-3.5500000176633,17.7750462331118,0.540023445756453));
#6081=CARTESIAN_POINT('Ctrl Pts',(-3.32412139960661,17.8236918474371,1.61999384985817));
#6082=CARTESIAN_POINT('Ctrl Pts',(-2.35027200739219,17.9935495063595,2.95237805353059));
#6083=CARTESIAN_POINT('Ctrl Pts',(-0.88325526753349,18.1386983987107,3.72708006420315));
#6084=CARTESIAN_POINT('Ctrl Pts',(0.784971051216306,18.1439618632298,3.7512249270509));
#6085=CARTESIAN_POINT('Ctrl Pts',(2.27318936555438,18.004345091847,3.01703085924069));
#6086=CARTESIAN_POINT('Ctrl Pts',(3.03017880660578,17.8753720485549,2.03765556465098));
#6087=CARTESIAN_POINT('Ctrl Pts',(3.44056418549792,17.7981606256876,1.0400155846723));
#6088=CARTESIAN_POINT('Ctrl Pts',(3.53869134438329,17.7773667419214,0.50243066913408));
#6089=CARTESIAN_POINT('Ctrl Pts',(3.54878445902542,17.7752957021494,0.0975423937085283));
#6090=CARTESIAN_POINT('Origin',(-7.29093471872377E-16,19.55,0.));
#6091=CARTESIAN_POINT('Ctrl Pts',(-3.5500000176633,17.7750462331118,-2.08166817117217E-16));
#6092=CARTESIAN_POINT('Ctrl Pts',(-3.5500000176633,17.7750462331118,0.540023445756453));
#6093=CARTESIAN_POINT('Ctrl Pts',(-3.32412139960661,17.8236918474371,1.61999384985817));
#6094=CARTESIAN_POINT('Ctrl Pts',(-2.35027200739219,17.9935495063595,2.95237805353059));
#6095=CARTESIAN_POINT('Ctrl Pts',(-0.88325526753349,18.1386983987107,3.72708006420315));
#6096=CARTESIAN_POINT('Ctrl Pts',(0.784971051216306,18.1439618632298,3.7512249270509));
#6097=CARTESIAN_POINT('Ctrl Pts',(2.27318936555438,18.004345091847,3.01703085924069));
#6098=CARTESIAN_POINT('Ctrl Pts',(3.03017880660578,17.8753720485549,2.03765556465098));
#6099=CARTESIAN_POINT('Ctrl Pts',(3.44056418549792,17.7981606256876,1.0400155846723));
#6100=CARTESIAN_POINT('Ctrl Pts',(3.53869134438329,17.7773667419214,0.50243066913408));
#6101=CARTESIAN_POINT('Ctrl Pts',(3.54878445902542,17.7752957021494,0.0975423937085283));
#6102=CARTESIAN_POINT('Ctrl Pts',(-3.53634553617118,17.7477365586614,-2.0835632274521E-16));
#6103=CARTESIAN_POINT('Ctrl Pts',(-3.53634553617118,17.7477365586614,0.538856052600539));
#6104=CARTESIAN_POINT('Ctrl Pts',(-3.31068957510304,17.7961005089988,1.61666228545445));
#6105=CARTESIAN_POINT('Ctrl Pts',(-2.33920918520173,17.9647228098759,2.94463289854495));
#6106=CARTESIAN_POINT('Ctrl Pts',(-0.878494707163775,18.1085186649753,3.71538049737815));
#6107=CARTESIAN_POINT('Ctrl Pts',(0.780800204969367,18.1137240467367,3.73931610281161));
#6108=CARTESIAN_POINT('Ctrl Pts',(2.26244813408604,17.9754251378074,3.00903321462143));
#6109=CARTESIAN_POINT('Ctrl Pts',(3.01749402157979,17.8474048815553,2.03292665063523));
#6110=CARTESIAN_POINT('Ctrl Pts',(3.42702171691946,17.7707155210919,1.03787085522431));
#6111=CARTESIAN_POINT('Ctrl Pts',(3.52505580706137,17.7500422801347,0.501353948872826));
#6112=CARTESIAN_POINT('Ctrl Pts',(3.5351319543564,17.747984466918,0.0973417614716365));
#6113=CARTESIAN_POINT('Ctrl Pts',(-3.5362177936728,17.6996636702477,-2.08623547654983E-16));
#6114=CARTESIAN_POINT('Ctrl Pts',(-3.5362177936728,17.6996636702477,0.540262982518527));
#6115=CARTESIAN_POINT('Ctrl Pts',(-3.31020379378289,17.7477270665731,1.62066299459522));
#6116=CARTESIAN_POINT('Ctrl Pts',(-2.33767351605556,17.9151442822082,2.95094430002681));
#6117=CARTESIAN_POINT('Ctrl Pts',(-0.87751540388538,18.0575919540523,3.72183043308748));
#6118=CARTESIAN_POINT('Ctrl Pts',(0.779800187412686,18.0627556912703,3.74583083065414));
#6119=CARTESIAN_POINT('Ctrl Pts',(2.26082424192408,17.9257478061973,3.01533747286182));
#6120=CARTESIAN_POINT('Ctrl Pts',(3.01663577282485,17.7986733634765,2.03772551118504));
#6121=CARTESIAN_POINT('Ctrl Pts',(3.42673777369662,17.722492268474,1.04041365021841));
#6122=CARTESIAN_POINT('Ctrl Pts',(3.52490728771149,17.7019551629145,0.50265091330402));
#6123=CARTESIAN_POINT('Ctrl Pts',(3.53500204201805,17.6999100198138,0.0975844280979842));
#6124=CARTESIAN_POINT('Ctrl Pts',(-3.57420015909525,17.6500432251803,-2.08793584741412E-16));
#6125=CARTESIAN_POINT('Ctrl Pts',(-3.57420015909525,17.6500432251803,0.546888783268538));
#6126=CARTESIAN_POINT('Ctrl Pts',(-3.34609931492857,17.6986285120309,1.64061477078866));
#6127=CARTESIAN_POINT('Ctrl Pts',(-2.36399948593652,17.8679751710565,2.98827740322748));
#6128=CARTESIAN_POINT('Ctrl Pts',(-0.887741612057852,18.0122532979575,3.77026817834771));
#6129=CARTESIAN_POINT('Ctrl Pts',(0.788940103635849,18.0174819703236,3.79460420373216));
#6130=CARTESIAN_POINT('Ctrl Pts',(2.28636504369332,17.8787129569279,3.05358785914558));
#6131=CARTESIAN_POINT('Ctrl Pts',(3.04966401529118,17.7501583284241,2.06308929218204));
#6132=CARTESIAN_POINT('Ctrl Pts',(3.4636991030779,17.6731231761352,1.05323786864308));
#6133=CARTESIAN_POINT('Ctrl Pts',(3.56278484005588,17.652359800849,0.50881954926429));
#6134=CARTESIAN_POINT('Ctrl Pts',(3.57297312239379,17.6502922780792,0.0987847759799672));
#6135=CARTESIAN_POINT('Ctrl Pts',(-3.60224470759231,17.6358764307049,-2.08794389054476E-16));
#6136=CARTESIAN_POINT('Ctrl Pts',(-3.60224470759231,17.6358764307049,0.551162486835871));
#6137=CARTESIAN_POINT('Ctrl Pts',(-3.37277127635157,17.6850541350543,1.65343517678798));
#6138=CARTESIAN_POINT('Ctrl Pts',(-2.38396932349533,17.8566340669341,3.01269041676902));
#6139=CARTESIAN_POINT('Ctrl Pts',(-0.895655703611096,18.0030848663283,3.80243203347736));
#6140=CARTESIAN_POINT('Ctrl Pts',(0.795994724636482,18.008391656475,3.82702646039712));
#6141=CARTESIAN_POINT('Ctrl Pts',(2.30574842408592,17.8675302997039,3.07862023923561));
#6142=CARTESIAN_POINT('Ctrl Pts',(3.07431913808654,17.737258956489,2.0795248901763));
#6143=CARTESIAN_POINT('Ctrl Pts',(3.49107081145199,17.6592423440364,1.06147952575121));
#6144=CARTESIAN_POINT('Ctrl Pts',(3.59075833952278,17.63822165997,0.512795701950238));
#6145=CARTESIAN_POINT('Ctrl Pts',(3.60101003698412,17.6361285704189,0.0995561329542509));
#6146=CARTESIAN_POINT('Ctrl Pts',(-3.61933578177973,17.6323682044905,-2.08766426318516E-16));
#6147=CARTESIAN_POINT('Ctrl Pts',(-3.61933578177973,17.6323682044905,0.553629478655331));
#6148=CARTESIAN_POINT('Ctrl Pts',(-3.38904548301808,17.68196392609,1.66081002143434));
#6149=CARTESIAN_POINT('Ctrl Pts',(-2.39617564251985,17.8551391091009,3.02676399592239));
#6150=CARTESIAN_POINT('Ctrl Pts',(-0.900506303753091,18.0031229336525,3.82098482772553));
#6151=CARTESIAN_POINT('Ctrl Pts',(0.800302478645757,18.0084891999554,3.84573802674984));
#6152=CARTESIAN_POINT('Ctrl Pts',(2.31758748410588,17.8661455453391,3.09304574609483));
#6153=CARTESIAN_POINT('Ctrl Pts',(3.08936183813255,17.7346535036068,2.08899483309772));
#6154=CARTESIAN_POINT('Ctrl Pts',(3.5077625363729,17.6559340489152,1.06621905115435));
#6155=CARTESIAN_POINT('Ctrl Pts',(3.60780623652813,17.6347340356243,0.515089542128136));
#6156=CARTESIAN_POINT('Ctrl Pts',(3.61809648182168,17.6326225459581,0.1));
#6157=CARTESIAN_POINT('',(-3.61809648182168,17.6326225459581,0.1));
#6158=CARTESIAN_POINT('Ctrl Pts',(3.61809648182168,17.6326225459581,0.1));
#6159=CARTESIAN_POINT('Ctrl Pts',(3.60780623652813,17.6347340356243,0.515089542128136));
#6160=CARTESIAN_POINT('Ctrl Pts',(3.5077625363729,17.6559340489152,1.06621905115435));
#6161=CARTESIAN_POINT('Ctrl Pts',(3.08936183813255,17.7346535036068,2.08899483309772));
#6162=CARTESIAN_POINT('Ctrl Pts',(2.31758748410588,17.8661455453391,3.09304574609483));
#6163=CARTESIAN_POINT('Ctrl Pts',(0.800302478645757,18.0084891999554,3.84573802674984));
#6164=CARTESIAN_POINT('Ctrl Pts',(-0.900506303753091,18.0031229336525,3.82098482772553));
#6165=CARTESIAN_POINT('Ctrl Pts',(-2.39617564251985,17.8551391091009,3.02676399592239));
#6166=CARTESIAN_POINT('Ctrl Pts',(-3.36911685371469,17.6854398540375,1.68822709998051));
#6167=CARTESIAN_POINT('Ctrl Pts',(-3.60507754537724,17.6354143173213,0.62012045057598));
#6168=CARTESIAN_POINT('Ctrl Pts',(-3.61808485691037,17.6326361266171,0.0999996367411212));
#6169=CARTESIAN_POINT('',(-3.5414304300508,17.7501625488081,0.));
#6170=CARTESIAN_POINT('Ctrl Pts',(-3.61808485907135,17.6326361261556,0.0999995503304551));
#6171=CARTESIAN_POINT('Ctrl Pts',(-3.61781421629826,17.632691600528,0.0997152984720555));
#6172=CARTESIAN_POINT('Ctrl Pts',(-3.61754383874793,17.6327482893378,0.0994310612796006));
#6173=CARTESIAN_POINT('Ctrl Pts',(-3.61727373174146,17.6328061880784,0.0991468464726664));
#6174=CARTESIAN_POINT('Ctrl Pts',(-3.61000221179972,17.6343648734762,0.0914955320424407));
#6175=CARTESIAN_POINT('Ctrl Pts',(-3.60289398702376,17.6368036299169,0.0838253246365961));
#6176=CARTESIAN_POINT('Ctrl Pts',(-3.5960686972157,17.6400784378668,0.0762957033255963));
#6177=CARTESIAN_POINT('Ctrl Pts',(-3.59355784806768,17.6412831557589,0.0735257486738019));
#6178=CARTESIAN_POINT('Ctrl Pts',(-3.59108560991542,17.6426013903639,0.0707747608606002));
#6179=CARTESIAN_POINT('Ctrl Pts',(-3.58865929852538,17.6440321341118,0.0680504747569458));
#6180=CARTESIAN_POINT('Ctrl Pts',(-3.58315191735567,17.6472797185761,0.0618667334409236));
#6181=CARTESIAN_POINT('Ctrl Pts',(-3.57783603331803,17.6511311293893,0.0557695043810926));
#6182=CARTESIAN_POINT('Ctrl Pts',(-3.57283356245593,17.6556097299654,0.0498920139370912));
#6183=CARTESIAN_POINT('Ctrl Pts',(-3.5699997201167,17.6581468057991,0.0465624830457094));
#6184=CARTESIAN_POINT('Ctrl Pts',(-3.56726721565181,17.6608854669097,0.0433033989508171));
#6185=CARTESIAN_POINT('Ctrl Pts',(-3.56466521713073,17.6638214306161,0.0401384304126342));
#6186=CARTESIAN_POINT('Ctrl Pts',(-3.56080552184012,17.6681765158319,0.0354436490502314));
#6187=CARTESIAN_POINT('Ctrl Pts',(-3.55720530882927,17.6729948431403,0.0309215318278841));
#6188=CARTESIAN_POINT('Ctrl Pts',(-3.55400260941527,17.6782712678631,0.026703225676488));
#6189=CARTESIAN_POINT('Ctrl Pts',(-3.55238115483481,17.6809426028618,0.0245675922789091));
#6190=CARTESIAN_POINT('Ctrl Pts',(-3.55086230420846,17.6837311559556,0.0225097854802487));
#6191=CARTESIAN_POINT('Ctrl Pts',(-3.54946892335009,17.6866346007381,0.0205465662779425));
#6192=CARTESIAN_POINT('Ctrl Pts',(-3.54832127904062,17.6890259942056,0.0189295802742636));
#6193=CARTESIAN_POINT('Ctrl Pts',(-3.54725889387075,17.6914953321941,0.0173767554546211));
#6194=CARTESIAN_POINT('Ctrl Pts',(-3.54628948939417,17.6940390046868,0.0158973671641282));
#6195=CARTESIAN_POINT('Ctrl Pts',(-3.54401946546896,17.6999954424335,0.0124331302071055));
#6196=CARTESIAN_POINT('Ctrl Pts',(-3.54226238197915,17.7063479679568,0.00938412406641305));
#6197=CARTESIAN_POINT('Ctrl Pts',(-3.54112683949616,17.7130311285047,0.00690409137380491));
#6198=CARTESIAN_POINT('Ctrl Pts',(-3.54058715635508,17.7162073981123,0.00572541963445283));
#6199=CARTESIAN_POINT('Ctrl Pts',(-3.5401883179738,17.7194578369646,0.00467525746881382));
#6200=CARTESIAN_POINT('Ctrl Pts',(-3.5399445353913,17.7227720080566,0.00377013258589996));
#6201=CARTESIAN_POINT('Ctrl Pts',(-3.53941215135052,17.7300096530916,0.00179347765981068));
#6202=CARTESIAN_POINT('Ctrl Pts',(-3.53962909361122,17.7373822122555,0.000558727464317325));
#6203=CARTESIAN_POINT('Ctrl Pts',(-3.54066440768911,17.7447599274152,0.000150161613072176));
#6204=CARTESIAN_POINT('Ctrl Pts',(-3.5409170063318,17.7465599616997,5.04786456757815E-5));
#6205=CARTESIAN_POINT('Ctrl Pts',(-3.54121851019541,17.748360160153,-3.16705626754595E-17));
#6206=CARTESIAN_POINT('Ctrl Pts',(-3.54157029358901,17.7501583143805,1.14436060206764E-17));
#6207=CARTESIAN_POINT('Origin',(-3.63944320279803,17.7303258056245,4.65396156236315E-29));
#6208=CARTESIAN_POINT('Origin',(0.,0.,0.));
#6209=CARTESIAN_POINT('',(16.7364675285059,6.62500223903863,0.1));
#6210=CARTESIAN_POINT('Origin',(0.,0.,0.1));
#6211=CARTESIAN_POINT('',(17.9930192498889,-0.501256693849738,0.1));
#6212=CARTESIAN_POINT('Ctrl Pts',(17.9930192498889,-0.501256693849738,0.0999999999999994));
#6213=CARTESIAN_POINT('Ctrl Pts',(17.9934092864999,-0.48725601049535,0.653449709983824));
#6214=CARTESIAN_POINT('Ctrl Pts',(18.0029775647495,-0.223959979313589,1.75434384624613));
#6215=CARTESIAN_POINT('Ctrl Pts',(17.9972206872037,0.820030756758015,3.09306961457235));
#6216=CARTESIAN_POINT('Ctrl Pts',(17.8738121968263,2.33898426532021,3.84575277052262));
#6217=CARTESIAN_POINT('Ctrl Pts',(17.5732483918731,4.01306443945936,3.82097491026506));
#6218=CARTESIAN_POINT('Ctrl Pts',(17.167775042018,5.46027546265239,3.02677024804959));
#6219=CARTESIAN_POINT('Ctrl Pts',(16.8317224400551,6.38898171186787,1.68821048540799));
#6220=CARTESIAN_POINT('Ctrl Pts',(16.7414778036822,6.61266645576267,0.620131093488413));
#6221=CARTESIAN_POINT('Ctrl Pts',(16.736482929661,6.62499322580354,0.0999996384934915));
#6222=CARTESIAN_POINT('',(17.0793473010528,-5.68294780637837,0.1));
#6223=CARTESIAN_POINT('Origin',(0.,0.,0.1));
#6224=CARTESIAN_POINT('',(13.4612508192311,-11.9496747395797,0.0999999999999998));
#6225=CARTESIAN_POINT('Ctrl Pts',(13.4612508192311,-11.9496747395797,0.0999999999999991));
#6226=CARTESIAN_POINT('Ctrl Pts',(13.4705490703969,-11.9392003045971,0.653449709983822));
#6227=CARTESIAN_POINT('Ctrl Pts',(13.6471254131039,-11.7436537979127,1.7543434941062));
#6228=CARTESIAN_POINT('Ctrl Pts',(14.3137791177767,-10.9402104168029,3.09306945926875));
#6229=CARTESIAN_POINT('Ctrl Pts',(15.195607195991,-9.69729968333115,3.84575307334021));
#6230=CARTESIAN_POINT('Ctrl Pts',(16.0414388179968,-8.2216816749706,3.82097506358063));
#6231=CARTESIAN_POINT('Ctrl Pts',(16.6610782347681,-6.85241889606088,3.02677143834341));
#6232=CARTESIAN_POINT('Ctrl Pts',(17.0006076136335,-5.92497983067864,1.68821121095747));
#6233=CARTESIAN_POINT('Ctrl Pts',(17.0752562178079,-5.69561817514964,0.620131133737334));
#6234=CARTESIAN_POINT('Ctrl Pts',(17.0793533153924,-5.68296461659726,0.0999996384226784));
#6235=CARTESIAN_POINT('',(9.43061065563529,-15.3317834142613,0.1));
#6236=CARTESIAN_POINT('Origin',(0.,0.,0.1));
#6237=CARTESIAN_POINT('',(2.63081352511671,-17.8067071688188,0.1));
#6238=CARTESIAN_POINT('Ctrl Pts',(2.63081352511671,-17.8067071688188,0.0999999999999997));
#6239=CARTESIAN_POINT('Ctrl Pts',(2.64466923577831,-17.8046600867467,0.653449709983825));
#6240=CARTESIAN_POINT('Ctrl Pts',(2.9048880030826,-17.7686124926723,1.75389226765506));
#6241=CARTESIAN_POINT('Ctrl Pts',(3.93364176396991,-17.5811134258391,3.09411664375334));
#6242=CARTESIAN_POINT('Ctrl Pts',(5.40361384485352,-17.1971219107176,3.84347607784091));
#6243=CARTESIAN_POINT('Ctrl Pts',(7.54505958675966,-16.4109393475849,3.81792118755651));
#6244=CARTESIAN_POINT('Ctrl Pts',(8.84920613935427,-15.6821582067328,2.52284005358966));
#6245=CARTESIAN_POINT('Ctrl Pts',(9.34418479780928,-15.384933273325,0.998606578531553));
#6246=CARTESIAN_POINT('Ctrl Pts',(9.42203972628115,-15.3370624870502,0.481616754440818));
#6247=CARTESIAN_POINT('Ctrl Pts',(9.43056936003142,-15.3318099469392,0.099998711799702));
#6248=CARTESIAN_POINT('',(-2.63081352511672,-17.8067071688188,0.1));
#6249=CARTESIAN_POINT('Origin',(0.,0.,0.1));
#6250=CARTESIAN_POINT('',(-9.4306106556353,-15.3317834142613,0.1));
#6251=CARTESIAN_POINT('Ctrl Pts',(-9.4306106556353,-15.3317834142613,0.0999999999999993));
#6252=CARTESIAN_POINT('Ctrl Pts',(-9.41868072648555,-15.339121537552,0.653449709983824));
#6253=CARTESIAN_POINT('Ctrl Pts',(-9.19544323494619,-15.4790577620465,1.75434363404165));
#6254=CARTESIAN_POINT('Ctrl Pts',(-8.28844257832276,-15.9960672177556,3.09306952074073));
#6255=CARTESIAN_POINT('Ctrl Pts',(-6.91128637115238,-16.6486691304409,3.84575295187968));
#6256=CARTESIAN_POINT('Ctrl Pts',(-5.31120892265518,-17.2254127027838,3.82097499982414));
#6257=CARTESIAN_POINT('Ctrl Pts',(-3.85514972981421,-17.5978682546027,3.02677096278925));
#6258=CARTESIAN_POINT('Ctrl Pts',(-2.88284122854439,-17.771191306431,1.68821091900046));
#6259=CARTESIAN_POINT('Ctrl Pts',(-2.64400179287186,-17.8048783756446,0.620131117539165));
#6260=CARTESIAN_POINT('Ctrl Pts',(-2.63082903390708,-17.8067160064791,0.0999996384506459));
#6261=CARTESIAN_POINT('',(-13.4612508192311,-11.9496747395797,0.1));
#6262=CARTESIAN_POINT('Origin',(0.,0.,0.1));
#6263=CARTESIAN_POINT('',(-17.0793473010528,-5.68294780637836,0.1));
#6264=CARTESIAN_POINT('Ctrl Pts',(-17.0793473010528,-5.68294780637836,0.0999999999999998));
#6265=CARTESIAN_POINT('Ctrl Pts',(-17.0705032986481,-5.70952728480171,1.20689941996765));
#6266=CARTESIAN_POINT('Ctrl Pts',(-16.8427669358999,-6.46000031900147,2.84270162335065));
#6267=CARTESIAN_POINT('Ctrl Pts',(-15.9963953385402,-8.31414011617445,3.84566323210612));
#6268=CARTESIAN_POINT('Ctrl Pts',(-15.1407089711034,-9.78116477214294,3.82054430951752));
#6269=CARTESIAN_POINT('Ctrl Pts',(-14.2650188632257,-11.0035401221956,3.02670566375868));
#6270=CARTESIAN_POINT('Ctrl Pts',(-13.63146206536,-11.7604729142338,1.68811124649537));
#6271=CARTESIAN_POINT('Ctrl Pts',(-13.4701766364883,-11.9397963058588,0.620125528711359));
#6272=CARTESIAN_POINT('Ctrl Pts',(-13.4612682528253,-11.9496714997717,0.0999996398970276));
#6273=CARTESIAN_POINT('',(-17.9930192498889,-0.501256693849735,0.1));
#6274=CARTESIAN_POINT('Origin',(0.,0.,0.1));
#6275=CARTESIAN_POINT('',(-16.7364675285059,6.62500223903864,0.1));
#6276=CARTESIAN_POINT('Ctrl Pts',(-16.7364675285059,6.62500223903864,0.0999999999999991));
#6277=CARTESIAN_POINT('Ctrl Pts',(-16.7416225587586,6.61197930058215,0.653449709983823));
#6278=CARTESIAN_POINT('Ctrl Pts',(-16.8406664194246,6.36783446829122,1.75434383697723));
#6279=CARTESIAN_POINT('Ctrl Pts',(-17.1923225738027,5.38483512384733,3.09306961045946));
#6280=CARTESIAN_POINT('Ctrl Pts',(-17.5958692274403,3.91527754619449,3.84575277837621));
#6281=CARTESIAN_POINT('Ctrl Pts',(-17.8860007552093,2.23935790674375,3.82097491400178));
#6282=CARTESIAN_POINT('Ctrl Pts',(-17.9999557659439,0.740744288890401,3.02677027911398));
#6283=CARTESIAN_POINT('Ctrl Pts',(-18.0018058686073,-0.246890836377828,
1.68821050412227));
#6284=CARTESIAN_POINT('Ctrl Pts',(-17.9935082854483,-0.487951233621466,
0.620131094526326));
#6285=CARTESIAN_POINT('Ctrl Pts',(-17.9930306398274,-0.501242956614085,
0.0999996384916105));
#6286=CARTESIAN_POINT('',(-14.1056540033892,11.1817049297802,0.1));
#6287=CARTESIAN_POINT('Origin',(0.,0.,0.1));
#6288=CARTESIAN_POINT('',(-8.56240859425356,15.833040108111,0.0999999999999999));
#6289=CARTESIAN_POINT('Ctrl Pts',(-8.56240859425356,15.833040108111,0.0999999999999994));
#6290=CARTESIAN_POINT('Ctrl Pts',(-8.5747285600143,15.8263775480474,0.653449709983823));
#6291=CARTESIAN_POINT('Ctrl Pts',(-8.80753821870855,15.7030169067517,1.75434334845495));
#6292=CARTESIAN_POINT('Ctrl Pts',(-9.70878133674514,15.1760361523092,3.09306939566108));
#6293=CARTESIAN_POINT('Ctrl Pts',(-10.9625290847859,14.3096853099898,3.84575320145171));
#6294=CARTESIAN_POINT('Ctrl Pts',(-12.2620413874847,13.2123494427988,3.82097513404997));
#6295=CARTESIAN_POINT('Ctrl Pts',(-13.3126279123311,12.1375919595067,3.02677193711786));
#6296=CARTESIAN_POINT('Ctrl Pts',(-13.9488836689,11.3822107997754,1.68821152011951));
#6297=CARTESIAN_POINT('Ctrl Pts',(-14.0974761566172,11.1922119919353,0.620131150893193));
#6298=CARTESIAN_POINT('Ctrl Pts',(-14.105653908733,11.1817227870629,0.0999996383938163));
#6299=CARTESIAN_POINT('Origin',(0.,0.,0.1));
#6300=CARTESIAN_POINT('',(8.18068352170527,16.0336027491547,0.65));
#6301=CARTESIAN_POINT('Ctrl Pts',(8.18068352170527,16.0336027491547,0.65));
#6302=CARTESIAN_POINT('Ctrl Pts',(8.22804674521877,16.009437029934,0.65));
#6303=CARTESIAN_POINT('Ctrl Pts',(8.31044773452786,15.9668465993718,0.687498226731214));
#6304=CARTESIAN_POINT('Ctrl Pts',(8.35196488226128,15.9450537999342,0.773431241724012));
#6305=CARTESIAN_POINT('Ctrl Pts',(8.35871420770888,15.9415148839075,0.812792733627416));
#6306=CARTESIAN_POINT('',(4.03943403307534,17.5408942956861,0.65));
#6307=CARTESIAN_POINT('Origin',(0.,0.,0.65));
#6308=CARTESIAN_POINT('',(3.84386167657196,17.5847868173425,0.812792733639747));
#6309=CARTESIAN_POINT('Ctrl Pts',(3.84386167657196,17.5847868173425,0.812792733639752));
#6310=CARTESIAN_POINT('Ctrl Pts',(3.85130673201636,17.5831594013493,0.77343123740434));
#6311=CARTESIAN_POINT('Ctrl Pts',(3.89711883507244,17.5731669502688,0.687498236056984));
#6312=CARTESIAN_POINT('Ctrl Pts',(3.98761826829839,17.5528267753055,0.65));
#6313=CARTESIAN_POINT('Ctrl Pts',(4.03943403307534,17.5408942956861,0.65));
#6314=CARTESIAN_POINT('',(3.83665592808316,17.5863603764254,0.850000000000001));
#6315=CARTESIAN_POINT('Origin',(-0.000141833302935157,18.38745877564,-2.61192896357232E-5));
#6316=CARTESIAN_POINT('',(-3.84386167657307,17.5847868173422,0.812792733633934));
#6317=CARTESIAN_POINT('Ctrl Pts',(-3.84386167657307,17.5847868173422,0.812792733633934));
#6318=CARTESIAN_POINT('Ctrl Pts',(-3.64798522460429,17.6276034858004,1.84837806733822));
#6319=CARTESIAN_POINT('Ctrl Pts',(-2.76363654500107,17.8234162014026,3.27706443550354));
#6320=CARTESIAN_POINT('Ctrl Pts',(-0.311745347912952,18.0590968922541,4.37426479539511));
#6321=CARTESIAN_POINT('Ctrl Pts',(2.4573089333602,17.9076323719525,3.78108255940022));
#6322=CARTESIAN_POINT('Ctrl Pts',(3.63383637449237,17.6309454212505,1.87145642743501));
#6323=CARTESIAN_POINT('Ctrl Pts',(3.83664947751704,17.5863678766593,0.849998386307737));
#6324=CARTESIAN_POINT('',(-4.03943403307534,17.5408942956861,0.65));
#6325=CARTESIAN_POINT('Ctrl Pts',(-4.03943403307534,17.5408942956861,0.65));
#6326=CARTESIAN_POINT('Ctrl Pts',(-3.98761826799349,17.5528267753757,0.649999999999999));
#6327=CARTESIAN_POINT('Ctrl Pts',(-3.89711883424554,17.5731669504515,0.687498236762752));
#6328=CARTESIAN_POINT('Ctrl Pts',(-3.85130673206479,17.5831594013387,0.773431237161304));
#6329=CARTESIAN_POINT('Ctrl Pts',(-3.84386167657421,17.584786817342,0.812792733627862));
#6330=CARTESIAN_POINT('',(-8.33367511059817,15.9546187403835,0.649999999982876));
#6331=CARTESIAN_POINT('Origin',(0.,0.,0.65));
#6332=CARTESIAN_POINT('',(-14.2478519626236,10.9999415658067,0.81279273363372));
#6333=CARTESIAN_POINT('Ctrl Pts',(-14.2478519626236,10.9999415658067,0.812792733633719));
#6334=CARTESIAN_POINT('Ctrl Pts',(-14.1234984113485,11.1610125114108,1.86380693508134));
#6335=CARTESIAN_POINT('Ctrl Pts',(-13.3889988904896,12.1552913016237,3.82066608320315));
#6336=CARTESIAN_POINT('Ctrl Pts',(-10.8672156797935,14.4892321786199,4.48783754539945));
#6337=CARTESIAN_POINT('Ctrl Pts',(-8.87480654256376,15.6729752784561,2.72032157627751));
#6338=CARTESIAN_POINT('Ctrl Pts',(-8.40577072905307,15.9169605881658,1.17909948129594));
#6339=CARTESIAN_POINT('Ctrl Pts',(-8.3336751105933,15.954618740386,0.649999999947162));
#6340=CARTESIAN_POINT('',(-14.3694555104714,10.8406064559408,0.65));
#6341=CARTESIAN_POINT('Ctrl Pts',(-14.3694555104714,10.8406064559408,0.649999999999998));
#6342=CARTESIAN_POINT('Ctrl Pts',(-14.3374323854925,10.883053792403,0.649999999999999));
#6343=CARTESIAN_POINT('Ctrl Pts',(-14.2811802183584,10.9568071739296,0.687498227447357));
#6344=CARTESIAN_POINT('Ctrl Pts',(-14.2525091226119,10.9939093041186,0.773431241869447));
#6345=CARTESIAN_POINT('Ctrl Pts',(-14.2478519626243,10.9999415658058,0.812792733627418));
#6346=CARTESIAN_POINT('',(-16.6393967528238,6.86516392390709,0.649999999982878));
#6347=CARTESIAN_POINT('Origin',(0.,0.,0.65));
#6348=CARTESIAN_POINT('',(-17.9851139681262,-0.731898595102763,0.812792733633719));
#6349=CARTESIAN_POINT('Ctrl Pts',(-17.9851139681262,-0.731898595102763,
0.812792733633719));
#6350=CARTESIAN_POINT('Ctrl Pts',(-17.9933880293046,-0.528578170294734,
1.86380693508135));
#6351=CARTESIAN_POINT('Ctrl Pts',(-18.0697679869442,0.705148151119981,3.8206281894491));
#6352=CARTESIAN_POINT('Ctrl Pts',(-17.6382540240445,4.1140548951957,4.48782908093857));
#6353=CARTESIAN_POINT('Ctrl Pts',(-16.8728655061148,6.30155956875578,2.72030328659456));
#6354=CARTESIAN_POINT('Ctrl Pts',(-16.6704190070652,6.7899739354071,1.17909948129594));
#6355=CARTESIAN_POINT('Ctrl Pts',(-16.6393967528217,6.86516392391216,0.649999999947163));
#6356=CARTESIAN_POINT('',(-17.9758490558086,-0.932121624459826,0.65));
#6357=CARTESIAN_POINT('Ctrl Pts',(-17.9758490558086,-0.932121624459826,
0.649999999999999));
#6358=CARTESIAN_POINT('Ctrl Pts',(-17.9786025414694,-0.87902099754868,0.649999999999999));
#6359=CARTESIAN_POINT('Ctrl Pts',(-17.9829186424605,-0.786364404177006,
0.687498246348588));
#6360=CARTESIAN_POINT('Ctrl Pts',(-17.9848040965101,-0.739513142210536,
0.773431232433764));
#6361=CARTESIAN_POINT('Ctrl Pts',(-17.9851139681261,-0.731898595103979,
0.812792733627428));
#6362=CARTESIAN_POINT('',(-17.1593597281072,-5.43657739036369,0.649999999982877));
#6363=CARTESIAN_POINT('Origin',(0.,0.,0.65));
#6364=CARTESIAN_POINT('',(-13.3069412656655,-12.1212752692169,0.812792733633719));
#6365=CARTESIAN_POINT('Ctrl Pts',(-13.3069412656655,-12.1212752692169,0.812792733633719));
#6366=CARTESIAN_POINT('Ctrl Pts',(-13.4439714141161,-11.9708412516273,1.86380693508136));
#6367=CARTESIAN_POINT('Ctrl Pts',(-14.0717253219653,-11.2856799191459,3.31154939497301));
#6368=CARTESIAN_POINT('Ctrl Pts',(-15.5282701933433,-9.23022456963404,4.38818407052368));
#6369=CARTESIAN_POINT('Ctrl Pts',(-16.785306169487,-6.70823230003602,3.71113402570808));
#6370=CARTESIAN_POINT('Ctrl Pts',(-17.1102261930943,-5.59165657740794,1.70819896264473));
#6371=CARTESIAN_POINT('Ctrl Pts',(-17.1593597281088,-5.43657739035846,0.649999999947162));
#6372=CARTESIAN_POINT('',(-13.171143048624,-12.2686996373977,0.65));
#6373=CARTESIAN_POINT('Ctrl Pts',(-13.171143048624,-12.2686996373977,0.649999999999997));
#6374=CARTESIAN_POINT('Ctrl Pts',(-13.1983243301874,-12.2395189941106,0.649999999999998));
#6375=CARTESIAN_POINT('Ctrl Pts',(-13.2616004676822,-12.1710690965138,0.677364570050949));
#6376=CARTESIAN_POINT('Ctrl Pts',(-13.3000987180202,-12.1287871339012,0.760310744610712));
#6377=CARTESIAN_POINT('Ctrl Pts',(-13.3069412656647,-12.1212752692178,0.812792733627418));
#6378=CARTESIAN_POINT('',(-9.65026758156831,-15.1944837228559,0.649999999982877));
#6379=CARTESIAN_POINT('Origin',(0.,0.,0.65));
#6380=CARTESIAN_POINT('',(-2.40230285482122,-17.8389725318954,0.812792733633719));
#6381=CARTESIAN_POINT('Ctrl Pts',(-2.40230285482122,-17.8389725318954,0.812792733633719));
#6382=CARTESIAN_POINT('Ctrl Pts',(-2.50313700799233,-17.8253936010689,1.33829983435754));
#6383=CARTESIAN_POINT('Ctrl Pts',(-3.08590875329545,-17.7481252278596,2.85825724071491));
#6384=CARTESIAN_POINT('Ctrl Pts',(-5.43100522796446,-17.2802694433349,4.52767567644575));
#6385=CARTESIAN_POINT('Ctrl Pts',(-8.55366813555392,-15.9270303007187,3.71052995930037));
#6386=CARTESIAN_POINT('Ctrl Pts',(-9.51294613014859,-15.2816988448081,1.70819896264472));
#6387=CARTESIAN_POINT('Ctrl Pts',(-9.65026758157295,-15.1944837228529,0.649999999947163));
#6388=CARTESIAN_POINT('',(-2.2035128280386,-17.8646167385889,0.65));
#6389=CARTESIAN_POINT('Ctrl Pts',(-2.2035128280386,-17.8646167385889,0.649999999999999));
#6390=CARTESIAN_POINT('Ctrl Pts',(-2.25628487243756,-17.8581075658203,0.649999999999999));
#6391=CARTESIAN_POINT('Ctrl Pts',(-2.34828328079261,-17.846268447779,0.687498243157159));
#6392=CARTESIAN_POINT('Ctrl Pts',(-2.3947501815016,-17.8399896201074,0.773431234253844));
#6393=CARTESIAN_POINT('Ctrl Pts',(-2.40230285482001,-17.8389725318955,0.812792733627426));
#6394=CARTESIAN_POINT('',(2.37429201716392,-17.8427222535473,0.649999999982878));
#6395=CARTESIAN_POINT('Origin',(0.,0.,0.65));
#6396=CARTESIAN_POINT('',(9.62639976041621,-15.2096162888042,0.812792733633719));
#6397=CARTESIAN_POINT('Ctrl Pts',(9.62639976041621,-15.2096162888042,0.812792733633719));
#6398=CARTESIAN_POINT('Ctrl Pts',(9.45445613801341,-15.3184420483812,1.86380693508134));
#6399=CARTESIAN_POINT('Ctrl Pts',(8.67069974902618,-15.8176645259824,3.31155283461812));
#6400=CARTESIAN_POINT('Ctrl Pts',(6.39353964877681,-16.8951665685937,4.38819060452759));
#6401=CARTESIAN_POINT('Ctrl Pts',(3.69156491828038,-17.6951529372125,3.71113046408643));
#6402=CARTESIAN_POINT('Ctrl Pts',(2.53554715171325,-17.821264385558,1.70819896264472));
#6403=CARTESIAN_POINT('Ctrl Pts',(2.37429201715848,-17.842722253548,0.649999999947163));
#6404=CARTESIAN_POINT('',(9.79516553410332,-15.1014811246948,0.65));
#6405=CARTESIAN_POINT('Ctrl Pts',(9.79516553410332,-15.1014811246948,0.65));
#6406=CARTESIAN_POINT('Ctrl Pts',(9.75055579573152,-15.1304160197675,0.650000000000001));
#6407=CARTESIAN_POINT('Ctrl Pts',(9.67247090695538,-15.1804821540722,0.68749822715842));
#6408=CARTESIAN_POINT('Ctrl Pts',(9.63283921430308,-15.2055406595328,0.773431241839385));
#6409=CARTESIAN_POINT('Ctrl Pts',(9.62639976041724,-15.2096162888036,0.812792733627417));
#6410=CARTESIAN_POINT('',(13.2878939937487,-12.1421527420346,0.649999999982877));
#6411=CARTESIAN_POINT('Origin',(0.,0.,0.65));
#6412=CARTESIAN_POINT('',(17.1508029422386,-5.46351154812536,0.81279273363372));
#6413=CARTESIAN_POINT('Ctrl Pts',(17.1508029422386,-5.46351154812536,0.812792733633719));
#6414=CARTESIAN_POINT('Ctrl Pts',(17.1199206389383,-5.560455847344,1.33829983435753));
#6415=CARTESIAN_POINT('Ctrl Pts',(16.9426390378572,-6.12095743754748,2.85826312439393));
#6416=CARTESIAN_POINT('Ctrl Pts',(16.074669116615,-8.34917992909946,4.52767870126764));
#6417=CARTESIAN_POINT('Ctrl Pts',(14.1997636850329,-11.1894201083598,3.71054204496749));
#6418=CARTESIAN_POINT('Ctrl Pts',(13.3976297418208,-12.0220622590136,1.70819896264472));
#6419=CARTESIAN_POINT('Ctrl Pts',(13.2878939937449,-12.1421527420387,0.649999999947162));
#6420=CARTESIAN_POINT('',(17.2105770816994,-5.27219465828837,0.65));
#6421=CARTESIAN_POINT('Ctrl Pts',(17.2105770816994,-5.27219465828837,0.649999999999998));
#6422=CARTESIAN_POINT('Ctrl Pts',(17.198896543589,-5.31032466192693,0.649999999999998));
#6423=CARTESIAN_POINT('Ctrl Pts',(17.1712552565395,-5.39934837125721,0.677364579652482));
#6424=CARTESIAN_POINT('Ctrl Pts',(17.1538871341961,-5.45382979527583,0.760310742334537));
#6425=CARTESIAN_POINT('Ctrl Pts',(17.150802942239,-5.4635115481242,0.812792733627419));
#6426=CARTESIAN_POINT('',(17.9839426921665,-0.76013501752765,0.649999999982877));
#6427=CARTESIAN_POINT('Origin',(0.,0.,0.65));
#6428=CARTESIAN_POINT('',(16.6501548174448,6.83903096608863,0.81279273363372));
#6429=CARTESIAN_POINT('Ctrl Pts',(16.6501548174448,6.83903096608863,0.81279273363372));
#6430=CARTESIAN_POINT('Ctrl Pts',(16.727469572512,6.65080215883159,1.86380693508134));
#6431=CARTESIAN_POINT('Ctrl Pts',(17.0829846479516,5.79227470763497,3.31155807222963));
#6432=CARTESIAN_POINT('Ctrl Pts',(17.7487083320571,3.36259224419307,4.38820069255095));
#6433=CARTESIAN_POINT('Ctrl Pts',(18.0673241281192,0.562730781718828,3.71112486644806));
#6434=CARTESIAN_POINT('Ctrl Pts',(17.9908124776614,-0.59760359113749,1.70819896264472));
#6435=CARTESIAN_POINT('Ctrl Pts',(17.9839426921663,-0.760135017533135,0.649999999947162));
#6436=CARTESIAN_POINT('Ctrl Pts',(16.57296833851,7.0240102826481,0.65));
#6437=CARTESIAN_POINT('Ctrl Pts',(16.5885300209191,6.98729290048568,0.650000000000001));
#6438=CARTESIAN_POINT('Ctrl Pts',(16.624578901889,6.90132931058903,0.677364577656889));
#6439=CARTESIAN_POINT('Ctrl Pts',(16.6462941348271,6.84843009932918,0.760310742924579));
#6440=CARTESIAN_POINT('Ctrl Pts',(16.6501548174444,6.83903096608976,0.81279273362742));
#6441=CARTESIAN_POINT('Ctrl Pts',(3.83665592808316,17.5863603764254,0.850000000000001));
#6442=CARTESIAN_POINT('Ctrl Pts',(3.83770843147345,17.5861307613552,0.844689513701139));
#6443=CARTESIAN_POINT('Ctrl Pts',(3.83944612991647,17.585751498569,0.835835060592238));
#6444=CARTESIAN_POINT('Ctrl Pts',(3.84184033915508,17.5852285814073,0.823431030341873));
#6445=CARTESIAN_POINT('Ctrl Pts',(3.843190837713,17.5849334561279,0.816339412562291));
#6446=CARTESIAN_POINT('Ctrl Pts',(3.84386167657196,17.5847868173425,0.812792733639747));
#6447=CARTESIAN_POINT('Ctrl Pts',(3.83665592808316,17.5863603764254,0.850000000000001));
#6448=CARTESIAN_POINT('Ctrl Pts',(3.84208625537564,17.5851756204531,0.845601942569996));
#6449=CARTESIAN_POINT('Ctrl Pts',(3.8506465471348,17.583306820397,0.838147857282767));
#6450=CARTESIAN_POINT('Ctrl Pts',(3.86559135876594,17.580040132522,0.828238163971929));
#6451=CARTESIAN_POINT('Ctrl Pts',(3.87579341890883,17.5778084509792,0.822872696900269));
#6452=CARTESIAN_POINT('Ctrl Pts',(3.88669673284318,17.5754234947771,0.821329090138322));
#6453=CARTESIAN_POINT('Ctrl Pts',(3.83665592808316,17.5863603764254,0.850000000000001));
#6454=CARTESIAN_POINT('Ctrl Pts',(3.84637546673484,17.5840669708673,0.846503937506344));
#6455=CARTESIAN_POINT('Ctrl Pts',(3.86090618091252,17.5761496545801,0.840477777406564));
#6456=CARTESIAN_POINT('Ctrl Pts',(3.89077580431364,17.5821186181656,0.833015920493657));
#6457=CARTESIAN_POINT('Ctrl Pts',(3.9096187208732,17.5773308625843,0.829361451857461));
#6458=CARTESIAN_POINT('Ctrl Pts',(3.93460438165228,17.5993932449935,0.829444410701021));
#6459=CARTESIAN_POINT('Ctrl Pts',(3.83665592808316,17.5863603764254,0.850000000000001));
#6460=CARTESIAN_POINT('Ctrl Pts',(3.8504263472902,17.5833562095965,0.847344756868036));
#6461=CARTESIAN_POINT('Ctrl Pts',(3.8733101829889,17.5761028416327,0.842917530297892));
#6462=CARTESIAN_POINT('Ctrl Pts',(3.91246583333077,17.5936892193789,0.836715515176621));
#6463=CARTESIAN_POINT('Ctrl Pts',(3.93486687843833,17.601557880577,0.833169706281147));
#6464=CARTESIAN_POINT('Ctrl Pts',(3.95368559764581,17.6397352863525,0.831396366819874));
#6465=CARTESIAN_POINT('',(3.95368559764581,17.6397352863525,0.831396366819878));
#6466=CARTESIAN_POINT('Origin',(3.86521646366403,17.6824800774388,0.812792733639747));
#6467=CARTESIAN_POINT('Ctrl Pts',(3.95368559764581,17.6397352863525,0.831396366819874));
#6468=CARTESIAN_POINT('Ctrl Pts',(3.94801226325514,17.6282258320297,0.831930980660541));
#6469=CARTESIAN_POINT('Ctrl Pts',(3.93994315568637,17.6178431450083,0.832901734687744));
#6470=CARTESIAN_POINT('Ctrl Pts',(3.93017441907788,17.6093171945624,0.834262615432918));
#6471=CARTESIAN_POINT('Ctrl Pts',(3.92527012775095,17.605036830939,0.834945831277816));
#6472=CARTESIAN_POINT('Ctrl Pts',(3.91993723206909,17.6012230107053,0.835727032568619));
#6473=CARTESIAN_POINT('Ctrl Pts',(3.91426329042117,17.5979613474682,0.836587613528313));
#6474=CARTESIAN_POINT('Ctrl Pts',(3.90844512285285,17.5946167760146,0.837470069595066));
#6475=CARTESIAN_POINT('Ctrl Pts',(3.90226843850228,17.5918526604259,0.83843596772816));
#6476=CARTESIAN_POINT('Ctrl Pts',(3.89586190261584,17.589684567747,0.839475300716145));
#6477=CARTESIAN_POINT('Ctrl Pts',(3.88289381150457,17.5852959209189,0.841579115495625));
#6478=CARTESIAN_POINT('Ctrl Pts',(3.86898411337912,17.5833457375509,0.84398867624641));
#6479=CARTESIAN_POINT('Ctrl Pts',(3.85515236423374,17.5839640139862,0.846523933563565));
#6480=CARTESIAN_POINT('Ctrl Pts',(3.84893907973372,17.5842417465673,0.847662782658259));
#6481=CARTESIAN_POINT('Ctrl Pts',(3.8427409657095,17.5850382594535,0.848827147365676));
#6482=CARTESIAN_POINT('Ctrl Pts',(3.83664879580994,17.586368026496,0.850001819683922));
#6483=CARTESIAN_POINT('Ctrl Pts',(8.30990439830073,16.0542013089638,0.831396366813709));
#6484=CARTESIAN_POINT('Ctrl Pts',(8.30673993418024,16.0568845896931,0.811715620862007));
#6485=CARTESIAN_POINT('Ctrl Pts',(8.28728009846365,16.0734324991268,0.768749113365607));
#6486=CARTESIAN_POINT('Ctrl Pts',(8.24849804814248,16.1050508040375,0.75));
#6487=CARTESIAN_POINT('Ctrl Pts',(8.22613176349252,16.1226783199833,0.75));
#6488=CARTESIAN_POINT('Ctrl Pts',(8.30343908124045,16.029533328492,0.830280963316864));
#6489=CARTESIAN_POINT('Ctrl Pts',(8.29979856375773,16.0321990927265,0.809493071239233));
#6490=CARTESIAN_POINT('Ctrl Pts',(8.27725996468633,16.0487073884291,0.764593951361022));
#6491=CARTESIAN_POINT('Ctrl Pts',(8.23522986193479,16.0794208871572,0.748292779233742));
#6492=CARTESIAN_POINT('Ctrl Pts',(8.21253368134801,16.0960269715138,0.75));
#6493=CARTESIAN_POINT('Ctrl Pts',(8.30930172461892,15.9822712044831,0.824997255886728));
#6494=CARTESIAN_POINT('Ctrl Pts',(8.30444373034958,15.985011340235,0.798597866379478));
#6495=CARTESIAN_POINT('Ctrl Pts',(8.27441728848234,16.0019431450656,0.741831117106354));
#6496=CARTESIAN_POINT('Ctrl Pts',(8.21877553461886,16.0331667040911,0.722261048426123));
#6497=CARTESIAN_POINT('Ctrl Pts',(8.18898794623219,16.0498788761521,0.724893531985397));
#6498=CARTESIAN_POINT('Ctrl Pts',(8.34207184289856,15.9502410791407,0.816451172128023));
#6499=CARTESIAN_POINT('Ctrl Pts',(8.33586310301471,15.9534860874681,0.78097336934233));
#6500=CARTESIAN_POINT('Ctrl Pts',(8.29763863642413,15.9735009768802,0.703782833406225));
#6501=CARTESIAN_POINT('Ctrl Pts',(8.22295978040964,16.0120485347844,0.671655839675702));
#6502=CARTESIAN_POINT('Ctrl Pts',(8.18068352170527,16.0336027491547,0.672439947525642));
#6503=CARTESIAN_POINT('Ctrl Pts',(8.35871420770888,15.9415148839075,0.812792733627416));
#6504=CARTESIAN_POINT('Ctrl Pts',(8.35196488226128,15.9450537999342,0.773431241724012));
#6505=CARTESIAN_POINT('Ctrl Pts',(8.31044773452786,15.9668465993718,0.687498226731214));
#6506=CARTESIAN_POINT('Ctrl Pts',(8.22804674521877,16.009437029934,0.65));
#6507=CARTESIAN_POINT('Ctrl Pts',(8.18068352170527,16.0336027491547,0.65));
#6508=CARTESIAN_POINT('',(8.22613176349252,16.1226783199833,0.75));
#6509=CARTESIAN_POINT('Ctrl Pts',(8.30990439830073,16.0542013089638,0.831396366813709));
#6510=CARTESIAN_POINT('Ctrl Pts',(8.30673993418024,16.0568845896931,0.811715620862007));
#6511=CARTESIAN_POINT('Ctrl Pts',(8.28728009846365,16.0734324991268,0.768749113365607));
#6512=CARTESIAN_POINT('Ctrl Pts',(8.24849804814248,16.1050508040375,0.75));
#6513=CARTESIAN_POINT('Ctrl Pts',(8.22613176349252,16.1226783199833,0.75));
#6514=CARTESIAN_POINT('Origin',(8.22613176349252,16.1226783199833,0.65));
#6515=CARTESIAN_POINT('Ctrl Pts',(9.76085522667151,18.4806846530089,0.75));
#6516=CARTESIAN_POINT('Ctrl Pts',(9.78572695931179,18.4761476294844,0.750000000000001));
#6517=CARTESIAN_POINT('Ctrl Pts',(9.82745358939779,18.468587583736,0.759232666848987));
#6518=CARTESIAN_POINT('Ctrl Pts',(9.87239433951928,18.460532379656,0.792026241140189));
#6519=CARTESIAN_POINT('Ctrl Pts',(9.88685425465816,18.4579572946317,0.817812680291658));
#6520=CARTESIAN_POINT('Ctrl Pts',(9.89028063882851,18.4573472484405,0.831396366819872));
#6521=CARTESIAN_POINT('Ctrl Pts',(9.77482862884644,18.5071411502243,0.749999999999999));
#6522=CARTESIAN_POINT('Ctrl Pts',(9.7990240643166,18.5013153306084,0.747655368988728));
#6523=CARTESIAN_POINT('Ctrl Pts',(9.84133561553356,18.4901683379963,0.753824002994897));
#6524=CARTESIAN_POINT('Ctrl Pts',(9.88844716660738,18.4766753096681,0.786786626493888));
#6525=CARTESIAN_POINT('Ctrl Pts',(9.90387352082304,18.472113622904,0.814762591421172));
#6526=CARTESIAN_POINT('Ctrl Pts',(9.90752150352306,18.471029578991,0.8296037971218));
#6527=CARTESIAN_POINT('Ctrl Pts',(9.79902260868016,18.5529487461188,0.724890605295196));
#6528=CARTESIAN_POINT('Ctrl Pts',(9.82525353431997,18.5411889467529,0.721275254128126));
#6529=CARTESIAN_POINT('Ctrl Pts',(9.87184599123531,18.5196712164862,0.728022196256783));
#6530=CARTESIAN_POINT('Ctrl Pts',(9.92430412183387,18.4947774169767,0.769609207375672));
#6531=CARTESIAN_POINT('Ctrl Pts',(9.94148289195881,18.4865045628075,0.805074962721127));
#6532=CARTESIAN_POINT('Ctrl Pts',(9.94555742451219,18.4845447194062,0.824003991610934));
#6533=CARTESIAN_POINT('Ctrl Pts',(9.80755788325846,18.5691089814922,0.672439947525641));
#6534=CARTESIAN_POINT('Ctrl Pts',(9.84105836231106,18.5513930189935,0.671363084112612));
#6535=CARTESIAN_POINT('Ctrl Pts',(9.89777682350982,18.5212389763073,0.686317877008021));
#6536=CARTESIAN_POINT('Ctrl Pts',(9.95908827051921,18.4882850561726,0.744717147030747));
#6537=CARTESIAN_POINT('Ctrl Pts',(9.97883443314313,18.4776400259791,0.791456602447406));
#6538=CARTESIAN_POINT('Ctrl Pts',(9.98351133713224,18.4751120265255,0.816154476063159));
#6539=CARTESIAN_POINT('Ctrl Pts',(9.80755788325846,18.5691089814922,0.65));
#6540=CARTESIAN_POINT('Ctrl Pts',(9.84453383555971,18.5495795688077,0.650000000000002));
#6541=CARTESIAN_POINT('Ctrl Pts',(9.90612907127318,18.5167875035322,0.668465333697976));
#6542=CARTESIAN_POINT('Ctrl Pts',(9.97179303935489,18.4814537178338,0.734052482280378));
#6543=CARTESIAN_POINT('Ctrl Pts',(9.99279706538341,18.4700849707894,0.785625360583317));
#6544=CARTESIAN_POINT('Ctrl Pts',(9.99777310839433,18.4673910683959,0.812792733639744));
#6545=CARTESIAN_POINT('',(9.99777310839433,18.4673910683959,0.812792733639745));
#6546=CARTESIAN_POINT('',(9.80755788325846,18.5691089814922,0.65));
#6547=CARTESIAN_POINT('Ctrl Pts',(9.99777310839433,18.4673910683959,0.812792733639744));
#6548=CARTESIAN_POINT('Ctrl Pts',(9.99279706538341,18.4700849707894,0.785625360583317));
#6549=CARTESIAN_POINT('Ctrl Pts',(9.97179303935489,18.4814537178338,0.734052482280378));
#6550=CARTESIAN_POINT('Ctrl Pts',(9.90612907127318,18.5167875035322,0.668465333697976));
#6551=CARTESIAN_POINT('Ctrl Pts',(9.84453383555971,18.5495795688077,0.650000000000002));
#6552=CARTESIAN_POINT('Ctrl Pts',(9.80755788325846,18.5691089814922,0.65));
#6553=CARTESIAN_POINT('',(9.76085522667151,18.4806846530089,0.75));
#6554=CARTESIAN_POINT('Origin',(9.76085522667152,18.4806846530089,0.65));
#6555=CARTESIAN_POINT('',(9.89028063882851,18.4573472484405,0.831396366819873));
#6556=CARTESIAN_POINT('Ctrl Pts',(9.76085522667151,18.4806846530089,0.75));
#6557=CARTESIAN_POINT('Ctrl Pts',(9.78572695931179,18.4761476294844,0.750000000000001));
#6558=CARTESIAN_POINT('Ctrl Pts',(9.82745358939779,18.468587583736,0.759232666848987));
#6559=CARTESIAN_POINT('Ctrl Pts',(9.87239433951928,18.460532379656,0.792026241140189));
#6560=CARTESIAN_POINT('Ctrl Pts',(9.88685425465816,18.4579572946317,0.817812680291658));
#6561=CARTESIAN_POINT('Ctrl Pts',(9.89028063882851,18.4573472484405,0.831396366819872));
#6562=CARTESIAN_POINT('Origin',(9.95016466502102,18.3794511109273,0.812792733639746));
#6563=CARTESIAN_POINT('Origin',(0.,0.,0.65));
#6564=CARTESIAN_POINT('',(4.42296795918437,20.5289394375849,0.65));
#6565=CARTESIAN_POINT('',(4.40190620699778,20.4311825831202,0.75));
#6566=CARTESIAN_POINT('Origin',(4.40190620699778,20.4311825831202,0.65));
#6567=CARTESIAN_POINT('Origin',(0.,0.,0.75));
#6568=CARTESIAN_POINT('Origin',(0.,0.,0.65));
#6569=CARTESIAN_POINT('Origin',(12.5664977693719,14.976168862976,0.85));
#6570=CARTESIAN_POINT('Origin',(12.5664977693719,14.976168862976,0.75));
#6571=CARTESIAN_POINT('Origin',(12.5664977693719,14.976168862976,0.831396366819873));
#6572=CARTESIAN_POINT('Ctrl Pts',(16.4696151864383,13.0288823622996,0.64999999996726));
#6573=CARTESIAN_POINT('Ctrl Pts',(16.3556838300769,13.1729012846263,1.76027776568223));
#6574=CARTESIAN_POINT('Ctrl Pts',(15.7264313274152,13.9736284436655,3.2736925212958));
#6575=CARTESIAN_POINT('Ctrl Pts',(13.8540079501037,15.8618190180236,4.38814948549941));
#6576=CARTESIAN_POINT('Ctrl Pts',(11.4750495179439,17.6833922604802,3.88789758696955));
#6577=CARTESIAN_POINT('Ctrl Pts',(10.199578023984,18.3581390494858,1.91457368979598));
#6578=CARTESIAN_POINT('Ctrl Pts',(9.99777310839433,18.4673910683959,0.812792733639745));
#6579=CARTESIAN_POINT('Ctrl Pts',(16.4831175754015,13.0118141945061,0.65358239516969));
#6580=CARTESIAN_POINT('Ctrl Pts',(16.3688142837018,13.1566150013303,1.77000044815151));
#6581=CARTESIAN_POINT('Ctrl Pts',(15.7375427663732,13.9617006808196,3.29209018300723));
#6582=CARTESIAN_POINT('Ctrl Pts',(13.8562084780647,15.8608119737067,4.41363520753957));
#6583=CARTESIAN_POINT('Ctrl Pts',(11.4637814679215,17.6917237848875,3.90999933031842));
#6584=CARTESIAN_POINT('Ctrl Pts',(10.1816061687698,18.3681416299236,1.92516050839357));
#6585=CARTESIAN_POINT('Ctrl Pts',(9.97875741337822,18.4776856792353,0.817275056870964));
#6586=CARTESIAN_POINT('Ctrl Pts',(16.4962738841249,12.9738131295228,0.659831812878503));
#6587=CARTESIAN_POINT('Ctrl Pts',(16.3812256578823,13.1197542810192,1.78693539909832));
#6588=CARTESIAN_POINT('Ctrl Pts',(15.7458584970254,13.9312650492459,3.32415723925321));
#6589=CARTESIAN_POINT('Ctrl Pts',(13.8493728787692,15.8468802652761,4.45794972690762));
#6590=CARTESIAN_POINT('Ctrl Pts',(11.4359400886649,17.6932652157314,3.948494045761));
#6591=CARTESIAN_POINT('Ctrl Pts',(10.1436725192786,18.3737365434239,1.94360209400959));
#6592=CARTESIAN_POINT('Ctrl Pts',(9.93925709778698,18.4839547711865,0.825094259435922));
#6593=CARTESIAN_POINT('Ctrl Pts',(16.486550268029,12.9353863615191,0.663799539866891));
#6594=CARTESIAN_POINT('Ctrl Pts',(16.3708096496749,13.0818741495743,1.79767191611105));
#6595=CARTESIAN_POINT('Ctrl Pts',(15.7315907872443,13.8963590454062,3.3436580758164));
#6596=CARTESIAN_POINT('Ctrl Pts',(13.8270122179474,15.8180761731305,4.48298214062297));
#6597=CARTESIAN_POINT('Ctrl Pts',(11.4057148308247,17.6715172633291,3.97131285996799));
#6598=CARTESIAN_POINT('Ctrl Pts',(10.108446730032,18.3566589370306,1.95526155697618));
#6599=CARTESIAN_POINT('Ctrl Pts',(9.90321128734942,18.4676089963534,0.830051939546319));
#6600=CARTESIAN_POINT('Ctrl Pts',(16.4787300056627,12.920849477155,0.66487754631579));
#6601=CARTESIAN_POINT('Ctrl Pts',(16.3627458756994,13.0674632798673,1.80056794113845));
#6602=CARTESIAN_POINT('Ctrl Pts',(15.7221557310782,13.8826176486484,3.34862254009405));
#6603=CARTESIAN_POINT('Ctrl Pts',(13.8159957126584,15.8048289517171,4.48858778912723));
#6604=CARTESIAN_POINT('Ctrl Pts',(11.3941740756223,17.6592226361088,3.97688585858708));
#6605=CARTESIAN_POINT('Ctrl Pts',(10.0957216017425,18.3461267665231,1.95839547257913));
#6606=CARTESIAN_POINT('Ctrl Pts',(9.89028063882851,18.4573472484405,0.831396366819873));
#6607=CARTESIAN_POINT('Ctrl Pts',(16.4696151864383,13.0288823622996,0.64999999996726));
#6608=CARTESIAN_POINT('Ctrl Pts',(16.3556838300769,13.1729012846263,1.76027776568223));
#6609=CARTESIAN_POINT('Ctrl Pts',(15.7264313274152,13.9736284436655,3.2736925212958));
#6610=CARTESIAN_POINT('Ctrl Pts',(13.8540079501037,15.8618190180236,4.38814948549941));
#6611=CARTESIAN_POINT('Ctrl Pts',(11.4750495179439,17.6833922604802,3.88789758696955));
#6612=CARTESIAN_POINT('Ctrl Pts',(10.199578023984,18.3581390494858,1.91457368979598));
#6613=CARTESIAN_POINT('Ctrl Pts',(9.99777310839433,18.4673910683959,0.812792733639745));
#6614=CARTESIAN_POINT('Ctrl Pts',(9.89028063882851,18.4573472484405,0.831396366819873));
#6615=CARTESIAN_POINT('Ctrl Pts',(10.0957216017425,18.3461267665231,1.95839547257913));
#6616=CARTESIAN_POINT('Ctrl Pts',(11.3941740756223,17.6592226361088,3.97688585858708));
#6617=CARTESIAN_POINT('Ctrl Pts',(13.8159957126584,15.8048289517171,4.48858778912723));
#6618=CARTESIAN_POINT('Ctrl Pts',(15.6884869134622,13.9165699827426,3.36875793360107));
#6619=CARTESIAN_POINT('Ctrl Pts',(16.3245937049841,13.1157503692906,1.89096424855443));
#6620=CARTESIAN_POINT('Ctrl Pts',(16.4615529661583,12.9425720453866,0.814696198468172));
#6621=CARTESIAN_POINT('Origin',(0.,0.,0.65));
#6622=CARTESIAN_POINT('',(4.06187533325909,17.6383437084399,0.75));
#6623=CARTESIAN_POINT('Origin',(4.06187533325909,17.6383437084399,0.65));
#6624=CARTESIAN_POINT('Origin',(0.,0.,0.75));
#6625=CARTESIAN_POINT('Ctrl Pts',(4.21187162874357,20.5732869853843,0.812792733675661));
#6626=CARTESIAN_POINT('Ctrl Pts',(4.20933840654201,20.5738055999707,0.825207503391166));
#6627=CARTESIAN_POINT('Ctrl Pts',(4.20674696651081,20.5743356458532,0.837611413093948));
#6628=CARTESIAN_POINT('Ctrl Pts',(4.20409827523052,20.5748768572792,0.849999999999999));
#6629=CARTESIAN_POINT('Ctrl Pts',(4.23305574449459,20.5689500616747,0.817275056898137));
#6630=CARTESIAN_POINT('Ctrl Pts',(4.21575186726899,20.5722247451602,0.82664691024888));
#6631=CARTESIAN_POINT('Ctrl Pts',(4.21206966461973,20.5732480502339,0.838791278577984));
#6632=CARTESIAN_POINT('Ctrl Pts',(4.20409827523052,20.5748768572792,0.849999999999999));
#6633=CARTESIAN_POINT('Ctrl Pts',(4.26734629017582,20.5483638244098,0.82509456636628));
#6634=CARTESIAN_POINT('Ctrl Pts',(4.22887151455236,20.5757155903569,0.829289741774334));
#6635=CARTESIAN_POINT('Ctrl Pts',(4.22138438631034,20.5713447578999,0.840856043175048));
#6636=CARTESIAN_POINT('Ctrl Pts',(4.20409827523052,20.5748768572792,0.849999999999999));
#6637=CARTESIAN_POINT('Ctrl Pts',(4.28445026760067,20.5126707611536,0.830051939559776));
#6638=CARTESIAN_POINT('Ctrl Pts',(4.25541117707118,20.5773683741401,0.834688646239732));
#6639=CARTESIAN_POINT('Ctrl Pts',(4.23069910800095,20.569441465566,0.842920807772112));
#6640=CARTESIAN_POINT('Ctrl Pts',(4.20409827523052,20.5748768572792,0.85));
#6641=CARTESIAN_POINT('Ctrl Pts',(4.28775959466405,20.4964981455741,0.831396366837831));
#6642=CARTESIAN_POINT('Ctrl Pts',(4.26920170902372,20.5751152612366,0.837603751695582));
#6643=CARTESIAN_POINT('Ctrl Pts',(4.23469113158264,20.5686257688515,0.843805706885139));
#6644=CARTESIAN_POINT('Ctrl Pts',(4.20409827523053,20.5748768572792,0.85));
#6645=CARTESIAN_POINT('',(4.21187162874357,20.5732869853843,0.812792733675661));
#6646=CARTESIAN_POINT('',(4.20409827523052,20.5748768572792,0.85));
#6647=CARTESIAN_POINT('Origin',(0.0012445021179508,21.3975447888568,0.000240258917410668));
#6648=CARTESIAN_POINT('',(4.28775959415491,20.4964981454621,0.831396368205529));
#6649=CARTESIAN_POINT('Ctrl Pts',(4.20408993109765,20.5748797407757,0.849990886244971));
#6650=CARTESIAN_POINT('Ctrl Pts',(4.21756875696678,20.5721253455949,0.84726504372435));
#6651=CARTESIAN_POINT('Ctrl Pts',(4.2304964219255,20.5668574813803,0.844587691818182));
#6652=CARTESIAN_POINT('Ctrl Pts',(4.24202011257878,20.5595463697577,0.842144469802191));
#6653=CARTESIAN_POINT('Ctrl Pts',(4.25021823966726,20.5543451348371,0.840406324862769));
#6654=CARTESIAN_POINT('Ctrl Pts',(4.2577067751394,20.5481069707826,0.838787651436861));
#6655=CARTESIAN_POINT('Ctrl Pts',(4.26416171315306,20.5409989585095,0.837332174481868));
#6656=CARTESIAN_POINT('Ctrl Pts',(4.26679224238649,20.5381022871492,0.836739035605773));
#6657=CARTESIAN_POINT('Ctrl Pts',(4.26925096095984,20.5350611759683,0.836173017030392));
#6658=CARTESIAN_POINT('Ctrl Pts',(4.27152514418469,20.531897101985,0.835638690936016));
#6659=CARTESIAN_POINT('Ctrl Pts',(4.27920389367098,20.5212136481596,0.833834545967448));
#6660=CARTESIAN_POINT('Ctrl Pts',(4.28477985505828,20.5091212718853,0.832393053147435));
#6661=CARTESIAN_POINT('Ctrl Pts',(4.2877595946916,20.4964981454574,0.831396366828605));
#6662=CARTESIAN_POINT('Origin',(4.19181509717813,20.4753189521206,0.812792733675661));
#6663=CARTESIAN_POINT('Ctrl Pts',(4.42296795918438,20.5289394375849,0.65));
#6664=CARTESIAN_POINT('Ctrl Pts',(4.38208947144112,20.5377467236144,0.65));
#6665=CARTESIAN_POINT('Ctrl Pts',(4.28630166889567,20.5580502720576,0.675333996638953));
#6666=CARTESIAN_POINT('Ctrl Pts',(4.22295858179613,20.5710172059836,0.758457989609524));
#6667=CARTESIAN_POINT('Ctrl Pts',(4.21187162816587,20.5732869855026,0.812792736506883));
#6668=CARTESIAN_POINT('Ctrl Pts',(4.42296795918438,20.5289394375849,0.679919930034188));
#6669=CARTESIAN_POINT('Ctrl Pts',(4.38721869505281,20.5365805770697,0.678440171026087));
#6670=CARTESIAN_POINT('Ctrl Pts',(4.3015547670974,20.5547487551037,0.69724167711347));
#6671=CARTESIAN_POINT('Ctrl Pts',(4.24324987633899,20.5668590608366,0.769539523885337));
#6672=CARTESIAN_POINT('Ctrl Pts',(4.23305574400642,20.5689500617753,0.817275059390346));
#6673=CARTESIAN_POINT('Ctrl Pts',(4.41768002361875,20.5043958030892,0.731727313370184));
#6674=CARTESIAN_POINT('Ctrl Pts',(4.39137261389894,20.5127177404002,0.727892028864727));
#6675=CARTESIAN_POINT('Ctrl Pts',(4.32461165893723,20.5326550966347,0.735590727157581));
#6676=CARTESIAN_POINT('Ctrl Pts',(4.27584696739456,20.5460221100153,0.788840511152384));
#6677=CARTESIAN_POINT('Ctrl Pts',(4.26734629150483,20.5483638259581,0.825094568542833));
#6678=CARTESIAN_POINT('Ctrl Pts',(4.40663245313644,20.4531191699648,0.749999999999998));
#6679=CARTESIAN_POINT('Ctrl Pts',(4.38440806958645,20.4645905789595,0.748277565888579));
#6680=CARTESIAN_POINT('Ctrl Pts',(4.32981894003199,20.4915919873962,0.757561601124756));
#6681=CARTESIAN_POINT('Ctrl Pts',(4.29119367888633,20.5095281580621,0.800986625578049));
#6682=CARTESIAN_POINT('Ctrl Pts',(4.28445026732865,20.5126707611324,0.830051941080396));
#6683=CARTESIAN_POINT('Ctrl Pts',(4.40190620699778,20.4311825831202,0.749999999999998));
#6684=CARTESIAN_POINT('Ctrl Pts',(4.37993701166657,20.4436942631731,0.749999999999998));
#6685=CARTESIAN_POINT('Ctrl Pts',(4.32826289878831,20.4732059270753,0.762666998319476));
#6686=CARTESIAN_POINT('Ctrl Pts',(4.29379337937865,20.4930279161648,0.804228994804765));
#6687=CARTESIAN_POINT('Ctrl Pts',(4.28775959439932,20.49649814553,0.831396368253443));
#6688=CARTESIAN_POINT('Ctrl Pts',(4.28775959439932,20.49649814553,0.831396368253443));
#6689=CARTESIAN_POINT('Ctrl Pts',(4.29379337937865,20.4930279161648,0.804228994804765));
#6690=CARTESIAN_POINT('Ctrl Pts',(4.32826289878831,20.4732059270753,0.762666998319476));
#6691=CARTESIAN_POINT('Ctrl Pts',(4.37993701166657,20.4436942631731,0.749999999999998));
#6692=CARTESIAN_POINT('Ctrl Pts',(4.40190620699778,20.4311825831202,0.749999999999998));
#6693=CARTESIAN_POINT('Ctrl Pts',(4.42296795918438,20.5289394375849,0.65));
#6694=CARTESIAN_POINT('Ctrl Pts',(4.38208947144112,20.5377467236144,0.65));
#6695=CARTESIAN_POINT('Ctrl Pts',(4.28630166984638,20.5580502718561,0.675333996387509));
#6696=CARTESIAN_POINT('Ctrl Pts',(4.22295858305351,20.5710172057262,0.758457987959488));
#6697=CARTESIAN_POINT('Ctrl Pts',(4.21187162874357,20.5732869853844,0.812792733675661));
#6698=CARTESIAN_POINT('Ctrl Pts',(3.84386167657196,17.5847868173425,0.812792733639752));
#6699=CARTESIAN_POINT('Ctrl Pts',(3.85130673201636,17.5831594013493,0.77343123740434));
#6700=CARTESIAN_POINT('Ctrl Pts',(3.89711883507244,17.5731669502688,0.687498236056984));
#6701=CARTESIAN_POINT('Ctrl Pts',(3.98761826829839,17.5528267753055,0.65));
#6702=CARTESIAN_POINT('Ctrl Pts',(4.03943403307534,17.5408942956861,0.65));
#6703=CARTESIAN_POINT('Ctrl Pts',(3.86833885158409,17.5794363473051,0.817670651638937));
#6704=CARTESIAN_POINT('Ctrl Pts',(3.87497870992137,17.5779690528698,0.783505987084288));
#6705=CARTESIAN_POINT('Ctrl Pts',(3.91593574524698,17.5689873597172,0.709216039207756));
#6706=CARTESIAN_POINT('Ctrl Pts',(3.99510582108137,17.5511470874097,0.678842457482911));
#6707=CARTESIAN_POINT('Ctrl Pts',(4.03943403307534,17.5408942956861,0.679919930034188));
#6708=CARTESIAN_POINT('Ctrl Pts',(3.91477263919251,17.5876768623438,0.82615959317919));
#6709=CARTESIAN_POINT('Ctrl Pts',(3.92007417831201,17.5867692481593,0.800997671345996));
#6710=CARTESIAN_POINT('Ctrl Pts',(3.952859254353,17.5811396551365,0.746984052192056));
#6711=CARTESIAN_POINT('Ctrl Pts',(4.0130754092225,17.5707869167246,0.72893794797529));
#6712=CARTESIAN_POINT('Ctrl Pts',(4.04506771935298,17.5653580930106,0.731730574178846));
#6713=CARTESIAN_POINT('Ctrl Pts',(3.94550793364859,17.6224458400558,0.830559814197511));
#6714=CARTESIAN_POINT('Ctrl Pts',(3.94992276366209,17.6222296928279,0.810033170318836));
#6715=CARTESIAN_POINT('Ctrl Pts',(3.97719058806754,17.6208892136579,0.765628174808112));
#6716=CARTESIAN_POINT('Ctrl Pts',(4.02863483866676,17.6180896425226,0.748745825863347));
#6717=CARTESIAN_POINT('Ctrl Pts',(4.05683951727379,17.6164761113539,0.75));
#6718=CARTESIAN_POINT('Ctrl Pts',(3.95368559764582,17.6397352863525,0.831396366819877));
#6719=CARTESIAN_POINT('Ctrl Pts',(3.95783449786207,17.6397567203189,0.811715618702171));
#6720=CARTESIAN_POINT('Ctrl Pts',(3.98337837765242,17.6399246131773,0.768749118028493));
#6721=CARTESIAN_POINT('Ctrl Pts',(4.03341101321791,17.6392170185474,0.75));
#6722=CARTESIAN_POINT('Ctrl Pts',(4.06187533325909,17.6383437084399,0.75));
#6723=CARTESIAN_POINT('Ctrl Pts',(4.06187533325909,17.6383437084399,0.75));
#6724=CARTESIAN_POINT('Ctrl Pts',(4.03341101321791,17.6392170185474,0.75));
#6725=CARTESIAN_POINT('Ctrl Pts',(3.98337837765242,17.6399246131773,0.768749118028493));
#6726=CARTESIAN_POINT('Ctrl Pts',(3.95783449786207,17.6397567203189,0.811715618702171));
#6727=CARTESIAN_POINT('Ctrl Pts',(3.95368559764582,17.6397352863525,0.831396366819877));
#6728=CARTESIAN_POINT('Origin',(-9.19216697549299E-16,0.,0.75));
#6729=CARTESIAN_POINT('Origin',(-6.93889390390723E-16,19.55,0.75));
#6730=CARTESIAN_POINT('',(5.96462332926111,18.5805212128195,0.75));
#6731=CARTESIAN_POINT('Origin',(6.66939279485054,18.3240061053252,0.750000000000002));
#6732=CARTESIAN_POINT('Origin',(-6.93889390390723E-16,19.55,0.85));
#6733=CARTESIAN_POINT('Origin',(-6.93889390390723E-16,19.55,0.831396366819873));
#6734=CARTESIAN_POINT('Ctrl Pts',(17.9839426921666,-0.76013501752502,0.65));
#6735=CARTESIAN_POINT('Ctrl Pts',(17.9839363289838,-0.760285563299034,0.650385595582869));
#6736=CARTESIAN_POINT('Ctrl Pts',(17.9839316981113,-0.760437219280341,0.650774018040408));
#6737=CARTESIAN_POINT('Ctrl Pts',(17.9826625808111,-0.789113827778759,0.724211029342548));
#6738=CARTESIAN_POINT('Ctrl Pts',(18.0083340982604,-0.82136124575151,0.805979100867138));
#6739=CARTESIAN_POINT('Ctrl Pts',(18.0582592741185,-0.831472445920019,0.826445439481786));
#6740=CARTESIAN_POINT('Ctrl Pts',(17.9839426921666,-0.760135017525021,0.649999999999999));
#6741=CARTESIAN_POINT('Ctrl Pts',(17.9838666443449,-0.760434068683722,0.650403831586714));
#6742=CARTESIAN_POINT('Ctrl Pts',(17.98399187263,-0.760498699633776,0.650581660475532));
#6743=CARTESIAN_POINT('Ctrl Pts',(17.9795357228021,-0.804860310380117,0.714916912593907));
#6744=CARTESIAN_POINT('Ctrl Pts',(18.0306761141536,-0.842918633501784,0.778103329677464));
#6745=CARTESIAN_POINT('Ctrl Pts',(18.0656917610906,-0.841937260609655,0.783674854816302));
#6746=CARTESIAN_POINT('Ctrl Pts',(17.9839426921666,-0.760135017525022,0.649999999999998));
#6747=CARTESIAN_POINT('Ctrl Pts',(17.9838645107119,-0.760480581741691,0.650365093050032));
#6748=CARTESIAN_POINT('Ctrl Pts',(17.9839851792665,-0.76066030037552,0.650442874863753));
#6749=CARTESIAN_POINT('Ctrl Pts',(17.9790158704365,-0.817129974938796,0.704443534000406));
#6750=CARTESIAN_POINT('Ctrl Pts',(18.029171767792,-0.875838199403888,0.750899058520336));
#6751=CARTESIAN_POINT('Ctrl Pts',(18.063769307519,-0.883683946844549,0.749229117184855));
#6752=CARTESIAN_POINT('Ctrl Pts',(17.9839426921666,-0.760135017525023,0.649999999999998));
#6753=CARTESIAN_POINT('Ctrl Pts',(17.9839275715753,-0.760492753771299,0.650208649113498));
#6754=CARTESIAN_POINT('Ctrl Pts',(17.9839140822727,-0.760853193026021,0.650419013096567));
#6755=CARTESIAN_POINT('Ctrl Pts',(17.980983181835,-0.828982071397082,0.690124220953402));
#6756=CARTESIAN_POINT('Ctrl Pts',(18.0044726582858,-0.906083632733462,0.735910287848466));
#6757=CARTESIAN_POINT('Ctrl Pts',(18.0538515223641,-0.92718816681525,0.747469144438608));
#6758=CARTESIAN_POINT('',(18.0538515223641,-0.92718816681525,0.747469144438607));
#6759=CARTESIAN_POINT('',(18.0582592741185,-0.831472445920019,0.826445439481786));
#6760=CARTESIAN_POINT('Origin',(18.0315255015235,-0.926041573673622,0.844938288877216));
#6761=CARTESIAN_POINT('Ctrl Pts',(18.0582592741185,-0.831472445920019,0.826445439481786));
#6762=CARTESIAN_POINT('Ctrl Pts',(18.0083340982604,-0.82136124575151,0.805979100867138));
#6763=CARTESIAN_POINT('Ctrl Pts',(17.9826625808111,-0.789113827778759,0.724211029342548));
#6764=CARTESIAN_POINT('Ctrl Pts',(17.9839316981113,-0.760437219280341,0.650774018040408));
#6765=CARTESIAN_POINT('Ctrl Pts',(17.9839363289838,-0.760285563299034,0.650385595582869));
#6766=CARTESIAN_POINT('Ctrl Pts',(17.9839426921666,-0.76013501752502,0.65));
#6767=CARTESIAN_POINT('Ctrl Pts',(17.9839426921666,-0.760135017525023,0.649999999999998));
#6768=CARTESIAN_POINT('Ctrl Pts',(17.9839275715753,-0.760492753771299,0.650208649113498));
#6769=CARTESIAN_POINT('Ctrl Pts',(17.9839140822727,-0.760853193026021,0.650419013096567));
#6770=CARTESIAN_POINT('Ctrl Pts',(17.980983181835,-0.828982071397082,0.690124220953402));
#6771=CARTESIAN_POINT('Ctrl Pts',(18.0044726582858,-0.906083632733462,0.735910287848466));
#6772=CARTESIAN_POINT('Ctrl Pts',(18.0538515223641,-0.92718816681525,0.747469144438608));
#6773=CARTESIAN_POINT('Ctrl Pts',(18.0757148838964,-0.937300077929052,0.75));
#6774=CARTESIAN_POINT('Ctrl Pts',(18.0684043184951,-0.933668807871664,0.75));
#6775=CARTESIAN_POINT('Ctrl Pts',(18.0610550174148,-0.930266941704952,0.749155375335038));
#6776=CARTESIAN_POINT('Ctrl Pts',(18.0538515223641,-0.927188166815242,0.747469144438607));
#6777=CARTESIAN_POINT('Ctrl Pts',(18.0826264910592,-0.911866868024402,0.75));
#6778=CARTESIAN_POINT('Ctrl Pts',(18.0749839295549,-0.908459504105931,0.750428090760828));
#6779=CARTESIAN_POINT('Ctrl Pts',(18.0671848154815,-0.905241331258913,0.749908395200024));
#6780=CARTESIAN_POINT('Ctrl Pts',(18.0595188281669,-0.902328612546271,0.748474843150749));
#6781=CARTESIAN_POINT('Ctrl Pts',(18.0946459149014,-0.867638004561503,0.769210161652226));
#6782=CARTESIAN_POINT('Ctrl Pts',(18.0849534402455,-0.864518581986065,0.769890321636769));
#6783=CARTESIAN_POINT('Ctrl Pts',(18.0751065180786,-0.8615648117597,0.769413903981586));
#6784=CARTESIAN_POINT('Ctrl Pts',(18.0653739175852,-0.858858355794776,0.767723037151465));
#6785=CARTESIAN_POINT('Ctrl Pts',(18.1005171424175,-0.846033165296627,0.811974725174064));
#6786=CARTESIAN_POINT('Ctrl Pts',(18.0874688591402,-0.842446265984994,0.812196616641371));
#6787=CARTESIAN_POINT('Ctrl Pts',(18.0743346834203,-0.839051942893405,0.810914560761454));
#6788=CARTESIAN_POINT('Ctrl Pts',(18.061444625678,-0.835957366501289,0.808115188910863));
#6789=CARTESIAN_POINT('Ctrl Pts',(18.1014814999501,-0.842484539489183,0.831396366819873));
#6790=CARTESIAN_POINT('Ctrl Pts',(18.0870158703963,-0.838553429369263,0.831396366819873));
#6791=CARTESIAN_POINT('Ctrl Pts',(18.0724868255566,-0.834849390331494,0.829744089460401));
#6792=CARTESIAN_POINT('Ctrl Pts',(18.0582592741185,-0.831472445920016,0.826445439481784));
#6793=CARTESIAN_POINT('',(18.0757148838964,-0.937300077929052,0.75));
#6794=CARTESIAN_POINT('Origin',(18.0741753353358,-0.965832336345701,0.651052354613258));
#6795=CARTESIAN_POINT('',(18.1014814999501,-0.842484539489183,0.831396366819873));
#6796=CARTESIAN_POINT('Origin',(18.0757148838964,-0.93730007792905,0.85));
#6797=CARTESIAN_POINT('Origin',(18.0999199483292,-0.871007549803377,0.636306189490155));
#6798=CARTESIAN_POINT('Origin',(19.2529915713887,3.39482187338848,0.85));
#6799=CARTESIAN_POINT('',(20.8851700021707,-0.787193737544827,0.75));
#6800=CARTESIAN_POINT('',(20.8494471212168,-0.695663520627931,0.831396366819873));
#6801=CARTESIAN_POINT('Origin',(20.8851700021707,-0.787193737544834,0.85));
#6802=CARTESIAN_POINT('Origin',(19.2529915713887,3.39482187338848,0.831396366819873));
#6803=CARTESIAN_POINT('Origin',(19.2529915713887,3.39482187338848,0.75));
#6804=CARTESIAN_POINT('Ctrl Pts',(20.9267294003166,-0.75628388575135,0.741479941521778));
#6805=CARTESIAN_POINT('Ctrl Pts',(20.9134871710028,-0.76523722941046,0.747180154212919));
#6806=CARTESIAN_POINT('Ctrl Pts',(20.8992565316942,-0.775858413621442,0.75));
#6807=CARTESIAN_POINT('Ctrl Pts',(20.8851700021707,-0.787193737544836,0.75));
#6808=CARTESIAN_POINT('Ctrl Pts',(20.9207213749504,-0.733781179970642,0.744489747587604));
#6809=CARTESIAN_POINT('Ctrl Pts',(20.9060160722885,-0.742168475023246,0.749678219293092));
#6810=CARTESIAN_POINT('Ctrl Pts',(20.890449436187,-0.752118934240598,0.751466883837026));
#6811=CARTESIAN_POINT('Ctrl Pts',(20.8755877380751,-0.762641778469666,0.749999999999999));
#6812=CARTESIAN_POINT('Ctrl Pts',(20.916344035124,-0.694778384748313,0.763549051239825));
#6813=CARTESIAN_POINT('Ctrl Pts',(20.8975898041414,-0.702170116666138,0.769814242235235));
#6814=CARTESIAN_POINT('Ctrl Pts',(20.8778005682801,-0.710857007184103,0.771542635638939));
#6815=CARTESIAN_POINT('Ctrl Pts',(20.8589246434764,-0.719947107088346,0.769212018444612));
#6816=CARTESIAN_POINT('Ctrl Pts',(20.9243638891902,-0.67220871430393,0.798779073359634));
#6817=CARTESIAN_POINT('Ctrl Pts',(20.9007604189235,-0.68001452101045,0.808413265963609));
#6818=CARTESIAN_POINT('Ctrl Pts',(20.8755337181716,-0.689284392030086,0.812735052274646));
#6819=CARTESIAN_POINT('Ctrl Pts',(20.8507841081638,-0.69908918793159,0.811974725174064));
#6820=CARTESIAN_POINT('Ctrl Pts',(20.9295779750759,-0.666857011104871,0.814729200551902));
#6821=CARTESIAN_POINT('Ctrl Pts',(20.9040055000577,-0.675176106262359,0.825880109073116));
#6822=CARTESIAN_POINT('Ctrl Pts',(20.8765667190026,-0.685079145370779,0.831396366819873));
#6823=CARTESIAN_POINT('Ctrl Pts',(20.8494471212168,-0.695663520627931,0.831396366819873));
#6824=CARTESIAN_POINT('',(20.9267294003166,-0.75628388575135,0.741479941521778));
#6825=CARTESIAN_POINT('Origin',(20.8837203513268,-0.818054830090596,0.650544788905782));
#6826=CARTESIAN_POINT('',(20.9295779750749,-0.666857011105862,0.814729200548955));
#6827=CARTESIAN_POINT('Origin',(20.9670938937084,-0.757742642890357,0.832959883043555));
#6828=CARTESIAN_POINT('Origin',(20.8480707835316,-0.72523465408299,0.636404660992434));
#6829=CARTESIAN_POINT('Ctrl Pts',(20.9295779750754,-0.66685701110514,0.814729200551691));
#6830=CARTESIAN_POINT('Ctrl Pts',(20.9699247149284,-0.656452175382081,0.783573211662093));
#6831=CARTESIAN_POINT('Ctrl Pts',(20.9904548137399,-0.631017678665357,0.714932407778698));
#6832=CARTESIAN_POINT('Ctrl Pts',(20.9912530965318,-0.606016734096248,0.650656307322166));
#6833=CARTESIAN_POINT('Ctrl Pts',(20.9912576697418,-0.605888982184786,0.650327497143593));
#6834=CARTESIAN_POINT('Ctrl Pts',(20.9912613444289,-0.605761644448383,0.650000000021454));
#6835=CARTESIAN_POINT('Ctrl Pts',(20.9226258605612,-0.673992615370609,0.793462364295443));
#6836=CARTESIAN_POINT('Ctrl Pts',(20.9596068827558,-0.666902474366594,0.770205862730913));
#6837=CARTESIAN_POINT('Ctrl Pts',(20.9905811779806,-0.637984943678674,0.709534760382635));
#6838=CARTESIAN_POINT('Ctrl Pts',(20.9912496714302,-0.606082245484292,0.6505985143584));
#6839=CARTESIAN_POINT('Ctrl Pts',(20.9912567078307,-0.605922314979704,0.650299077765472));
#6840=CARTESIAN_POINT('Ctrl Pts',(20.9912613444289,-0.605761644449391,0.650000000020595));
#6841=CARTESIAN_POINT('Ctrl Pts',(20.916172814506,-0.700153601742664,0.759146228228183));
#6842=CARTESIAN_POINT('Ctrl Pts',(20.9508082181529,-0.689915405617973,0.747445309606694));
#6843=CARTESIAN_POINT('Ctrl Pts',(20.9905363681647,-0.649619828675694,0.699967859496752));
#6844=CARTESIAN_POINT('Ctrl Pts',(20.9912449864811,-0.606198894158925,0.65049780645674));
#6845=CARTESIAN_POINT('Ctrl Pts',(20.9912550244861,-0.605980647370811,0.650249343853762));
#6846=CARTESIAN_POINT('Ctrl Pts',(20.9912613444288,-0.605761644451156,0.65000000001909));
#6847=CARTESIAN_POINT('Ctrl Pts',(20.9222233812922,-0.739406856415702,0.743737296071078));
#6848=CARTESIAN_POINT('Ctrl Pts',(20.9605492193628,-0.71691455752002,0.729867027551762));
#6849=CARTESIAN_POINT('Ctrl Pts',(20.989829967274,-0.660879108270629,0.68984488504714));
#6850=CARTESIAN_POINT('Ctrl Pts',(20.9912433075786,-0.606316915798479,0.650399101463963));
#6851=CARTESIAN_POINT('Ctrl Pts',(20.9912533411416,-0.606038979761918,0.650199609942051));
#6852=CARTESIAN_POINT('Ctrl Pts',(20.9912613444288,-0.60576164445292,0.650000000017586));
#6853=CARTESIAN_POINT('Ctrl Pts',(20.9267294003169,-0.756283885751091,0.741479941521612));
#6854=CARTESIAN_POINT('Ctrl Pts',(20.9676771324793,-0.728598281655178,0.723853696195572));
#6855=CARTESIAN_POINT('Ctrl Pts',(20.9894564513958,-0.665701839289636,0.685333482226511));
#6856=CARTESIAN_POINT('Ctrl Pts',(20.9912429571588,-0.606367509587441,0.650357418730459));
#6857=CARTESIAN_POINT('Ctrl Pts',(20.9912526197082,-0.606063979358107,0.650178295408461));
#6858=CARTESIAN_POINT('Ctrl Pts',(20.9912613444288,-0.605761644453676,0.650000000016941));
#6859=CARTESIAN_POINT('',(20.9912613444288,-0.605761644452873,0.649999999994295));
#6860=CARTESIAN_POINT('Ctrl Pts',(20.9267294003169,-0.756283885751091,0.741479941521612));
#6861=CARTESIAN_POINT('Ctrl Pts',(20.9676771324793,-0.728598281655178,0.723853696195572));
#6862=CARTESIAN_POINT('Ctrl Pts',(20.9894564513958,-0.665701839289636,0.685333482226511));
#6863=CARTESIAN_POINT('Ctrl Pts',(20.9912429571588,-0.606367509587441,0.650357418730459));
#6864=CARTESIAN_POINT('Ctrl Pts',(20.9912526197082,-0.606063979358107,0.650178295408461));
#6865=CARTESIAN_POINT('Ctrl Pts',(20.9912613444288,-0.605761644453676,0.650000000016941));
#6866=CARTESIAN_POINT('Ctrl Pts',(20.9912613444289,-0.605761644448383,0.650000000021454));
#6867=CARTESIAN_POINT('Ctrl Pts',(20.9912576697418,-0.605888982184786,0.650327497143593));
#6868=CARTESIAN_POINT('Ctrl Pts',(20.9912530965318,-0.606016734096248,0.650656307322166));
#6869=CARTESIAN_POINT('Ctrl Pts',(20.9904548137399,-0.631017678665357,0.714932407778698));
#6870=CARTESIAN_POINT('Ctrl Pts',(20.9699247149284,-0.656452175382081,0.783573211662093));
#6871=CARTESIAN_POINT('Ctrl Pts',(20.9295779750754,-0.66685701110514,0.814729200551691));
#6872=CARTESIAN_POINT('Origin',(0.,0.,0.65));
#6873=CARTESIAN_POINT('',(19.8948762498392,-6.40342869122363,0.75));
#6874=CARTESIAN_POINT('Origin',(0.,0.,0.75));
#6875=CARTESIAN_POINT('',(19.9900670452929,-6.43406710601418,0.65));
#6876=CARTESIAN_POINT('Origin',(19.8948762498392,-6.40342869122364,0.65));
#6877=CARTESIAN_POINT('Origin',(0.,0.,0.65));
#6878=CARTESIAN_POINT('Origin',(-9.19216697549299E-16,0.,0.75));
#6879=CARTESIAN_POINT('',(17.3061913988199,-5.3014846286122,0.75));
#6880=CARTESIAN_POINT('Origin',(0.,0.,0.75));
#6881=CARTESIAN_POINT('Origin',(16.9307966439858,-9.77500000000001,0.75));
#6882=CARTESIAN_POINT('',(19.3339873169883,-2.64753364974599,0.75));
#6883=CARTESIAN_POINT('Origin',(19.2037511837381,-3.38613946450514,0.750000000000002));
#6884=CARTESIAN_POINT('Origin',(0.,0.,0.65));
#6885=CARTESIAN_POINT('Origin',(17.3061913988199,-5.3014846286122,0.65));
#6886=CARTESIAN_POINT('Ctrl Pts',(16.6501548174448,6.83903096608863,0.81279273363372));
#6887=CARTESIAN_POINT('Ctrl Pts',(16.727469572512,6.65080215883159,1.86380693508134));
#6888=CARTESIAN_POINT('Ctrl Pts',(17.0829846479516,5.79227470763497,3.31155807222963));
#6889=CARTESIAN_POINT('Ctrl Pts',(17.7487083320571,3.36259224419307,4.38820069255095));
#6890=CARTESIAN_POINT('Ctrl Pts',(18.0673241281192,0.562730781718828,3.71112486644806));
#6891=CARTESIAN_POINT('Ctrl Pts',(17.9908124776614,-0.59760359113749,1.70819896264472));
#6892=CARTESIAN_POINT('Ctrl Pts',(17.9839426921663,-0.760135017533135,0.649999999947162));
#6893=CARTESIAN_POINT('Ctrl Pts',(16.6406352162345,6.86220717844076,0.817670651632869));
#6894=CARTESIAN_POINT('Ctrl Pts',(16.7187653136655,6.67275522694338,1.87497879746739));
#6895=CARTESIAN_POINT('Ctrl Pts',(17.0779525262662,5.8086899347195,3.33092631835036));
#6896=CARTESIAN_POINT('Ctrl Pts',(17.749261779613,3.36409670466651,4.41298238043063));
#6897=CARTESIAN_POINT('Ctrl Pts',(18.0688032648094,0.546812270699744,3.73270403780365));
#6898=CARTESIAN_POINT('Ctrl Pts',(17.9900277826181,-0.621692463242682,1.71845522264963));
#6899=CARTESIAN_POINT('Ctrl Pts',(17.98287617893,-0.785367525546071,0.653904016902895));
#6900=CARTESIAN_POINT('Ctrl Pts',(16.6406898341976,6.90936560121617,0.82615925409202));
#6901=CARTESIAN_POINT('Ctrl Pts',(16.7200031853958,6.71748919083485,1.89437643646634));
#6902=CARTESIAN_POINT('Ctrl Pts',(17.0845959966563,5.84242374308789,3.36463206981807));
#6903=CARTESIAN_POINT('Ctrl Pts',(17.7645814094928,3.36942641724926,4.45614571003576));
#6904=CARTESIAN_POINT('Ctrl Pts',(18.0871963422764,0.519692995835483,3.77026178808247));
#6905=CARTESIAN_POINT('Ctrl Pts',(18.0063979646468,-0.664213162834724,1.73625743259938));
#6906=CARTESIAN_POINT('Ctrl Pts',(17.9990158000361,-0.830036874693417,0.660697650113522));
#6907=CARTESIAN_POINT('Ctrl Pts',(16.6695910276757,6.94567240878927,0.830559814191349));
#6908=CARTESIAN_POINT('Ctrl Pts',(16.7491618199588,6.75235599613242,1.90452363043658));
#6909=CARTESIAN_POINT('Ctrl Pts',(17.1149913321072,5.87070077227447,3.38330515599157));
#6910=CARTESIAN_POINT('Ctrl Pts',(17.7989489555533,3.37746886118387,4.48213582839129));
#6911=CARTESIAN_POINT('Ctrl Pts',(18.1252993159047,0.50455396486607,3.79136763563032));
#6912=CARTESIAN_POINT('Ctrl Pts',(18.0458082607404,-0.687495617827866,1.74553693149856));
#6913=CARTESIAN_POINT('Ctrl Pts',(18.0386267737124,-0.854468460176046,0.66421242423697));
#6914=CARTESIAN_POINT('Ctrl Pts',(16.6851977719833,6.95672811653757,0.831396366813709));
#6915=CARTESIAN_POINT('Ctrl Pts',(16.7647215060078,6.76312137755161,1.90646674133177));
#6916=CARTESIAN_POINT('Ctrl Pts',(17.1303940904503,5.88006472656233,3.38735477793413));
#6917=CARTESIAN_POINT('Ctrl Pts',(17.8151383303125,3.38096320552897,4.48864016823305));
#6918=CARTESIAN_POINT('Ctrl Pts',(18.1428573769553,0.501106209878648,3.79606706984581));
#6919=CARTESIAN_POINT('Ctrl Pts',(18.0641596932404,-0.692380362850141,1.74729713070709));
#6920=CARTESIAN_POINT('Ctrl Pts',(18.0570936294075,-0.859555514761012,0.664877546295232));
#6921=CARTESIAN_POINT('',(16.6851977719842,6.95672811653677,0.831396366819873));
#6922=CARTESIAN_POINT('Ctrl Pts',(18.058377753217,-0.831343996247927,0.82641938262064));
#6923=CARTESIAN_POINT('Ctrl Pts',(18.0678739993672,-0.63214309978006,1.84858555847268));
#6924=CARTESIAN_POINT('Ctrl Pts',(18.1363170647723,0.558579719541937,3.80988880013409));
#6925=CARTESIAN_POINT('Ctrl Pts',(17.8151383303125,3.38096320552897,4.48864016823305));
#6926=CARTESIAN_POINT('Ctrl Pts',(17.1303940904503,5.88006472656233,3.38735477793413));
#6927=CARTESIAN_POINT('Ctrl Pts',(16.7647215060078,6.76312137755161,1.90646674133177));
#6928=CARTESIAN_POINT('Ctrl Pts',(16.6851977719833,6.95672811653757,0.831396366813709));
#6929=CARTESIAN_POINT('Origin',(16.7426556775417,6.8770255825669,0.81279273363372));
#6930=CARTESIAN_POINT('Ctrl Pts',(17.9930192498889,-0.501256693849738,0.0999999999999994));
#6931=CARTESIAN_POINT('Ctrl Pts',(17.9934092864999,-0.48725601049535,0.653449709983824));
#6932=CARTESIAN_POINT('Ctrl Pts',(18.0029775647495,-0.223959979313589,1.75434384624613));
#6933=CARTESIAN_POINT('Ctrl Pts',(17.9972206872037,0.820030756758015,3.09306961457235));
#6934=CARTESIAN_POINT('Ctrl Pts',(17.8738121968263,2.33898426532021,3.84575277052262));
#6935=CARTESIAN_POINT('Ctrl Pts',(17.5732483918731,4.01306443945936,3.82097491026506));
#6936=CARTESIAN_POINT('Ctrl Pts',(17.167775042018,5.46027546265239,3.02677024804959));
#6937=CARTESIAN_POINT('Ctrl Pts',(16.8248392725185,6.40800385503316,1.66079355409976));
#6938=CARTESIAN_POINT('Ctrl Pts',(16.7360018488775,6.62617854531327,0.553643367225504));
#6939=CARTESIAN_POINT('Ctrl Pts',(16.7360018488775,6.62617854531327,-8.24994907506367E-16));
#6940=CARTESIAN_POINT('Ctrl Pts',(17.993869277498,-0.470744257164391,0.0992232326699379));
#6941=CARTESIAN_POINT('Ctrl Pts',(17.9942321389326,-0.456839851883892,0.648348488182364));
#6942=CARTESIAN_POINT('Ctrl Pts',(18.0032881046905,-0.195235429379661,1.7406912220678));
#6943=CARTESIAN_POINT('Ctrl Pts',(17.9959947257424,0.840872105466836,3.06780699493391));
#6944=CARTESIAN_POINT('Ctrl Pts',(17.8722994014913,2.34638134967209,3.8129826316538));
#6945=CARTESIAN_POINT('Ctrl Pts',(17.574633360236,4.00465723079047,3.78848114502871));
#6946=CARTESIAN_POINT('Ctrl Pts',(17.1740550078875,5.43965770253634,3.00212547386425));
#6947=CARTESIAN_POINT('Ctrl Pts',(16.8351269528675,6.38087310722321,1.64788925352921));
#6948=CARTESIAN_POINT('Ctrl Pts',(16.7472416828363,6.59778965107657,0.549318152368686));
#6949=CARTESIAN_POINT('Ctrl Pts',(16.7472416828363,6.59778965107657,-8.18586982779214E-16));
#6950=CARTESIAN_POINT('Ctrl Pts',(18.0164499487084,-0.428316666235501,0.098127972237391));
#6951=CARTESIAN_POINT('Ctrl Pts',(18.0167960480616,-0.414531541035764,0.641215815184624));
#6952=CARTESIAN_POINT('Ctrl Pts',(18.0254847823537,-0.155192864681566,1.72142148438104));
#6953=CARTESIAN_POINT('Ctrl Pts',(18.0173498567468,0.871120898769662,3.03234727806383));
#6954=CARTESIAN_POINT('Ctrl Pts',(17.8942402583064,2.35988050151115,3.76712800859663));
#6955=CARTESIAN_POINT('Ctrl Pts',(17.60013433461,3.99841151785744,3.74296823999028));
#6956=CARTESIAN_POINT('Ctrl Pts',(17.2047751031143,5.41782683755612,2.96754985505742));
#6957=CARTESIAN_POINT('Ctrl Pts',(16.8698585183245,6.35049911893891,1.62967781620477));
#6958=CARTESIAN_POINT('Ctrl Pts',(16.782976858717,6.5656341743541,0.543279615268212));
#6959=CARTESIAN_POINT('Ctrl Pts',(16.782976858717,6.5656341743541,-8.09551638570417E-16));
#6960=CARTESIAN_POINT('Ctrl Pts',(18.0733552226422,-0.402504259109283,0.0974310389695293));
#6961=CARTESIAN_POINT('Ctrl Pts',(18.0737160046507,-0.388788729527722,0.636656118435887));
#6962=CARTESIAN_POINT('Ctrl Pts',(18.0826863015778,-0.130759319434558,1.7092119332595));
#6963=CARTESIAN_POINT('Ctrl Pts',(18.0756755740638,0.890713928178265,3.0113354232358));
#6964=CARTESIAN_POINT('Ctrl Pts',(17.9540253967169,2.37342461064631,3.7416384081895));
#6965=CARTESIAN_POINT('Ctrl Pts',(17.6610041060301,4.00573511340551,3.71762424973952));
#6966=CARTESIAN_POINT('Ctrl Pts',(17.2663205039769,5.41900296070984,2.94694555412594));
#6967=CARTESIAN_POINT('Ctrl Pts',(16.9319972055288,6.34688921006712,1.61810935304621));
#6968=CARTESIAN_POINT('Ctrl Pts',(16.8452795655612,6.56083483915107,0.539415166063779));
#6969=CARTESIAN_POINT('Ctrl Pts',(16.8452795655612,6.56083483915107,-8.03801806715181E-16));
#6970=CARTESIAN_POINT('Ctrl Pts',(18.1047649459429,-0.403249859295078,0.0974277467160176));
#6971=CARTESIAN_POINT('Ctrl Pts',(18.1051398489837,-0.389531604351923,0.636629604853754));
#6972=CARTESIAN_POINT('Ctrl Pts',(18.1143778633151,-0.131487107617309,1.70919187995244));
#6973=CARTESIAN_POINT('Ctrl Pts',(18.1082740224378,0.890906633281255,3.01250837338679));
#6974=CARTESIAN_POINT('Ctrl Pts',(17.9871415158226,2.37695723700236,3.74451053730794));
#6975=CARTESIAN_POINT('Ctrl Pts',(17.6932459685442,4.0139803626699,3.72043073615594));
#6976=CARTESIAN_POINT('Ctrl Pts',(17.296923393455,5.43005976128069,2.94800035420236));
#6977=CARTESIAN_POINT('Ctrl Pts',(16.96148672156,6.35840809838923,1.61806687736481));
#6978=CARTESIAN_POINT('Ctrl Pts',(16.8745387619896,6.57227803294914,0.53939114542517));
#6979=CARTESIAN_POINT('Ctrl Pts',(16.8745387619896,6.57227803294914,-8.03774251542709E-16));
#6980=CARTESIAN_POINT('Ctrl Pts',(18.1214889738038,-0.408222742848401,0.0975423937085272));
#6981=CARTESIAN_POINT('Ctrl Pts',(18.1218715384675,-0.39449027115965,0.637390488799645));
#6982=CARTESIAN_POINT('Ctrl Pts',(18.131256516818,-0.13623821285344,1.71122898150673));
#6983=CARTESIAN_POINT('Ctrl Pts',(18.1256099240116,0.887752749839746,3.01705414112501));
#6984=CARTESIAN_POINT('Ctrl Pts',(18.0045655751493,2.37760760369749,3.7512393084798));
#6985=CARTESIAN_POINT('Ctrl Pts',(17.7097596833433,4.01961735523301,3.72707039047482));
#6986=CARTESIAN_POINT('Ctrl Pts',(17.3120540030929,5.43910409745826,2.95238415200512));
#6987=CARTESIAN_POINT('Ctrl Pts',(16.9756878682044,6.3686768181295,1.61997778722585));
#6988=CARTESIAN_POINT('Ctrl Pts',(16.8885523067342,6.58267192691359,0.540036993000252));
#6989=CARTESIAN_POINT('Ctrl Pts',(16.8885523067342,6.58267192691359,-8.04719780755166E-16));
#6990=CARTESIAN_POINT('',(16.8885523067342,6.58267192691359,-4.02359890377583E-16));
#6991=CARTESIAN_POINT('',(18.1214889738038,-0.408222742848404,0.0975423937085274));
#6992=CARTESIAN_POINT('Ctrl Pts',(16.8885523067342,6.58267192691359,-8.04719780755166E-16));
#6993=CARTESIAN_POINT('Ctrl Pts',(16.8885523067342,6.58267192691359,0.540036993000252));
#6994=CARTESIAN_POINT('Ctrl Pts',(16.9756878682044,6.3686768181295,1.61997778722585));
#6995=CARTESIAN_POINT('Ctrl Pts',(17.3120540030929,5.43910409745826,2.95238415200512));
#6996=CARTESIAN_POINT('Ctrl Pts',(17.7097596833433,4.01961735523301,3.72707039047482));
#6997=CARTESIAN_POINT('Ctrl Pts',(18.0045655751493,2.37760760369749,3.7512393084798));
#6998=CARTESIAN_POINT('Ctrl Pts',(18.1256099240116,0.887752749839746,3.01705414112501));
#6999=CARTESIAN_POINT('Ctrl Pts',(18.131256516818,-0.13623821285344,1.71122898150673));
#7000=CARTESIAN_POINT('Ctrl Pts',(18.1218715384675,-0.39449027115965,0.637390488799645));
#7001=CARTESIAN_POINT('Ctrl Pts',(18.1214889738038,-0.408222742848401,0.0975423937085272));
#7002=CARTESIAN_POINT('Origin',(18.0929804679438,-0.504041453260015,0.0999999999999994));
#7003=CARTESIAN_POINT('',(16.8655347547806,6.5699115241597,0.));
#7004=CARTESIAN_POINT('Ctrl Pts',(16.7364829552375,6.62499316268366,0.100002301819124));
#7005=CARTESIAN_POINT('Ctrl Pts',(16.7365845820942,6.62473626841421,0.0997180271275996));
#7006=CARTESIAN_POINT('Ctrl Pts',(16.7366874025093,6.62447986578063,0.0994337675528894));
#7007=CARTESIAN_POINT('Ctrl Pts',(16.7367914096277,6.62422395864035,0.0991495308065705));
#7008=CARTESIAN_POINT('Ctrl Pts',(16.7396171183784,6.61727136677746,0.0914272683974198));
#7009=CARTESIAN_POINT('Ctrl Pts',(16.7433278108282,6.61065216677222,0.0836860916636768));
#7010=CARTESIAN_POINT('Ctrl Pts',(16.74782831831,6.60446796989344,0.0760896997610789));
#7011=CARTESIAN_POINT('Ctrl Pts',(16.7494279754545,6.60226986339983,0.0733896436832506));
#7012=CARTESIAN_POINT('Ctrl Pts',(16.7511277036642,6.60012708393231,0.0707078223976349));
#7013=CARTESIAN_POINT('Ctrl Pts',(16.7529240033144,6.59804559671376,0.0680513994300914));
#7014=CARTESIAN_POINT('Ctrl Pts',(16.7571895067293,6.59310288526936,0.0617434422705075));
#7015=CARTESIAN_POINT('Ctrl Pts',(16.7620330878874,6.58846399973602,0.055525581477895));
#7016=CARTESIAN_POINT('Ctrl Pts',(16.7674343836548,6.58425233444173,0.0495391286318843));
#7017=CARTESIAN_POINT('Ctrl Pts',(16.7703278027224,6.58199618828836,0.0463322468839012));
#7018=CARTESIAN_POINT('Ctrl Pts',(16.7733812215747,6.57986340990394,0.0431917006677795));
#7019=CARTESIAN_POINT('Ctrl Pts',(16.7765904619084,6.57787918560833,0.0401387223996439));
#7020=CARTESIAN_POINT('Ctrl Pts',(16.7815977240175,6.57478327190351,0.0353752703636166));
#7021=CARTESIAN_POINT('Ctrl Pts',(16.7870182765947,6.572025917015,0.0307895702811313));
#7022=CARTESIAN_POINT('Ctrl Pts',(16.7928416285881,6.56974815023649,0.0265185777105266));
#7023=CARTESIAN_POINT('Ctrl Pts',(16.7956634694048,6.56864440530166,0.0244489688019368));
#7024=CARTESIAN_POINT('Ctrl Pts',(16.7985796656818,6.56765394646015,0.0224532122676278));
#7025=CARTESIAN_POINT('Ctrl Pts',(16.8015874029921,6.56679703357697,0.0205466583672259));
#7026=CARTESIAN_POINT('Ctrl Pts',(16.804138399949,6.56607024731477,0.0189296244654749));
#7027=CARTESIAN_POINT('Ctrl Pts',(16.8067552790546,6.56543964585785,0.0173767539699769));
#7028=CARTESIAN_POINT('Ctrl Pts',(16.8094319850725,6.56491312516323,0.0158973280989315));
#7029=CARTESIAN_POINT('Ctrl Pts',(16.8154352287814,6.56373225881984,0.0125793118528548));
#7030=CARTESIAN_POINT('Ctrl Pts',(16.8217286098134,6.56307580032711,0.00964223794093885));
#7031=CARTESIAN_POINT('Ctrl Pts',(16.828222585682,6.56304056662711,0.00722118351212633));
#7032=CARTESIAN_POINT('Ctrl Pts',(16.8317312874903,6.56302152982295,0.00591308532630655));
#7033=CARTESIAN_POINT('Ctrl Pts',(16.8352978975046,6.56318427296457,0.00475561362134817));
#7034=CARTESIAN_POINT('Ctrl Pts',(16.8389025788568,6.56354717784306,0.0037700927233262));
#7035=CARTESIAN_POINT('Ctrl Pts',(16.8394293002075,6.56360020603865,0.00362608695751233));
#7036=CARTESIAN_POINT('Ctrl Pts',(16.839955923697,6.56365742100516,0.00348602110855463));
#7037=CARTESIAN_POINT('Ctrl Pts',(16.8404823896614,6.56371884203725,0.00334992692639608));
#7038=CARTESIAN_POINT('Ctrl Pts',(16.8478198957009,6.56457488444903,0.0014531435615817));
#7039=CARTESIAN_POINT('Ctrl Pts',(16.8551297286219,6.56624509943275,0.000327400654559513));
#7040=CARTESIAN_POINT('Ctrl Pts',(16.8622787373703,6.56875798827441,6.13701321916879E-5));
#7041=CARTESIAN_POINT('Ctrl Pts',(16.863375219158,6.56914340350419,2.05676051528386E-5));
#7042=CARTESIAN_POINT('Ctrl Pts',(16.8644678414013,6.56954870553306,-6.65487406568467E-16));
#7043=CARTESIAN_POINT('Ctrl Pts',(16.865556032444,6.56997406460325,-6.65487468504768E-16));
#7044=CARTESIAN_POINT('Origin',(16.8289796369334,6.66299064833076,-8.24994907503493E-16));
#7045=CARTESIAN_POINT('Origin',(0.,0.,0.1));
#7046=CARTESIAN_POINT('Origin',(0.,0.,0.));
#7047=CARTESIAN_POINT('Origin',(19.2529915713887,3.39482187338848,0.1));
#7048=CARTESIAN_POINT('',(20.8570470246208,-0.234289944175963,0.0975423937085279));
#7049=CARTESIAN_POINT('',(20.8974616240975,-0.325726371930157,0.));
#7050=CARTESIAN_POINT('Origin',(20.8974616240975,-0.325726371930169,0.1));
#7051=CARTESIAN_POINT('',(18.0929804679438,-0.504041453260011,0.));
#7052=CARTESIAN_POINT('Origin',(19.2529915713887,3.39482187338848,0.));
#7053=CARTESIAN_POINT('Origin',(18.0929804679438,-0.504041453260016,0.1));
#7054=CARTESIAN_POINT('Origin',(19.2529915713887,3.39482187338848,0.0975423937085279));
#7055=CARTESIAN_POINT('Ctrl Pts',(19.6187253974136,7.49036806711655,-1.35385996140066E-17));
#7056=CARTESIAN_POINT('Ctrl Pts',(19.6187253974136,7.49036806711655,0.579596467939412));
#7057=CARTESIAN_POINT('Ctrl Pts',(19.7183181562951,7.22811990937075,1.73401165658491));
#7058=CARTESIAN_POINT('Ctrl Pts',(20.2309373573796,5.78388031928819,3.57062416798636));
#7059=CARTESIAN_POINT('Ctrl Pts',(20.7929561360506,3.36441957488579,4.12518421090973));
#7060=CARTESIAN_POINT('Ctrl Pts',(20.9815538799822,1.18392154391621,3.16543360483365));
#7061=CARTESIAN_POINT('Ctrl Pts',(21.0066893796102,0.000776085801062396,
1.83105108307897));
#7062=CARTESIAN_POINT('Ctrl Pts',(20.9976950571168,-0.311529425135922,0.679378368581001));
#7063=CARTESIAN_POINT('Ctrl Pts',(20.9974494787583,-0.327284871317397,0.1));
#7064=CARTESIAN_POINT('Ctrl Pts',(19.6255278269938,7.47255118592021,-1.34687351999157E-17));
#7065=CARTESIAN_POINT('Ctrl Pts',(19.6255278269938,7.47255118592021,0.576603421208603));
#7066=CARTESIAN_POINT('Ctrl Pts',(19.7243068689847,7.21169580120705,1.72505540138501));
#7067=CARTESIAN_POINT('Ctrl Pts',(20.2331801635181,5.77458474821617,3.55331238431816));
#7068=CARTESIAN_POINT('Ctrl Pts',(20.792208234407,3.36554084270286,4.10590732515381));
#7069=CARTESIAN_POINT('Ctrl Pts',(20.980772509663,1.19503227449029,3.14993115964174));
#7070=CARTESIAN_POINT('Ctrl Pts',(21.0066198983247,0.0179806479701812,1.82166270971415));
#7071=CARTESIAN_POINT('Ctrl Pts',(20.9979763742911,-0.29255589590155,0.675871000042187));
#7072=CARTESIAN_POINT('Ctrl Pts',(20.9977465863524,-0.308223490107631,0.0994839933628409));
#7073=CARTESIAN_POINT('Ctrl Pts',(19.62821380557,7.43791702579864,-1.33466945526124E-17));
#7074=CARTESIAN_POINT('Ctrl Pts',(19.62821380557,7.43791702579864,0.571380741666515));
#7075=CARTESIAN_POINT('Ctrl Pts',(19.7256494502363,7.1796648867243,1.70941668570904));
#7076=CARTESIAN_POINT('Ctrl Pts',(20.228357434779,5.75586773586606,3.52307962457728));
#7077=CARTESIAN_POINT('Ctrl Pts',(20.7822293669358,3.36608830080568,4.07223092723622));
#7078=CARTESIAN_POINT('Ctrl Pts',(20.9701983675745,1.21391552560278,3.12285799877844));
#7079=CARTESIAN_POINT('Ctrl Pts',(20.9968173624254,0.0480325023834305,1.80526741721331));
#7080=CARTESIAN_POINT('Ctrl Pts',(20.9886332876679,-0.259266458126361,0.669749882946059));
#7081=CARTESIAN_POINT('Ctrl Pts',(20.9884232819818,-0.274773244631804,0.098582621762108));
#7082=CARTESIAN_POINT('Ctrl Pts',(19.608215371832,7.39341413254961,-1.32205200369553E-17));
#7083=CARTESIAN_POINT('Ctrl Pts',(19.608215371832,7.39341413254961,0.565976975281657));
#7084=CARTESIAN_POINT('Ctrl Pts',(19.7044874503274,7.13808758433336,1.6932462180646));
#7085=CARTESIAN_POINT('Ctrl Pts',(20.2015819406324,5.72966483642365,3.49104434352382));
#7086=CARTESIAN_POINT('Ctrl Pts',(20.7499452241223,3.36322695162045,4.03604006156483));
#7087=CARTESIAN_POINT('Ctrl Pts',(20.9361726611256,1.2326421351163,3.09428390343656));
#7088=CARTESIAN_POINT('Ctrl Pts',(20.9626557605924,0.0793162695379748,1.78826978610164));
#7089=CARTESIAN_POINT('Ctrl Pts',(20.9546147087122,-0.224477797234218,0.663416842257664));
#7090=CARTESIAN_POINT('Ctrl Pts',(20.9544095948578,-0.239809199520746,0.0976506959239565));
#7091=CARTESIAN_POINT('Ctrl Pts',(19.5715373574417,7.36124010389453,-1.31583338882521E-17));
#7092=CARTESIAN_POINT('Ctrl Pts',(19.5715373574417,7.36124010389453,0.563317622146428));
#7093=CARTESIAN_POINT('Ctrl Pts',(19.6674549177605,7.10752193551307,1.68528606384771));
#7094=CARTESIAN_POINT('Ctrl Pts',(20.162400853225,5.70822748451237,3.47398442623309));
#7095=CARTESIAN_POINT('Ctrl Pts',(20.7075546354595,3.35776578874703,4.01591457759057));
#7096=CARTESIAN_POINT('Ctrl Pts',(20.891838424463,1.24118649378789,3.07925039278321));
#7097=CARTESIAN_POINT('Ctrl Pts',(20.9174191092451,0.0950880059956866,1.77982353487361));
#7098=CARTESIAN_POINT('Ctrl Pts',(20.9091569670464,-0.20688897527916,0.66029880747235));
#7099=CARTESIAN_POINT('Ctrl Pts',(20.9089403600723,-0.222128092683683,0.0971913517152331));
#7100=CARTESIAN_POINT('Ctrl Pts',(19.5376390949394,7.35364752017317,-1.31766424434668E-17));
#7101=CARTESIAN_POINT('Ctrl Pts',(19.5376390949394,7.35364752017317,0.564089954463617));
#7102=CARTESIAN_POINT('Ctrl Pts',(19.633958685646,7.0996471952018,1.68763049361846));
#7103=CARTESIAN_POINT('Ctrl Pts',(20.1302052691142,5.70004940435575,3.47667375676926));
#7104=CARTESIAN_POINT('Ctrl Pts',(20.6752428447565,3.35254465254534,4.01767391371231));
#7105=CARTESIAN_POINT('Ctrl Pts',(20.858551784212,1.23763184008778,3.0819306038977));
#7106=CARTESIAN_POINT('Ctrl Pts',(20.8832957494399,0.0911001059209378,1.78217333791162));
#7107=CARTESIAN_POINT('Ctrl Pts',(20.8747222230548,-0.211327692128812,0.661204979109943));
#7108=CARTESIAN_POINT('Ctrl Pts',(20.8744908676249,-0.22658562520534,0.0973265237397823));
#7109=CARTESIAN_POINT('Ctrl Pts',(19.5186105552869,7.35492383614056,-1.32058741381156E-17));
#7110=CARTESIAN_POINT('Ctrl Pts',(19.5186105552869,7.35492383614056,0.565352268678182));
#7111=CARTESIAN_POINT('Ctrl Pts',(19.6152931202556,7.10033881576413,1.69139647701782));
#7112=CARTESIAN_POINT('Ctrl Pts',(20.1129331070346,5.698301262364,3.4828722837891));
#7113=CARTESIAN_POINT('Ctrl Pts',(20.6585291693665,3.34953943231635,4.0238034242076));
#7114=CARTESIAN_POINT('Ctrl Pts',(20.8416159101638,1.23275760087547,3.08763970940888));
#7115=CARTESIAN_POINT('Ctrl Pts',(20.8660169268953,0.0841847637900325,1.78605105646115));
#7116=CARTESIAN_POINT('Ctrl Pts',(20.8572854269491,-0.218994886923209,0.662681923051855));
#7117=CARTESIAN_POINT('Ctrl Pts',(20.8570470246208,-0.23428994417596,0.0975423937085281));
#7118=CARTESIAN_POINT('',(19.6192103119178,7.48909785867021,0.1));
#7119=CARTESIAN_POINT('',(20.9974494787583,-0.327284871317397,0.1));
#7120=CARTESIAN_POINT('Ctrl Pts',(19.6192178203131,7.48906916956733,0.099999181426075));
#7121=CARTESIAN_POINT('Ctrl Pts',(19.6245847080512,7.4749002419221,0.645815358154856));
#7122=CARTESIAN_POINT('Ctrl Pts',(19.7256909853608,7.20734789848034,1.76042703485751));
#7123=CARTESIAN_POINT('Ctrl Pts',(20.2309373573796,5.78388031928819,3.57062416798636));
#7124=CARTESIAN_POINT('Ctrl Pts',(20.7929561360506,3.36441957488579,4.12518421090973));
#7125=CARTESIAN_POINT('Ctrl Pts',(20.9815538799822,1.18392154391621,3.16543360483365));
#7126=CARTESIAN_POINT('Ctrl Pts',(21.0066893796102,0.000776085801062396,
1.83105108307897));
#7127=CARTESIAN_POINT('Ctrl Pts',(20.9976950571168,-0.311529425135922,0.679378368581001));
#7128=CARTESIAN_POINT('Ctrl Pts',(20.9974494787583,-0.327284871317397,0.1));
#7129=CARTESIAN_POINT('Origin',(20.8974616240975,-0.325726371930172,0.1));
#7130=CARTESIAN_POINT('',(19.5186105552869,7.35492383614057,8.96403381995646E-17));
#7131=CARTESIAN_POINT('Ctrl Pts',(20.8570470246208,-0.23428994417596,0.0975423937085281));
#7132=CARTESIAN_POINT('Ctrl Pts',(20.8572854269491,-0.218994886923209,0.662681923051855));
#7133=CARTESIAN_POINT('Ctrl Pts',(20.8660169268953,0.0841847637900325,1.78605105646115));
#7134=CARTESIAN_POINT('Ctrl Pts',(20.8416159101638,1.23275760087547,3.08763970940888));
#7135=CARTESIAN_POINT('Ctrl Pts',(20.6585291693665,3.34953943231635,4.0238034242076));
#7136=CARTESIAN_POINT('Ctrl Pts',(20.1129331070346,5.698301262364,3.4828722837891));
#7137=CARTESIAN_POINT('Ctrl Pts',(19.6152931202556,7.10033881576413,1.69139647701782));
#7138=CARTESIAN_POINT('Ctrl Pts',(19.5186105552869,7.35492383614056,0.565352268678182));
#7139=CARTESIAN_POINT('Ctrl Pts',(19.5186105552869,7.35492383614056,-1.32058741381156E-17));
#7140=CARTESIAN_POINT('',(19.5607477140091,7.36119208205353,0.));
#7141=CARTESIAN_POINT('Origin',(19.5253028955205,7.45469964775349,-2.68821306884438E-18));
#7142=CARTESIAN_POINT('Ctrl Pts',(19.5607427010073,7.36122192493068,5.43397464566195E-17));
#7143=CARTESIAN_POINT('Ctrl Pts',(19.5652430782621,7.36292072335573,5.43395623693093E-17));
#7144=CARTESIAN_POINT('Ctrl Pts',(19.569569403799,7.36492169854715,0.000347101936617969));
#7145=CARTESIAN_POINT('Ctrl Pts',(19.5736947442578,7.36719947344055,0.00101798557580317));
#7146=CARTESIAN_POINT('Ctrl Pts',(19.5775890966285,7.36934971004388,0.00165130476890023));
#7147=CARTESIAN_POINT('Ctrl Pts',(19.5813045497978,7.37174660310542,0.00257318520468009));
#7148=CARTESIAN_POINT('Ctrl Pts',(19.5848278901706,7.37435808936796,0.00376478135205069));
#7149=CARTESIAN_POINT('Ctrl Pts',(19.5903100139858,7.37842141834513,0.00561883941245217));
#7150=CARTESIAN_POINT('Ctrl Pts',(19.5952056974963,7.38291224111624,0.00808174197820201));
#7151=CARTESIAN_POINT('Ctrl Pts',(19.5995180897037,7.3876704537327,0.0110107864165655));
#7152=CARTESIAN_POINT('Ctrl Pts',(19.6017363100888,7.39011799646883,0.0125174365006959));
#7153=CARTESIAN_POINT('Ctrl Pts',(19.6038004743826,7.39263718283483,0.0141474348003192));
#7154=CARTESIAN_POINT('Ctrl Pts',(19.6057122346407,7.3952112910599,0.015881347209488));
#7155=CARTESIAN_POINT('Ctrl Pts',(19.6057168502045,7.39521750573073,0.0158855333951214));
#7156=CARTESIAN_POINT('Ctrl Pts',(19.6057214648675,7.3952237207062,0.0158897201684954));
#7157=CARTESIAN_POINT('Ctrl Pts',(19.6057260786299,7.39522993598608,0.015893907529401));
#7158=CARTESIAN_POINT('Ctrl Pts',(19.6097342629194,7.40062943107893,0.0195316575755075));
#7159=CARTESIAN_POINT('Ctrl Pts',(19.6130630325194,7.4062536616296,0.0236130236788275));
#7160=CARTESIAN_POINT('Ctrl Pts',(19.6157752351684,7.41194705228634,0.0279995236462084));
#7161=CARTESIAN_POINT('Ctrl Pts',(19.6181396423328,7.4169103590154,0.031823526971777));
#7162=CARTESIAN_POINT('Ctrl Pts',(19.6200355472134,7.421927634655,0.0358794090213131));
#7163=CARTESIAN_POINT('Ctrl Pts',(19.6215002704867,7.42692750156023,0.0400736840203605));
#7164=CARTESIAN_POINT('Ctrl Pts',(19.6221738506654,7.42922678314123,0.0420024992135969));
#7165=CARTESIAN_POINT('Ctrl Pts',(19.6227579266031,7.43152874279648,0.0439662816821819));
#7166=CARTESIAN_POINT('Ctrl Pts',(19.6232543712706,7.43382799560955,0.0459597455549179));
#7167=CARTESIAN_POINT('Ctrl Pts',(19.6246983215684,7.44051556222352,0.0517578997925467));
#7168=CARTESIAN_POINT('Ctrl Pts',(19.625403701979,7.44717717128377,0.0578074797189246));
#7169=CARTESIAN_POINT('Ctrl Pts',(19.6254679271857,7.45369934486671,0.0639751446818849));
#7170=CARTESIAN_POINT('Ctrl Pts',(19.625481769702,7.45510507477984,0.0653044670346734));
#7171=CARTESIAN_POINT('Ctrl Pts',(19.6254657006782,7.45650447267084,0.0666392588618112));
#7172=CARTESIAN_POINT('Ctrl Pts',(19.6254204892934,7.45789662213777,0.0679781590094125));
#7173=CARTESIAN_POINT('Ctrl Pts',(19.6251726081606,7.46552938075394,0.0753189667894001));
#7174=CARTESIAN_POINT('Ctrl Pts',(19.6240506575125,7.47300941168022,0.0828540352533479));
#7175=CARTESIAN_POINT('Ctrl Pts',(19.6221042273003,7.48019286284672,0.0904311521692153));
#7176=CARTESIAN_POINT('Ctrl Pts',(19.6213667351734,7.48291463455292,0.0933020817486177));
#7177=CARTESIAN_POINT('Ctrl Pts',(19.6205103603889,7.48559400948576,0.0961789812126694));
#7178=CARTESIAN_POINT('Ctrl Pts',(19.6195359354701,7.48822350696032,0.0990533255249176));
#7179=CARTESIAN_POINT('Ctrl Pts',(19.6194312161527,7.48850609330985,0.0993622250292327));
#7180=CARTESIAN_POINT('Ctrl Pts',(19.6193251155178,7.48878814935265,0.0996711512156398));
#7181=CARTESIAN_POINT('Ctrl Pts',(19.6192176326506,7.4890696650082,0.0999800942087034));
#7182=CARTESIAN_POINT('Origin',(0.,0.,0.1));
#7183=CARTESIAN_POINT('Origin',(0.,0.,0.1));
#7184=CARTESIAN_POINT('Origin',(0.,0.,0.));
#7185=CARTESIAN_POINT('Origin',(20.8974616240975,-0.325726371930172,0.1));
#7186=CARTESIAN_POINT('Origin',(20.8974616240975,-0.325726371930172,0.1));
#7187=CARTESIAN_POINT('Origin',(18.0929804679438,-0.504041453260016,0.1));
#7188=CARTESIAN_POINT('Origin',(18.0929804679438,-0.504041453260016,0.1));
#7189=CARTESIAN_POINT('Origin',(-9.19216697549299E-16,0.,0.));
#7190=CARTESIAN_POINT('Origin',(19.2529915713887,3.39482187338848,0.));
#7191=CARTESIAN_POINT('',(17.2624953737966,9.10048094716167,0.));
#7192=CARTESIAN_POINT('Origin',(16.8874953737966,9.75,0.));
#7193=CARTESIAN_POINT('Origin',(0.,0.,0.1));
#7194=CARTESIAN_POINT('',(17.1428069035964,-5.80811255624483,0.));
#7195=CARTESIAN_POINT('Origin',(0.,0.,0.));
#7196=CARTESIAN_POINT('Ctrl Pts',(17.0793532943825,-5.68296468148465,0.100002305619196));
#7197=CARTESIAN_POINT('Ctrl Pts',(17.0792660165213,-5.68322679841508,0.0997180308644442));
#7198=CARTESIAN_POINT('Ctrl Pts',(17.079179969349,-5.68348930585468,0.0994337712280088));
#7199=CARTESIAN_POINT('Ctrl Pts',(17.0790951500878,-5.68375219644243,0.0991495344221638));
#7200=CARTESIAN_POINT('Ctrl Pts',(17.0767907210122,-5.69089459199521,0.0914271898705547));
#7201=CARTESIAN_POINT('Ctrl Pts',(17.0753788029793,-5.69835039898664,0.0836859318751702));
#7202=CARTESIAN_POINT('Ctrl Pts',(17.0748516876069,-5.70598062703173,0.0760894636132547));
#7203=CARTESIAN_POINT('Ctrl Pts',(17.0746643375478,-5.70869260196262,0.0733894877582896));
#7204=CARTESIAN_POINT('Ctrl Pts',(17.0745892205386,-5.71142651275736,0.0707077458696292));
#7205=CARTESIAN_POINT('Ctrl Pts',(17.0746274844923,-5.71417554205438,0.0680514008172173));
#7206=CARTESIAN_POINT('Ctrl Pts',(17.0747183560383,-5.72070410270281,0.0617429523053566));
#7207=CARTESIAN_POINT('Ctrl Pts',(17.0754475260927,-5.72737150489043,0.0555246142826189));
#7208=CARTESIAN_POINT('Ctrl Pts',(17.0768786469744,-5.73407012435913,0.049537731071742));
#7209=CARTESIAN_POINT('Ctrl Pts',(17.0776451126711,-5.7376577053274,0.0463313348333912));
#7210=CARTESIAN_POINT('Ctrl Pts',(17.0786133844246,-5.74125362149705,0.0431912579210084));
#7211=CARTESIAN_POINT('Ctrl Pts',(17.079796430109,-5.74483590577328,0.0401387234697548));
#7212=CARTESIAN_POINT('Ctrl Pts',(17.0816426930191,-5.75042642411027,0.035374933522303));
#7213=CARTESIAN_POINT('Ctrl Pts',(17.084023210509,-5.75602325756182,0.0307889207332792));
#7214=CARTESIAN_POINT('Ctrl Pts',(17.0870205392697,-5.7615116179582,0.0265176697442662));
#7215=CARTESIAN_POINT('Ctrl Pts',(17.0884726492035,-5.76417055305932,0.0244483852293708));
#7216=CARTESIAN_POINT('Ctrl Pts',(17.0900697895169,-5.7668033672167,0.022452933730399));
#7217=CARTESIAN_POINT('Ctrl Pts',(17.0918228111646,-5.76939274112327,0.0205466587634729));
#7218=CARTESIAN_POINT('Ctrl Pts',(17.0933098450838,-5.77158922673644,0.0189296248044329));
#7219=CARTESIAN_POINT('Ctrl Pts',(17.0949091456964,-5.77375438437573,0.0173767542568611));
#7220=CARTESIAN_POINT('Ctrl Pts',(17.0966211507412,-5.77587827371534,0.0158973283409297));
#7221=CARTESIAN_POINT('Ctrl Pts',(17.1004608844287,-5.78064179323352,0.01257922974943));
#7222=CARTESIAN_POINT('Ctrl Pts',(17.1048598483539,-5.78519011025751,0.00964209241721589));
#7223=CARTESIAN_POINT('Ctrl Pts',(17.1098116979834,-5.78939149868671,0.007221003524466));
#7224=CARTESIAN_POINT('Ctrl Pts',(17.1124869983498,-5.79166135275028,0.00591297915249983));
#7225=CARTESIAN_POINT('Ctrl Pts',(17.1153234545924,-5.79382919735161,0.00475556842599251));
#7226=CARTESIAN_POINT('Ctrl Pts',(17.11831769064,-5.795868205294,0.0037700927342641));
#7227=CARTESIAN_POINT('Ctrl Pts',(17.1187552328964,-5.7961661618084,0.0036260869675246));
#7228=CARTESIAN_POINT('Ctrl Pts',(17.1191953907809,-5.79646084841999,0.00348602111773027));
#7229=CARTESIAN_POINT('Ctrl Pts',(17.1196381310102,-5.79675221199935,0.00334992693481352));
#7230=CARTESIAN_POINT('Ctrl Pts',(17.1258085810961,-5.80081293272099,0.00145318860575316));
#7231=CARTESIAN_POINT('Ctrl Pts',(17.1324810313318,-5.8042322538953,0.00032745414803354));
#7232=CARTESIAN_POINT('Ctrl Pts',(17.139571995069,-5.80690269905763,6.13890873609491E-5));
#7233=CARTESIAN_POINT('Ctrl Pts',(17.1406597684174,-5.8073123526934,2.05739749626688E-5));
#7234=CARTESIAN_POINT('Ctrl Pts',(17.1417573729645,-5.80770428554891,-6.65486692828467E-16));
#7235=CARTESIAN_POINT('Ctrl Pts',(17.1428644808277,-5.80807799927284,-6.65486642977525E-16));
#7236=CARTESIAN_POINT('Origin',(-9.19216697549299E-16,0.,0.));
#7237=CARTESIAN_POINT('',(19.7160851524356,-6.93440597758083,0.));
#7238=CARTESIAN_POINT('Origin',(0.,0.,0.));
#7239=CARTESIAN_POINT('',(19.6797770653403,-6.9121224889965,-1.02828263829576E-16));
#7240=CARTESIAN_POINT('Origin',(19.7490383508356,-6.83999153634053,-2.66780362487884E-18));
#7241=CARTESIAN_POINT('',(17.1686416001494,-5.81313291782429,-3.39299331604071E-16));
#7242=CARTESIAN_POINT('Origin',(16.9307966439858,-9.77500000000001,0.));
#7243=CARTESIAN_POINT('Origin',(17.1746341664488,-5.71331263353701,-6.95696135201626E-16));
#7244=CARTESIAN_POINT('',(19.0735150504879,-4.1247452792643,0.));
#7245=CARTESIAN_POINT('Origin',(19.2037511837381,-3.38613946450514,0.));
#7246=CARTESIAN_POINT('Origin',(0.,0.,0.1));
#7247=CARTESIAN_POINT('',(19.8430863491104,-6.87400350172659,0.1));
#7248=CARTESIAN_POINT('Origin',(0.,0.,0.1));
#7249=CARTESIAN_POINT('Ctrl Pts',(19.8431028417942,-6.8740087897359,0.100034925674369));
#7250=CARTESIAN_POINT('Ctrl Pts',(19.8430040524175,-6.87429364840055,0.0997256538662132));
#7251=CARTESIAN_POINT('Ctrl Pts',(19.8429038574783,-6.87457803204339,0.099416400272847));
#7252=CARTESIAN_POINT('Ctrl Pts',(19.8428022641651,-6.87486193352744,0.0991071747823395));
#7253=CARTESIAN_POINT('Ctrl Pts',(19.8403075531698,-6.88183337812275,0.091513877474476));
#7254=CARTESIAN_POINT('Ctrl Pts',(19.8369626008726,-6.88854474697742,0.0839040867212691));
#7255=CARTESIAN_POINT('Ctrl Pts',(19.8328334470146,-6.89486984609088,0.0764325776403469));
#7256=CARTESIAN_POINT('Ctrl Pts',(19.8312683042832,-6.89726735493717,0.0736005257158903));
#7257=CARTESIAN_POINT('Ctrl Pts',(19.8295901505152,-6.89960898135696,0.0707882730061418));
#7258=CARTESIAN_POINT('Ctrl Pts',(19.8278015141466,-6.90188617258808,0.0680039985236997));
#7259=CARTESIAN_POINT('Ctrl Pts',(19.8238070695104,-6.90697167485019,0.0617860603965378));
#7260=CARTESIAN_POINT('Ctrl Pts',(19.8192321118964,-6.91177701319262,0.0556576070848788));
#7261=CARTESIAN_POINT('Ctrl Pts',(19.8140753040785,-6.91616374781227,0.0497530065917037));
#7262=CARTESIAN_POINT('Ctrl Pts',(19.8129650724202,-6.9171081870513,0.0484817793851228));
#7263=CARTESIAN_POINT('Ctrl Pts',(19.8118278645301,-6.91803303415137,0.047220911805408));
#7264=CARTESIAN_POINT('Ctrl Pts',(19.8106636662437,-6.91893657754552,0.0459717177269223));
#7265=CARTESIAN_POINT('Ctrl Pts',(19.8088048845677,-6.92037919254001,0.0439772301125749));
#7266=CARTESIAN_POINT('Ctrl Pts',(19.806877278063,-6.92176752886403,0.0420125030424281));
#7267=CARTESIAN_POINT('Ctrl Pts',(19.8048828715249,-6.9230962565738,0.0400828194698855));
#7268=CARTESIAN_POINT('Ctrl Pts',(19.7999070905359,-6.92641125677646,0.0352685137343583));
#7269=CARTESIAN_POINT('Ctrl Pts',(19.7944815920057,-6.92937964422357,0.0306369026783232));
#7270=CARTESIAN_POINT('Ctrl Pts',(19.7886339357066,-6.93187999338301,0.026328925541429));
#7271=CARTESIAN_POINT('Ctrl Pts',(19.7835381970597,-6.93405883652821,0.0225748872628499));
#7272=CARTESIAN_POINT('Ctrl Pts',(19.7781217654878,-6.93588196797649,0.0190665327326067));
#7273=CARTESIAN_POINT('Ctrl Pts',(19.7724203257223,-6.93724173208355,0.0158953672328574));
#7274=CARTESIAN_POINT('Ctrl Pts',(19.7724127958891,-6.93724352791011,0.0158911791069871));
#7275=CARTESIAN_POINT('Ctrl Pts',(19.7724052655618,-6.93724532292432,0.0158869915690531));
#7276=CARTESIAN_POINT('Ctrl Pts',(19.7723977347405,-6.93724711712598,0.0158828046192644));
#7277=CARTESIAN_POINT('Ctrl Pts',(19.7663333044835,-6.93869195433471,0.0125111318692591));
#7278=CARTESIAN_POINT('Ctrl Pts',(19.7599588600273,-6.93960915008895,0.0095325367915562));
#7279=CARTESIAN_POINT('Ctrl Pts',(19.7533530845606,-6.93988967918126,0.0070895998216855));
#7280=CARTESIAN_POINT('Ctrl Pts',(19.7499557730351,-6.94003395364584,0.00583321168590663));
#7281=CARTESIAN_POINT('Ctrl Pts',(19.7464978557245,-6.9400093563734,0.00471849278946648));
#7282=CARTESIAN_POINT('Ctrl Pts',(19.7429945687737,-6.9397979087311,0.00376486398597976));
#7283=CARTESIAN_POINT('Ctrl Pts',(19.7386168840986,-6.93953368512729,0.00257321561195));
#7284=CARTESIAN_POINT('Ctrl Pts',(19.7342299879838,-6.93898158235508,0.00165131835845592));
#7285=CARTESIAN_POINT('Ctrl Pts',(19.7298645985265,-6.938125553734,0.00101799163291805));
#7286=CARTESIAN_POINT('Ctrl Pts',(19.7252402820719,-6.93721875096721,0.000347100014516214));
#7287=CARTESIAN_POINT('Ctrl Pts',(19.7206399293821,-6.93597073741458,1.61708465188865E-16));
#7288=CARTESIAN_POINT('Ctrl Pts',(19.7161004785174,-6.93437937704045,-5.53440396142931E-17));
#7289=CARTESIAN_POINT('Ctrl Pts',(16.6851977719836,6.95672811653774,0.83139636681371));
#7290=CARTESIAN_POINT('Ctrl Pts',(16.6842653178918,6.9621809041867,0.805155371462289));
#7291=CARTESIAN_POINT('Ctrl Pts',(16.6790329640349,6.99287600938443,0.763682288828444));
#7292=CARTESIAN_POINT('Ctrl Pts',(16.6693924993816,7.04212238793618,0.750000000000001));
#7293=CARTESIAN_POINT('Ctrl Pts',(16.665040384835,7.06303256199615,0.75));
#7294=CARTESIAN_POINT('Ctrl Pts',(16.6643887795733,6.94198717287344,0.830280963316865));
#7295=CARTESIAN_POINT('Ctrl Pts',(16.6629550755758,6.94783007091918,0.802563773088729));
#7296=CARTESIAN_POINT('Ctrl Pts',(16.654841352792,6.98089509660853,0.759586399076785));
#7297=CARTESIAN_POINT('Ctrl Pts',(16.6425265664488,7.03087475599894,0.748719584388754));
#7298=CARTESIAN_POINT('Ctrl Pts',(16.6374924929935,7.05135712331746,0.750000000000001));
#7299=CARTESIAN_POINT('Ctrl Pts',(16.6384998329946,6.90201394686454,0.824997308991474));
#7300=CARTESIAN_POINT('Ctrl Pts',(16.6358863473139,6.90897624611723,0.78979812197691));
#7301=CARTESIAN_POINT('Ctrl Pts',(16.6211209226493,6.94825718211077,0.735691041055617));
#7302=CARTESIAN_POINT('Ctrl Pts',(16.5988485244995,7.00717824464638,0.722919752990817));
#7303=CARTESIAN_POINT('Ctrl Pts',(16.5897913446716,7.03114026478833,0.724894115716637));
#7304=CARTESIAN_POINT('Ctrl Pts',(16.6430151165367,6.85641312535367,0.816451172128027));
#7305=CARTESIAN_POINT('Ctrl Pts',(16.6394546903808,6.86504875448844,0.769147433729967));
#7306=CARTESIAN_POINT('Ctrl Pts',(16.6194404432083,6.91368768792849,0.694848868255373));
#7307=CARTESIAN_POINT('Ctrl Pts',(16.5868663722487,6.99124567564532,0.6718518666214));
#7308=CARTESIAN_POINT('Ctrl Pts',(16.57296833851,7.0240102826481,0.672439947525642));
#7309=CARTESIAN_POINT('Ctrl Pts',(16.6501548174444,6.83903096608976,0.81279273362742));
#7310=CARTESIAN_POINT('Ctrl Pts',(16.6462941348271,6.84843009932918,0.760310742924579));
#7311=CARTESIAN_POINT('Ctrl Pts',(16.624578901889,6.90132931058903,0.677364577656889));
#7312=CARTESIAN_POINT('Ctrl Pts',(16.5885300209191,6.98729290048568,0.650000000000001));
#7313=CARTESIAN_POINT('Ctrl Pts',(16.57296833851,7.0240102826481,0.65));
#7314=CARTESIAN_POINT('Ctrl Pts',(16.6851977719836,6.95672811653774,0.83139636681371));
#7315=CARTESIAN_POINT('Ctrl Pts',(16.6842653178918,6.9621809041867,0.805155371462289));
#7316=CARTESIAN_POINT('Ctrl Pts',(16.6790329640349,6.99287600938443,0.763682288828444));
#7317=CARTESIAN_POINT('Ctrl Pts',(16.6693924993816,7.04212238793618,0.750000000000001));
#7318=CARTESIAN_POINT('Ctrl Pts',(16.665040384835,7.06303256199615,0.75));
#7319=CARTESIAN_POINT('Ctrl Pts',(19.3564040199589,7.88286898382313,0.75));
#7320=CARTESIAN_POINT('Ctrl Pts',(19.3779193667441,7.85691857948898,0.749999999999999));
#7321=CARTESIAN_POINT('Ctrl Pts',(19.4161214448107,7.81100348902916,0.767475976737399));
#7322=CARTESIAN_POINT('Ctrl Pts',(19.4371996946071,7.78580308310578,0.811020837007937));
#7323=CARTESIAN_POINT('Ctrl Pts',(19.4405486432413,7.78179844342357,0.831396366819872));
#7324=CARTESIAN_POINT('Ctrl Pts',(19.3841141756522,7.89415390671617,0.750000000000001));
#7325=CARTESIAN_POINT('Ctrl Pts',(19.4038341946383,7.867466756191,0.746873825315292));
#7326=CARTESIAN_POINT('Ctrl Pts',(19.439558651742,7.81604757781372,0.760528925939167));
#7327=CARTESIAN_POINT('Ctrl Pts',(19.4594041840611,7.78596045835273,0.807341988549428));
#7328=CARTESIAN_POINT('Ctrl Pts',(19.4625507443846,7.78119750250476,0.8296037971218));
#7329=CARTESIAN_POINT('Ctrl Pts',(19.4320932764877,7.91369332971323,0.724891398962579));
#7330=CARTESIAN_POINT('Ctrl Pts',(19.4488066118364,7.87920073908228,0.720070930735174));
#7331=CARTESIAN_POINT('Ctrl Pts',(19.4799979728481,7.81229670111284,0.736144918185914));
#7332=CARTESIAN_POINT('Ctrl Pts',(19.4975832937168,7.7732825571791,0.795610486730323));
#7333=CARTESIAN_POINT('Ctrl Pts',(19.5003755586678,7.76710197789181,0.824004030092366));
#7334=CARTESIAN_POINT('Ctrl Pts',(19.4490183932601,7.92058606030076,0.672439947525642));
#7335=CARTESIAN_POINT('Ctrl Pts',(19.4680520661214,7.87377951694875,0.671004129640216));
#7336=CARTESIAN_POINT('Ctrl Pts',(19.5019532400498,7.78956520074245,0.700302442103571));
#7337=CARTESIAN_POINT('Ctrl Pts',(19.5204498564653,7.7428937390582,0.779107665603866));
#7338=CARTESIAN_POINT('Ctrl Pts',(19.5233864808468,7.73547951524674,0.816154476063158));
#7339=CARTESIAN_POINT('Ctrl Pts',(19.4490183932601,7.92058606030076,0.65));
#7340=CARTESIAN_POINT('Ctrl Pts',(19.4700476710021,7.86894861750445,0.649999999999998));
#7341=CARTESIAN_POINT('Ctrl Pts',(19.5066120797837,7.77795092522817,0.684951953474798));
#7342=CARTESIAN_POINT('Ctrl Pts',(19.5262283007221,7.72829090995144,0.772041674015874));
#7343=CARTESIAN_POINT('Ctrl Pts',(19.5293486952506,7.72039762831655,0.812792733639744));
#7344=CARTESIAN_POINT('',(19.5293486952506,7.72039762831654,0.812792733639745));
#7345=CARTESIAN_POINT('Ctrl Pts',(19.5293486952506,7.72039762831655,0.812792733639744));
#7346=CARTESIAN_POINT('Ctrl Pts',(19.5262283007221,7.72829090995144,0.772041674015874));
#7347=CARTESIAN_POINT('Ctrl Pts',(19.5066120797837,7.77795092522817,0.684951953474798));
#7348=CARTESIAN_POINT('Ctrl Pts',(19.4700476710021,7.86894861750445,0.649999999999998));
#7349=CARTESIAN_POINT('Ctrl Pts',(19.4490183932601,7.92058606030076,0.65));
#7350=CARTESIAN_POINT('',(19.4405486432413,7.78179844342357,0.831396366819872));
#7351=CARTESIAN_POINT('Ctrl Pts',(19.3564040199589,7.88286898382313,0.75));
#7352=CARTESIAN_POINT('Ctrl Pts',(19.3779193667441,7.85691857948898,0.749999999999999));
#7353=CARTESIAN_POINT('Ctrl Pts',(19.4161214448107,7.81100348902916,0.767475976737399));
#7354=CARTESIAN_POINT('Ctrl Pts',(19.4371996946071,7.78580308310578,0.811020837007937));
#7355=CARTESIAN_POINT('Ctrl Pts',(19.4405486432413,7.78179844342357,0.831396366819872));
#7356=CARTESIAN_POINT('Origin',(19.4363517967017,7.68363383008646,0.812792733639745));
#7357=CARTESIAN_POINT('Origin',(19.2529915713887,3.39482187338848,0.85));
#7358=CARTESIAN_POINT('Origin',(19.2529915713887,3.39482187338848,0.831396366819873));
#7359=CARTESIAN_POINT('Ctrl Pts',(20.9912613444287,-0.605761644457342,0.64999999996726));
#7360=CARTESIAN_POINT('Ctrl Pts',(20.9965584408231,-0.422203085081077,1.76027776568221));
#7361=CARTESIAN_POINT('Ctrl Pts',(21.0555891003094,0.939975845034205,3.79019025488107));
#7362=CARTESIAN_POINT('Ctrl Pts',(20.6977230264661,3.89468635713336,4.40013996981487));
#7363=CARTESIAN_POINT('Ctrl Pts',(20.009006781754,6.50431048676984,3.38580129931225));
#7364=CARTESIAN_POINT('Ctrl Pts',(19.6137143853435,7.50698802701611,1.91457368979597));
#7365=CARTESIAN_POINT('Ctrl Pts',(19.5293486952506,7.72039762831654,0.812792733639745));
#7366=CARTESIAN_POINT('Ctrl Pts',(20.990633567685,-0.62751578787648,0.65358239516969));
#7367=CARTESIAN_POINT('Ctrl Pts',(20.9961483307475,-0.443119194798753,1.7700004481515));
#7368=CARTESIAN_POINT('Ctrl Pts',(21.0570557331352,0.92524665468114,3.81166291632284));
#7369=CARTESIAN_POINT('Ctrl Pts',(20.6981592268785,3.89614278395234,4.42570773470181));
#7370=CARTESIAN_POINT('Ctrl Pts',(20.0045642865042,6.51929850168752,3.4048834507569));
#7371=CARTESIAN_POINT('Ctrl Pts',(19.6063766802944,7.52620253403206,1.92516050839357));
#7372=CARTESIAN_POINT('Ctrl Pts',(19.5213990760456,7.74050681089013,0.817275056870964));
#7373=CARTESIAN_POINT('Ctrl Pts',(20.9762861770254,-0.665083717171732,0.659831925794338));
#7374=CARTESIAN_POINT('Ctrl Pts',(20.9819632865468,-0.479334734700392,1.78693551201413));
#7375=CARTESIAN_POINT('Ctrl Pts',(21.0444137600939,0.899083512772255,3.84907082957959));
#7376=CARTESIAN_POINT('Ctrl Pts',(20.6829907772337,3.89567223016278,4.47016629592153));
#7377=CARTESIAN_POINT('Ctrl Pts',(19.9827922061136,6.54072369445065,3.43814044080244));
#7378=CARTESIAN_POINT('Ctrl Pts',(19.5809147730481,7.55487274495333,1.94360223594386));
#7379=CARTESIAN_POINT('Ctrl Pts',(19.495170386494,7.77070050602496,0.825094401370195));
#7380=CARTESIAN_POINT('Ctrl Pts',(20.944136298718,-0.688269396924629,0.663799539866891));
#7381=CARTESIAN_POINT('Ctrl Pts',(20.9496343763169,-0.501656605484664,1.79767191611104));
#7382=CARTESIAN_POINT('Ctrl Pts',(21.0106247070781,0.88316849673292,3.87141526973089));
#7383=CARTESIAN_POINT('Ctrl Pts',(20.6469583929094,3.89011720408456,4.49524781992686));
#7384=CARTESIAN_POINT('Ctrl Pts',(19.9454923179262,6.5452413531758,3.45823299448324));
#7385=CARTESIAN_POINT('Ctrl Pts',(19.5429523660702,7.56443226170161,1.95526155697617));
#7386=CARTESIAN_POINT('Ctrl Pts',(19.4570502190988,7.78134773773446,0.830051939546319));
#7387=CARTESIAN_POINT('Ctrl Pts',(20.9288015010359,-0.694378528658461,0.66487754631579));
#7388=CARTESIAN_POINT('Ctrl Pts',(20.9341940385801,-0.507512678145454,1.80056794113843));
#7389=CARTESIAN_POINT('Ctrl Pts',(20.994288290947,0.879209494832134,3.87694214901888));
#7390=CARTESIAN_POINT('Ctrl Pts',(20.6299743167814,3.88715690267458,4.50085271803678));
#7391=CARTESIAN_POINT('Ctrl Pts',(19.9288490341055,6.54380028754765,3.46329732355835));
#7392=CARTESIAN_POINT('Ctrl Pts',(19.5264344035507,7.56454370580656,1.95839547257913));
#7393=CARTESIAN_POINT('Ctrl Pts',(19.4405486432413,7.78179844342357,0.831396366819873));
#7394=CARTESIAN_POINT('Ctrl Pts',(20.9912613444287,-0.605761644457342,0.64999999996726));
#7395=CARTESIAN_POINT('Ctrl Pts',(20.9965584408231,-0.422203085081077,1.76027776568221));
#7396=CARTESIAN_POINT('Ctrl Pts',(21.0555891003094,0.939975845034205,3.79019025488107));
#7397=CARTESIAN_POINT('Ctrl Pts',(20.6977230264661,3.89468635713336,4.40013996981487));
#7398=CARTESIAN_POINT('Ctrl Pts',(20.009006781754,6.50431048676984,3.38580129931225));
#7399=CARTESIAN_POINT('Ctrl Pts',(19.6137143853435,7.50698802701611,1.91457368979597));
#7400=CARTESIAN_POINT('Ctrl Pts',(19.5293486952506,7.72039762831654,0.812792733639745));
#7401=CARTESIAN_POINT('Ctrl Pts',(19.4405486432413,7.78179844342357,0.831396366819873));
#7402=CARTESIAN_POINT('Ctrl Pts',(19.5264344035507,7.56454370580656,1.95839547257913));
#7403=CARTESIAN_POINT('Ctrl Pts',(19.9288490341055,6.54380028754765,3.46329732355835));
#7404=CARTESIAN_POINT('Ctrl Pts',(20.6299743167814,3.88715690267458,4.50085271803678));
#7405=CARTESIAN_POINT('Ctrl Pts',(20.9878549189357,0.932326438010548,3.88795970276883));
#7406=CARTESIAN_POINT('Ctrl Pts',(20.9366757415176,-0.445796011660645,1.89146547890979));
#7407=CARTESIAN_POINT('Ctrl Pts',(20.9296501669437,-0.66668994585945,0.814694456950355));
#7408=CARTESIAN_POINT('Origin',(0.,0.,0.));
#7409=CARTESIAN_POINT('',(-10.215287726544,18.3479670989437,0.0999999999999998));
#7410=CARTESIAN_POINT('Origin',(0.,0.,0.1));
#7411=CARTESIAN_POINT('',(-16.2953541529949,13.2461856029753,0.100000000000001));
#7412=CARTESIAN_POINT('Ctrl Pts',(-16.2953493784369,13.2462222019433,0.0999991199132545));
#7413=CARTESIAN_POINT('Ctrl Pts',(-16.285933809697,13.2581256845488,0.646093410769749));
#7414=CARTESIAN_POINT('Ctrl Pts',(-16.10778581847,13.4825500041376,1.7654977799665));
#7415=CARTESIAN_POINT('Ctrl Pts',(-15.3682322613128,14.3323354711283,3.10383414399005));
#7416=CARTESIAN_POINT('Ctrl Pts',(-13.8466743235361,15.8716081328837,4.11689374874894));
#7417=CARTESIAN_POINT('Ctrl Pts',(-11.8596718684671,17.3827686000122,3.62214872035773));
#7418=CARTESIAN_POINT('Ctrl Pts',(-10.5011160389073,18.1880952277577,1.82572643023392));
#7419=CARTESIAN_POINT('Ctrl Pts',(-10.2290551323643,18.3403020529501,0.679378368580999));
#7420=CARTESIAN_POINT('Ctrl Pts',(-10.215287726544,18.3479670989437,0.0999999999999995));
#7421=CARTESIAN_POINT('',(-19.6192103119178,7.48909785867021,0.1));
#7422=CARTESIAN_POINT('Origin',(0.,0.,0.1));
#7423=CARTESIAN_POINT('',(-20.9974494787583,-0.327284871317392,0.0999999999999996));
#7424=CARTESIAN_POINT('Ctrl Pts',(-20.9974693340905,-0.327253780935065,
0.0999991203562915));
#7425=CARTESIAN_POINT('Ctrl Pts',(-20.9979078658048,-0.312083137267839,
0.646093282080868));
#7426=CARTESIAN_POINT('Ctrl Pts',(-21.0056932646695,-0.0256558136107476,
1.76549529888658));
#7427=CARTESIAN_POINT('Ctrl Pts',(-20.9853904392171,1.10069469038826,3.10382392378813));
#7428=CARTESIAN_POINT('Ctrl Pts',(-20.8092563984664,3.257894074271,4.11690862330027));
#7429=CARTESIAN_POINT('Ctrl Pts',(-20.258486658723,5.69273305263755,3.62217220369755));
#7430=CARTESIAN_POINT('Ctrl Pts',(-19.7354089848138,7.18290752324188,1.82573407038282));
#7431=CARTESIAN_POINT('Ctrl Pts',(-19.6248297600503,7.47437657490167,0.679378368581));
#7432=CARTESIAN_POINT('Ctrl Pts',(-19.6192103119178,7.48909785867021,0.1));
#7433=CARTESIAN_POINT('',(-19.8430863491104,-6.87400350172658,0.1));
#7434=CARTESIAN_POINT('Origin',(0.,0.,0.1));
#7435=CARTESIAN_POINT('',(-15.8746048327536,-13.7476151169545,0.1));
#7436=CARTESIAN_POINT('Ctrl Pts',(-15.8746170298431,-13.7476274646558,0.100000030877339));
#7437=CARTESIAN_POINT('Ctrl Pts',(-15.8844613148521,-13.7365348441665,0.64641978528918));
#7438=CARTESIAN_POINT('Ctrl Pts',(-16.1658731636048,-13.4183330968931,2.35063215520967));
#7439=CARTESIAN_POINT('Ctrl Pts',(-17.7452375221982,-11.4411507106103,4.24960447249276));
#7440=CARTESIAN_POINT('Ctrl Pts',(-19.1793955349685,-8.65927288323145,3.61967371039169));
#7441=CARTESIAN_POINT('Ctrl Pts',(-19.7347446838629,-7.18406380571337,1.82690957806711));
#7442=CARTESIAN_POINT('Ctrl Pts',(-19.8379284373206,-6.88889277098588,0.679378368580999));
#7443=CARTESIAN_POINT('Ctrl Pts',(-19.8430863491104,-6.87400350172658,0.1));
#7444=CARTESIAN_POINT('',(-10.7821617522143,-18.0206822276263,0.1));
#7445=CARTESIAN_POINT('Origin',(0.,0.,0.1));
#7446=CARTESIAN_POINT('',(-3.32385615892284,-20.7352834616455,0.0999999999999999));
#7447=CARTESIAN_POINT('Ctrl Pts',(-3.32389023188565,-20.735297620599,0.0999991201723732));
#7448=CARTESIAN_POINT('Ctrl Pts',(-3.33890662644929,-20.7330951792288,0.64609333539514));
#7449=CARTESIAN_POINT('Ctrl Pts',(-3.6223358032244,-20.6910255270549,1.76549632683207));
#7450=CARTESIAN_POINT('Ctrl Pts',(-4.72804873188101,-20.4754439578573,3.10382816422229));
#7451=CARTESIAN_POINT('Ctrl Pts',(-6.82188465431712,-19.927383983549,4.1169025255321));
#7452=CARTESIAN_POINT('Ctrl Pts',(-9.12409132989212,-18.9621735538365,3.62216256406555));
#7453=CARTESIAN_POINT('Ctrl Pts',(-10.5007982461354,-18.1882833270222,1.82573096974494));
#7454=CARTESIAN_POINT('Ctrl Pts',(-10.7686399247525,-18.0287726278141,0.679378368581003));
#7455=CARTESIAN_POINT('Ctrl Pts',(-10.7821617522143,-18.0206822276263,0.100000000000001));
#7456=CARTESIAN_POINT('',(3.32385615892284,-20.7352834616455,0.1));
#7457=CARTESIAN_POINT('Origin',(0.,0.,0.1));
#7458=CARTESIAN_POINT('',(10.7821617522143,-18.0206822276263,0.1));
#7459=CARTESIAN_POINT('Ctrl Pts',(10.7821717904146,-18.0206963838146,0.100000030784195));
#7460=CARTESIAN_POINT('Ctrl Pts',(10.7695382083133,-18.0284649010826,0.646419700363834));
#7461=CARTESIAN_POINT('Ctrl Pts',(10.4073028771905,-18.2503463992996,2.35062979967981));
#7462=CARTESIAN_POINT('Ctrl Pts',(8.18590293394989,-19.462387832363,4.24960423265689));
#7463=CARTESIAN_POINT('Ctrl Pts',(5.1972493021764,-20.3916935660663,3.61967650056475));
#7464=CARTESIAN_POINT('Ctrl Pts',(3.64801778345457,-20.6824314874403,1.82691070861732));
#7465=CARTESIAN_POINT('Ctrl Pts',(3.33941488870896,-20.7327894045992,0.679378368581002));
#7466=CARTESIAN_POINT('Ctrl Pts',(3.32385615892284,-20.7352834616455,0.1));
#7467=CARTESIAN_POINT('',(15.8746048327536,-13.7476151169545,0.0999999999999999));
#7468=CARTESIAN_POINT('Origin',(0.,0.,0.1));
#7469=CARTESIAN_POINT('Ctrl Pts',(19.8431031409929,-6.8740078909489,0.100000030874477));
#7470=CARTESIAN_POINT('Ctrl Pts',(19.8384187914551,-6.88807960297237,0.646419782722856));
#7471=CARTESIAN_POINT('Ctrl Pts',(19.7035538947616,-7.29089031095695,2.35063208403037));
#7472=CARTESIAN_POINT('Ctrl Pts',(18.7809459641902,-9.64725131579283,4.2496044653544));
#7473=CARTESIAN_POINT('Ctrl Pts',(17.0888481791817,-12.2802075865605,3.61967379479066));
#7474=CARTESIAN_POINT('Ctrl Pts',(16.0889541109523,-13.4987584144777,1.82690961240957));
#7475=CARTESIAN_POINT('Ctrl Pts',(15.884920362281,-13.7357035996844,0.679378368581001));
#7476=CARTESIAN_POINT('Ctrl Pts',(15.8746048327536,-13.7476151169545,0.0999999999999998));
#7477=CARTESIAN_POINT('',(19.9229249830648,-6.63905566471421,0.812792733639746));
#7478=CARTESIAN_POINT('Ctrl Pts',(19.9229249830648,-6.63905566471422,0.812792733639745));
#7479=CARTESIAN_POINT('Ctrl Pts',(19.9256083258086,-6.63100330924556,0.772041674046097));
#7480=CARTESIAN_POINT('Ctrl Pts',(19.9425022711304,-6.58035246720068,0.684951952827764));
#7481=CARTESIAN_POINT('Ctrl Pts',(19.9729844982373,-6.48714104125904,0.650000000000004));
#7482=CARTESIAN_POINT('Ctrl Pts',(19.9900670452929,-6.43406710601419,0.65));
#7483=CARTESIAN_POINT('',(15.6908630274802,-13.9569630454786,0.649999999994295));
#7484=CARTESIAN_POINT('Ctrl Pts',(15.6908630274773,-13.9569630454819,0.64999999996726));
#7485=CARTESIAN_POINT('Ctrl Pts',(15.7518865169155,-13.8883584922482,1.20513888282474));
#7486=CARTESIAN_POINT('Ctrl Pts',(16.1712406806852,-13.4205285087017,2.81846612287633));
#7487=CARTESIAN_POINT('Ctrl Pts',(17.7467039128075,-11.4275911481225,4.49889247209052));
#7488=CARTESIAN_POINT('Ctrl Pts',(19.4090233083449,-8.22778584680293,3.88394320512808));
#7489=CARTESIAN_POINT('Ctrl Pts',(19.8503758036463,-6.85676612417302,1.91457368979597));
#7490=CARTESIAN_POINT('Ctrl Pts',(19.9229249830648,-6.63905566471421,0.812792733639746));
#7491=CARTESIAN_POINT('',(11.1775411619848,-17.7781487667343,0.65));
#7492=CARTESIAN_POINT('Origin',(0.,0.,0.65));
#7493=CARTESIAN_POINT('',(10.9943432526555,-17.8920210273403,0.812792733639744));
#7494=CARTESIAN_POINT('Ctrl Pts',(10.9943432526555,-17.8920210273403,0.812792733639745));
#7495=CARTESIAN_POINT('Ctrl Pts',(10.9991642620685,-17.8890585988797,0.785625360586579));
#7496=CARTESIAN_POINT('Ctrl Pts',(11.0195118988708,-17.8765529522539,0.734052482370501));
#7497=CARTESIAN_POINT('Ctrl Pts',(11.0829438388825,-17.8373531806631,0.668465333834823));
#7498=CARTESIAN_POINT('Ctrl Pts',(11.1421402183327,-17.8004061744113,0.649999999999999));
#7499=CARTESIAN_POINT('Ctrl Pts',(11.1775411619848,-17.7781487667343,0.65));
#7500=CARTESIAN_POINT('',(3.04853551545573,-20.7775463231587,0.649999999994295));
#7501=CARTESIAN_POINT('Ctrl Pts',(3.0485355154513,-20.7775463231593,0.64999999996726));
#7502=CARTESIAN_POINT('Ctrl Pts',(3.23022523899262,-20.7508883354262,1.76027776568222));
#7503=CARTESIAN_POINT('Ctrl Pts',(4.23827524613751,-20.6062870989814,3.27374544691982));
#7504=CARTESIAN_POINT('Ctrl Pts',(6.80972552879193,-19.9288252398389,4.38818627174648));
#7505=CARTESIAN_POINT('Ctrl Pts',(9.57675430873792,-18.7793387225094,3.88795367957027));
#7506=CARTESIAN_POINT('Ctrl Pts',(10.7988257710698,-18.0121632013945,1.91457368979598));
#7507=CARTESIAN_POINT('Ctrl Pts',(10.9943432526555,-17.8920210273403,0.812792733639744));
#7508=CARTESIAN_POINT('',(-2.86508045554868,-20.8036370373844,0.65));
#7509=CARTESIAN_POINT('Origin',(0.,0.,0.65));
#7510=CARTESIAN_POINT('',(-3.07861387418601,-20.7731109036097,0.812792733639744));
#7511=CARTESIAN_POINT('Ctrl Pts',(-3.07861387418601,-20.7731109036097,0.812792733639742));
#7512=CARTESIAN_POINT('Ctrl Pts',(-3.07301655439953,-20.7739404368671,0.785625360555747));
#7513=CARTESIAN_POINT('Ctrl Pts',(-3.04939088633877,-20.7774397645035,0.734052480962348));
#7514=CARTESIAN_POINT('Ctrl Pts',(-2.97560207299273,-20.788184262545,0.668465331786478));
#7515=CARTESIAN_POINT('Ctrl Pts',(-2.90650593764014,-20.7979319128964,0.649999999999998));
#7516=CARTESIAN_POINT('Ctrl Pts',(-2.86508045554868,-20.8036370373844,0.65));
#7517=CARTESIAN_POINT('',(-11.0202356449488,-17.8760847595272,0.649999999994295));
#7518=CARTESIAN_POINT('Ctrl Pts',(-11.0202356449526,-17.8760847595248,0.64999999996726));
#7519=CARTESIAN_POINT('Ctrl Pts',(-10.8639178176479,-17.9724514592568,1.76027776568221));
#7520=CARTESIAN_POINT('Ctrl Pts',(-9.99875886583137,-18.5096424281626,3.27374564875086));
#7521=CARTESIAN_POINT('Ctrl Pts',(-7.59344954760778,-19.6435729864254,4.38818641168866));
#7522=CARTESIAN_POINT('Ctrl Pts',(-4.73490668860543,-20.5416269920458,3.88795389357116));
#7523=CARTESIAN_POINT('Ctrl Pts',(-3.30561485537015,-20.7394689337878,1.91457368979597));
#7524=CARTESIAN_POINT('Ctrl Pts',(-3.07861387418601,-20.7731109036097,0.812792733639744));
#7525=CARTESIAN_POINT('',(-15.5670990861086,-14.0948723315707,0.65));
#7526=CARTESIAN_POINT('Origin',(0.,0.,0.65));
#7527=CARTESIAN_POINT('',(-15.7110533543139,-13.9342313206686,0.812792733639746));
#7528=CARTESIAN_POINT('Ctrl Pts',(-15.7110533543139,-13.9342313206686,0.812792733639745));
#7529=CARTESIAN_POINT('Ctrl Pts',(-15.7054214812903,-13.9405813413854,0.772041674051086));
#7530=CARTESIAN_POINT('Ctrl Pts',(-15.6700035370254,-13.980537349305,0.684951956868879));
#7531=CARTESIAN_POINT('Ctrl Pts',(-15.604521188777,-14.0535414442419,0.649999999999994));
#7532=CARTESIAN_POINT('Ctrl Pts',(-15.5670990861085,-14.0948723315707,0.65));
#7533=CARTESIAN_POINT('',(-19.9325160708052,-6.6102044663606,0.649999999994295));
#7534=CARTESIAN_POINT('Ctrl Pts',(-19.9325160708066,-6.61020446635636,0.64999999996726));
#7535=CARTESIAN_POINT('Ctrl Pts',(-19.8747129884135,-6.78450480375236,1.76027776568222));
#7536=CARTESIAN_POINT('Ctrl Pts',(-19.4643182729223,-8.0847917685027,3.7901056103177));
#7537=CARTESIAN_POINT('Ctrl Pts',(-18.1174513234857,-10.7388482212295,4.40008376878681));
#7538=CARTESIAN_POINT('Ctrl Pts',(-16.5777531721489,-12.9555317643343,3.38571990500171));
#7539=CARTESIAN_POINT('Ctrl Pts',(-15.8633215531655,-13.7625466585391,1.91457368979597));
#7540=CARTESIAN_POINT('Ctrl Pts',(-15.7110533543139,-13.9342313206686,0.812792733639746));
#7541=CARTESIAN_POINT('',(-20.9850990452433,-0.790960214757955,0.65));
#7542=CARTESIAN_POINT('Origin',(0.,0.,0.65));
#7543=CARTESIAN_POINT('',(-20.9921163610498,-0.57537004105554,0.812792733639745));
#7544=CARTESIAN_POINT('Ctrl Pts',(-20.9921163610498,-0.575370041055541,
0.812792733639742));
#7545=CARTESIAN_POINT('Ctrl Pts',(-20.9919613274523,-0.581026371913964,
0.785625360564606));
#7546=CARTESIAN_POINT('Ctrl Pts',(-20.9913049382619,-0.604900764481154,
0.734052480315722));
#7547=CARTESIAN_POINT('Ctrl Pts',(-20.9890729102919,-0.679434322454088,
0.668465330946644));
#7548=CARTESIAN_POINT('Ctrl Pts',(-20.9866740538892,-0.749173394364926,
0.650000000000003));
#7549=CARTESIAN_POINT('Ctrl Pts',(-20.9850990452433,-0.790960214757952,
0.65));
#7550=CARTESIAN_POINT('',(-19.5181507018912,7.74866396085559,0.649999999994295));
#7551=CARTESIAN_POINT('Ctrl Pts',(-19.5181507018896,7.74866396085975,0.64999999996726));
#7552=CARTESIAN_POINT('Ctrl Pts',(-19.5520298854796,7.66332550582978,1.20513888282474));
#7553=CARTESIAN_POINT('Ctrl Pts',(-19.7860714376468,7.0802638110601,2.81847542388244));
#7554=CARTESIAN_POINT('Ctrl Pts',(-20.5849026302519,4.6686726298746,4.49890355101872));
#7555=CARTESIAN_POINT('Ctrl Pts',(-21.0525477698246,1.09325095737208,3.88399031601942));
#7556=CARTESIAN_POINT('Ctrl Pts',(-20.9984037950538,-0.345975848091312,
1.91457368979598));
#7557=CARTESIAN_POINT('Ctrl Pts',(-20.9921163610498,-0.57537004105554,0.812792733639745));
#7558=CARTESIAN_POINT('',(-16.5839379377114,12.8830509770837,0.65));
#7559=CARTESIAN_POINT('Origin',(0.,0.,0.65));
#7560=CARTESIAN_POINT('',(-16.4507348210645,13.0527132752932,0.812792733639745));
#7561=CARTESIAN_POINT('Ctrl Pts',(-16.4507348210645,13.0527132752932,0.812792733639742));
#7562=CARTESIAN_POINT('Ctrl Pts',(-16.456010406211,13.0460642935497,0.772041674049501));
#7563=CARTESIAN_POINT('Ctrl Pts',(-16.489209131087,13.0042461395118,0.684951956725719));
#7564=CARTESIAN_POINT('Ctrl Pts',(-16.5497332393626,12.9270815871933,0.650000000000003));
#7565=CARTESIAN_POINT('Ctrl Pts',(-16.5839379377114,12.8830509770837,0.65));
#7566=CARTESIAN_POINT('',(-9.97102569947997,18.48184640398,0.649999999994295));
#7567=CARTESIAN_POINT('Ctrl Pts',(-9.97102569947604,18.4818464039822,0.64999999996726));
#7568=CARTESIAN_POINT('Ctrl Pts',(-10.1326406231752,18.3946545443379,1.76027776568221));
#7569=CARTESIAN_POINT('Ctrl Pts',(-11.3419300032827,17.7647067070875,3.79008047121494));
#7570=CARTESIAN_POINT('Ctrl Pts',(-13.7217648422038,15.9774294282209,4.40006698727803));
#7571=CARTESIAN_POINT('Ctrl Pts',(-15.6374058021066,14.076207890511,3.38569571825734));
#7572=CARTESIAN_POINT('Ctrl Pts',(-16.3080995299733,13.2324809067717,1.91457368979597));
#7573=CARTESIAN_POINT('Ctrl Pts',(-16.4507348210645,13.0527132752932,0.812792733639745));
#7574=CARTESIAN_POINT('',(-4.42296795918439,20.5289394375849,0.65));
#7575=CARTESIAN_POINT('Origin',(0.,0.,0.65));
#7576=CARTESIAN_POINT('',(-4.2118716287509,20.5732869853828,0.812792733639745));
#7577=CARTESIAN_POINT('Ctrl Pts',(-4.2118716287509,20.5732869853828,0.812792733639742));
#7578=CARTESIAN_POINT('Ctrl Pts',(-4.22018684452456,20.5715846506306,0.772041674018645));
#7579=CARTESIAN_POINT('Ctrl Pts',(-4.27249873213113,20.5608898156499,0.684951949494078));
#7580=CARTESIAN_POINT('Ctrl Pts',(-4.36846330941902,20.5406824855037,0.649999999999995));
#7581=CARTESIAN_POINT('Ctrl Pts',(-4.42296795918439,20.5289394375849,0.65));
#7582=CARTESIAN_POINT('Ctrl Pts',(4.20408845518961,20.5748800427771,0.849997771762311));
#7583=CARTESIAN_POINT('Ctrl Pts',(3.97446278853886,20.6218662124333,1.92125995512878));
#7584=CARTESIAN_POINT('Ctrl Pts',(2.94748519767541,20.8298228333178,3.358068957485));
#7585=CARTESIAN_POINT('Ctrl Pts',(0.323410238384789,21.0560629576221,4.38831116142588));
#7586=CARTESIAN_POINT('Ctrl Pts',(-2.61372366886182,20.9139607416631,3.84923188584483));
#7587=CARTESIAN_POINT('Ctrl Pts',(-3.9902021804775,20.6186683219095,1.89914637119442));
#7588=CARTESIAN_POINT('Ctrl Pts',(-4.2118716287509,20.5732869853828,0.812792733639745));
#7589=CARTESIAN_POINT('Origin',(19.2529915713887,3.39482187338848,0.));
#7590=CARTESIAN_POINT('Ctrl Pts',(13.2878939937504,-12.1421527420327,0.65));
#7591=CARTESIAN_POINT('Ctrl Pts',(13.2877923503115,-12.1422639766111,0.650385595587142));
#7592=CARTESIAN_POINT('Ctrl Pts',(13.2876913202229,-12.1423771749946,0.650774017794258));
#7593=CARTESIAN_POINT('Ctrl Pts',(13.2682861650311,-12.1635290065645,0.724211098592794));
#7594=CARTESIAN_POINT('Ctrl Pts',(13.2672234339568,-12.2047332475588,0.80597910086721));
#7595=CARTESIAN_POINT('Ctrl Pts',(13.2989689833071,-12.244570160714,0.826445439481785));
#7596=CARTESIAN_POINT('Ctrl Pts',(13.2878939937504,-12.1421527420327,0.65));
#7597=CARTESIAN_POINT('Ctrl Pts',(13.2876435113594,-12.1423329459138,0.650403831590801));
#7598=CARTESIAN_POINT('Ctrl Pts',(13.2876978977691,-12.1424629511127,0.650581660229226));
#7599=CARTESIAN_POINT('Ctrl Pts',(13.2557692089166,-12.1735816064747,0.714916981844147));
#7600=CARTESIAN_POINT('Ctrl Pts',(13.2704815893368,-12.2356083356445,0.778103329677416));
#7601=CARTESIAN_POINT('Ctrl Pts',(13.2979359454305,-12.2573641843901,0.783674854816303));
#7602=CARTESIAN_POINT('Ctrl Pts',(13.2878939937504,-12.1421527420327,0.65));
#7603=CARTESIAN_POINT('Ctrl Pts',(13.2876119788837,-12.1423672055112,0.650365093054345));
#7604=CARTESIAN_POINT('Ctrl Pts',(13.2875888954952,-12.1425824419519,0.65044287471714));
#7605=CARTESIAN_POINT('Ctrl Pts',(13.2474841641572,-12.1826465880499,0.704443575246072));
#7606=CARTESIAN_POINT('Ctrl Pts',(13.2481689040877,-12.2598592109719,0.750899058520334));
#7607=CARTESIAN_POINT('Ctrl Pts',(13.2696290078975,-12.288108272063,0.749229117184856));
#7608=CARTESIAN_POINT('Ctrl Pts',(13.2878939937504,-12.1421527420327,0.65));
#7609=CARTESIAN_POINT('Ctrl Pts',(13.2876524622775,-12.1424170645689,0.650208649117617));
#7610=CARTESIAN_POINT('Ctrl Pts',(13.2874104430324,-12.1426845060283,0.650419012949811));
#7611=CARTESIAN_POINT('Ctrl Pts',(13.2413728313695,-12.1929903840725,0.69012426219909));
#7612=CARTESIAN_POINT('Ctrl Pts',(13.2098068987067,-12.2671522755429,0.735910287848507));
#7613=CARTESIAN_POINT('Ctrl Pts',(13.2340675701253,-12.3150594086106,0.747469144438608));
#7614=CARTESIAN_POINT('',(13.2340675701253,-12.3150594086106,0.747469144438607));
#7615=CARTESIAN_POINT('',(13.2989689833071,-12.244570160714,0.826445439481784));
#7616=CARTESIAN_POINT('Origin',(13.2177018617882,-12.299830177736,0.844938288877215));
#7617=CARTESIAN_POINT('Ctrl Pts',(13.2989689833071,-12.244570160714,0.826445439481785));
#7618=CARTESIAN_POINT('Ctrl Pts',(13.2672234339568,-12.2047332475588,0.80597910086721));
#7619=CARTESIAN_POINT('Ctrl Pts',(13.2682861650311,-12.1635290065645,0.724211098592794));
#7620=CARTESIAN_POINT('Ctrl Pts',(13.2876913202229,-12.1423771749946,0.650774017794258));
#7621=CARTESIAN_POINT('Ctrl Pts',(13.2877923503115,-12.1422639766111,0.650385595587142));
#7622=CARTESIAN_POINT('Ctrl Pts',(13.2878939937504,-12.1421527420327,0.65));
#7623=CARTESIAN_POINT('Ctrl Pts',(13.2878939937504,-12.1421527420327,0.65));
#7624=CARTESIAN_POINT('Ctrl Pts',(13.2876524622775,-12.1424170645689,0.650208649117617));
#7625=CARTESIAN_POINT('Ctrl Pts',(13.2874104430324,-12.1426845060283,0.650419012949811));
#7626=CARTESIAN_POINT('Ctrl Pts',(13.2413728313695,-12.1929903840725,0.69012426219909));
#7627=CARTESIAN_POINT('Ctrl Pts',(13.2098068987067,-12.2671522755429,0.735910287848507));
#7628=CARTESIAN_POINT('Ctrl Pts',(13.2340675701253,-12.3150594086106,0.747469144438608));
#7629=CARTESIAN_POINT('Ctrl Pts',(13.2443160655608,-12.3368590798277,0.75));
#7630=CARTESIAN_POINT('Ctrl Pts',(13.2410499829594,-12.329378224719,0.75));
#7631=CARTESIAN_POINT('Ctrl Pts',(13.2376067691278,-12.3220482043715,0.749155375335037));
#7632=CARTESIAN_POINT('Ctrl Pts',(13.2340675701253,-12.3150594086106,0.747469144438606));
#7633=CARTESIAN_POINT('Ctrl Pts',(13.2659588160222,-12.3218188061568,0.75));
#7634=CARTESIAN_POINT('Ctrl Pts',(13.2622944855591,-12.3142960701202,0.750428090760828));
#7635=CARTESIAN_POINT('Ctrl Pts',(13.2583886191938,-12.3068176328008,0.749908395200022));
#7636=CARTESIAN_POINT('Ctrl Pts',(13.2543883917094,-12.2996587591548,0.748474843150748));
#7637=CARTESIAN_POINT('Ctrl Pts',(13.3035926708159,-12.295665777391,0.769214330684538));
#7638=CARTESIAN_POINT('Ctrl Pts',(13.2981729306465,-12.2870459584452,0.769894490669081));
#7639=CARTESIAN_POINT('Ctrl Pts',(13.2925283316813,-12.2784529773686,0.769417439954908));
#7640=CARTESIAN_POINT('Ctrl Pts',(13.2868124035166,-12.270123716809,0.767726573124788));
#7641=CARTESIAN_POINT('Ctrl Pts',(13.3219809384922,-12.2828871530346,0.811974725174065));
#7642=CARTESIAN_POINT('Ctrl Pts',(13.3142909880301,-12.2717521539306,0.812196616641371));
#7643=CARTESIAN_POINT('Ctrl Pts',(13.3064114545314,-12.2607094661719,0.810914560761452));
#7644=CARTESIAN_POINT('Ctrl Pts',(13.2985262527885,-12.250053313718,0.808115188910863));
#7645=CARTESIAN_POINT('Ctrl Pts',(13.3250006919216,-12.2807886250274,0.831396366819873));
#7646=CARTESIAN_POINT('Ctrl Pts',(13.3164462456631,-12.2684788925212,0.831396366819873));
#7647=CARTESIAN_POINT('Ctrl Pts',(13.3076972619991,-12.2563023439957,0.829744089460399));
#7648=CARTESIAN_POINT('Ctrl Pts',(13.2989689833071,-12.244570160714,0.826445439481784));
#7649=CARTESIAN_POINT('',(13.2443160655608,-12.3368590798277,0.75));
#7650=CARTESIAN_POINT('Origin',(13.2247965207234,-12.3577264551645,0.651052354407299));
#7651=CARTESIAN_POINT('',(13.3250006919216,-12.2807886250274,0.831396366819873));
#7652=CARTESIAN_POINT('Origin',(13.2443160655608,-12.3368590798277,0.85));
#7653=CARTESIAN_POINT('Origin',(13.3054702363548,-12.301634772565,0.636306189390049));
#7654=CARTESIAN_POINT('Origin',(16.9307966439858,-9.77500000000001,0.85));
#7655=CARTESIAN_POINT('',(15.4929700428414,-14.0277538918966,0.75));
#7656=CARTESIAN_POINT('',(15.5244392177406,-13.9346754525905,0.831396366819873));
#7657=CARTESIAN_POINT('Origin',(15.4929700428414,-14.0277538918966,0.85));
#7658=CARTESIAN_POINT('Origin',(16.9307966439858,-9.77500000000001,0.831396366819873));
#7659=CARTESIAN_POINT('Origin',(16.9307966439858,-9.77500000000001,0.75));
#7660=CARTESIAN_POINT('Ctrl Pts',(15.5446748586006,-14.0307894378868,0.741479941521733));
#7661=CARTESIAN_POINT('Ctrl Pts',(15.5287756240509,-14.0291361561167,0.747180154212904));
#7662=CARTESIAN_POINT('Ctrl Pts',(15.5110471562755,-14.0281251766353,0.75));
#7663=CARTESIAN_POINT('Ctrl Pts',(15.4929700428414,-14.0277538918966,0.75));
#7664=CARTESIAN_POINT('Ctrl Pts',(15.554536904615,-14.0096894809043,0.744489747587562));
#7665=CARTESIAN_POINT('Ctrl Pts',(15.5378807398878,-14.0066621353243,0.749678219293082));
#7666=CARTESIAN_POINT('Ctrl Pts',(15.5195599729086,-14.0042785885038,0.75146688383703));
#7667=CARTESIAN_POINT('Ctrl Pts',(15.5014112977655,-14.002786639446,0.75));
#7668=CARTESIAN_POINT('Ctrl Pts',(15.5762540553567,-13.9770007913386,0.763551373462773));
#7669=CARTESIAN_POINT('Ctrl Pts',(15.5571361672366,-13.9706081991945,0.769816564458222));
#7670=CARTESIAN_POINT('Ctrl Pts',(15.5363917430618,-13.9645433995219,0.771546785676904));
#7671=CARTESIAN_POINT('Ctrl Pts',(15.5160889421679,-13.9593736094558,0.769216168482573));
#7672=CARTESIAN_POINT('Ctrl Pts',(15.5969052504358,-13.9648635987527,0.798779073359559));
#7673=CARTESIAN_POINT('Ctrl Pts',(15.5738064673652,-13.9556711753712,0.808413265963587));
#7674=CARTESIAN_POINT('Ctrl Pts',(15.548523135201,-13.9465568978776,0.812735052274647));
#7675=CARTESIAN_POINT('Ctrl Pts',(15.5232614326642,-13.9381590646363,0.811974725174065));
#7676=CARTESIAN_POINT('Ctrl Pts',(15.6043394804616,-13.964115506059,0.814729200551817));
#7677=CARTESIAN_POINT('Ctrl Pts',(15.579402416786,-13.9540506325854,0.825880109073088));
#7678=CARTESIAN_POINT('Ctrl Pts',(15.5520175401956,-13.9439994921772,0.831396366819873));
#7679=CARTESIAN_POINT('Ctrl Pts',(15.5244392177406,-13.9346754525905,0.831396366819873));
#7680=CARTESIAN_POINT('',(15.5446748586006,-14.0307894378868,0.741479941521733));
#7681=CARTESIAN_POINT('Origin',(15.4720224179442,-14.0504630427562,0.650544788874342));
#7682=CARTESIAN_POINT('',(15.6043394804601,-13.9641155060591,0.814729200548563));
#7683=CARTESIAN_POINT('Origin',(15.5746581834483,-14.0578527069106,0.832959883043466));
#7684=CARTESIAN_POINT('Origin',(15.5043769237154,-13.95644356224,0.636404660989607));
#7685=CARTESIAN_POINT('Ctrl Pts',(15.604339480461,-13.9641155060588,0.814729200551578));
#7686=CARTESIAN_POINT('Ctrl Pts',(15.6419349758069,-13.9820793239403,0.783573211661881));
#7687=CARTESIAN_POINT('Ctrl Pts',(15.6740109062838,-13.9757918619585,0.714932439739002));
#7688=CARTESIAN_POINT('Ctrl Pts',(15.6906927408217,-13.9571531538374,0.650656307210213));
#7689=CARTESIAN_POINT('Ctrl Pts',(15.69077836139,-13.9570582297977,0.650327497143799));
#7690=CARTESIAN_POINT('Ctrl Pts',(15.6908630274832,-13.9569630454752,0.650000000021454));
#7691=CARTESIAN_POINT('Ctrl Pts',(15.59442717376,-13.9651129629838,0.793462364295359));
#7692=CARTESIAN_POINT('Ctrl Pts',(15.6273137351014,-13.983452542727,0.770205862730742));
#7693=CARTESIAN_POINT('Ctrl Pts',(15.6696292323323,-13.9812102868763,0.709534769706966));
#7694=CARTESIAN_POINT('Ctrl Pts',(15.6906480071434,-13.9572011369817,0.650598514325491));
#7695=CARTESIAN_POINT('Ctrl Pts',(15.6907561986157,-13.9570831458954,0.650299077765575));
#7696=CARTESIAN_POINT('Ctrl Pts',(15.6908630274825,-13.956963045476,0.650000000020594));
#7697=CARTESIAN_POINT('Ctrl Pts',(15.5726680355066,-13.9810080933052,0.759148878547019));
#7698=CARTESIAN_POINT('Ctrl Pts',(15.6057812796201,-13.9954283883771,0.747447959925462));
#7699=CARTESIAN_POINT('Ctrl Pts',(15.662116147993,-13.9900946371528,0.699968178133915));
#7700=CARTESIAN_POINT('Ctrl Pts',(15.6905694379368,-13.9572874825644,0.650497805383806));
#7701=CARTESIAN_POINT('Ctrl Pts',(15.6907174137607,-13.9571267490665,0.650249343853682));
#7702=CARTESIAN_POINT('Ctrl Pts',(15.6908630274814,-13.9569630454773,0.65000000001909));
#7703=CARTESIAN_POINT('Ctrl Pts',(15.5520713931117,-14.01496447015,0.743737296071029));
#7704=CARTESIAN_POINT('Ctrl Pts',(15.5958884594371,-14.0223697434106,0.729867027551655));
#7705=CARTESIAN_POINT('Ctrl Pts',(15.6543376719589,-13.9982653904318,0.689844881721896));
#7706=CARTESIAN_POINT('Ctrl Pts',(15.6904922890296,-13.9573768141799,0.650399101475333));
#7707=CARTESIAN_POINT('Ctrl Pts',(15.6906786289057,-13.9571703522376,0.650199609941789));
#7708=CARTESIAN_POINT('Ctrl Pts',(15.6908630274802,-13.9569630454786,0.650000000017585));
#7709=CARTESIAN_POINT('Ctrl Pts',(15.5446748586011,-14.0307894378868,0.741479941521549));
#7710=CARTESIAN_POINT('Ctrl Pts',(15.593838604562,-14.0359017295934,0.723853696195453));
#7711=CARTESIAN_POINT('Ctrl Pts',(15.6509515551224,-14.001719749167,0.685333501611968));
#7712=CARTESIAN_POINT('Ctrl Pts',(15.6904594995155,-13.9574153459422,0.650357418662608));
#7713=CARTESIAN_POINT('Ctrl Pts',(15.690662006825,-13.9571890393109,0.650178295408121));
#7714=CARTESIAN_POINT('Ctrl Pts',(15.6908630274797,-13.9569630454792,0.65000000001694));
#7715=CARTESIAN_POINT('Ctrl Pts',(15.5446748586011,-14.0307894378868,0.741479941521549));
#7716=CARTESIAN_POINT('Ctrl Pts',(15.593838604562,-14.0359017295934,0.723853696195453));
#7717=CARTESIAN_POINT('Ctrl Pts',(15.6509515551224,-14.001719749167,0.685333501611968));
#7718=CARTESIAN_POINT('Ctrl Pts',(15.6904594995155,-13.9574153459422,0.650357418662608));
#7719=CARTESIAN_POINT('Ctrl Pts',(15.690662006825,-13.9571890393109,0.650178295408121));
#7720=CARTESIAN_POINT('Ctrl Pts',(15.6908630274797,-13.9569630454792,0.65000000001694));
#7721=CARTESIAN_POINT('Ctrl Pts',(15.6908630274832,-13.9569630454752,0.650000000021454));
#7722=CARTESIAN_POINT('Ctrl Pts',(15.69077836139,-13.9570582297977,0.650327497143799));
#7723=CARTESIAN_POINT('Ctrl Pts',(15.6906927408217,-13.9571531538374,0.650656307210213));
#7724=CARTESIAN_POINT('Ctrl Pts',(15.6740109062838,-13.9757918619585,0.714932439739002));
#7725=CARTESIAN_POINT('Ctrl Pts',(15.6419349758069,-13.9820793239403,0.783573211661881));
#7726=CARTESIAN_POINT('Ctrl Pts',(15.604339480461,-13.9641155060588,0.814729200551578));
#7727=CARTESIAN_POINT('Origin',(0.,0.,0.65));
#7728=CARTESIAN_POINT('',(11.1243147754992,-17.6934909154641,0.75));
#7729=CARTESIAN_POINT('Origin',(0.,0.,0.75));
#7730=CARTESIAN_POINT('Origin',(11.1243147754992,-17.6934909154641,0.65));
#7731=CARTESIAN_POINT('Origin',(-9.19216697549299E-16,0.,0.75));
#7732=CARTESIAN_POINT('',(9.84958312040389,-15.1853782420543,0.75));
#7733=CARTESIAN_POINT('Origin',(0.,0.,0.75));
#7734=CARTESIAN_POINT('Origin',(6.68649380201682,-18.3709907363645,0.75));
#7735=CARTESIAN_POINT('',(13.1088917212267,-14.4557759335552,0.75));
#7736=CARTESIAN_POINT('Origin',(12.5343583888875,-14.9378666408201,0.750000000000002));
#7737=CARTESIAN_POINT('Origin',(0.,0.,0.65));
#7738=CARTESIAN_POINT('Origin',(9.84958312040389,-15.1853782420543,0.65));
#7739=CARTESIAN_POINT('Ctrl Pts',(17.1508029422386,-5.46351154812536,0.812792733633719));
#7740=CARTESIAN_POINT('Ctrl Pts',(17.1199206389383,-5.560455847344,1.33829983435753));
#7741=CARTESIAN_POINT('Ctrl Pts',(16.9426390378572,-6.12095743754748,2.85826312439393));
#7742=CARTESIAN_POINT('Ctrl Pts',(16.074669116615,-8.34917992909946,4.52767870126764));
#7743=CARTESIAN_POINT('Ctrl Pts',(14.1997636850329,-11.1894201083598,3.71054204496749));
#7744=CARTESIAN_POINT('Ctrl Pts',(13.3976297418208,-12.0220622590136,1.70819896264472));
#7745=CARTESIAN_POINT('Ctrl Pts',(13.2878939937449,-12.1421527420387,0.649999999947162));
#7746=CARTESIAN_POINT('Ctrl Pts',(17.1584078867701,-5.43963845773329,0.817670651632869));
#7747=CARTESIAN_POINT('Ctrl Pts',(17.1274447667321,-5.53731329436073,1.34632472455013));
#7748=CARTESIAN_POINT('Ctrl Pts',(16.9496878774587,-6.10209598486424,2.87528190061121));
#7749=CARTESIAN_POINT('Ctrl Pts',(16.0781807193039,-8.34554864219449,4.55317464892799));
#7750=CARTESIAN_POINT('Ctrl Pts',(14.1906630008841,-11.202588960978,3.73209219229796));
#7751=CARTESIAN_POINT('Ctrl Pts',(13.3815446020228,-12.0400110133796,1.71845522264962));
#7752=CARTESIAN_POINT('Ctrl Pts',(13.2708578536948,-12.1607964230941,0.653904016902894));
#7753=CARTESIAN_POINT('Ctrl Pts',(17.188763465095,-5.40354964997762,0.826159022378884));
#7754=CARTESIAN_POINT('Ctrl Pts',(17.1574743514782,-5.50253339866319,1.36026761356604));
#7755=CARTESIAN_POINT('Ctrl Pts',(16.9778140162583,-6.07506887805543,2.90486250439892));
#7756=CARTESIAN_POINT('Ctrl Pts',(16.0970798494498,-8.34589693145706,4.5975873547955));
#7757=CARTESIAN_POINT('Ctrl Pts',(14.1873141327416,-11.2352071605107,3.7695949133877));
#7758=CARTESIAN_POINT('Ctrl Pts',(13.3667548947786,-12.0831063079606,1.73625724636296));
#7759=CARTESIAN_POINT('Ctrl Pts',(13.2545104012254,-12.2053894770229,0.660697463877097));
#7760=CARTESIAN_POINT('Ctrl Pts',(17.2342397411284,-5.39431281865403,0.830559814191349));
#7761=CARTESIAN_POINT('Ctrl Pts',(17.2025864253575,-5.49393086018003,1.36754172231396));
#7762=CARTESIAN_POINT('Ctrl Pts',(17.0208521127149,-6.06999928314,2.92057056731918));
#7763=CARTESIAN_POINT('Ctrl Pts',(16.131053786402,-8.3576049894854,4.6245066482663));
#7764=CARTESIAN_POINT('Ctrl Pts',(14.2067357739558,-11.2713946143532,3.7907373965242));
#7765=CARTESIAN_POINT('Ctrl Pts',(13.3819774748772,-12.1262741544886,1.74553693149855));
#7766=CARTESIAN_POINT('Ctrl Pts',(13.2691480624305,-12.2495666016405,0.66421242423697));
#7767=CARTESIAN_POINT('Ctrl Pts',(17.2533016728373,-5.39587547703718,0.831396366813708));
#7768=CARTESIAN_POINT('Ctrl Pts',(17.2215370236241,-5.49558959576593,1.36893155407274));
#7769=CARTESIAN_POINT('Ctrl Pts',(17.0391902661447,-6.07210541530015,2.9236845737964));
#7770=CARTESIAN_POINT('Ctrl Pts',(16.1464213619667,-8.36399100184294,4.63131062393341));
#7771=CARTESIAN_POINT('Ctrl Pts',(14.2179475443539,-11.2853803845669,3.79547090843664));
#7772=CARTESIAN_POINT('Ctrl Pts',(13.3928956341903,-12.1418121597,1.74729713070708));
#7773=CARTESIAN_POINT('Ctrl Pts',(13.2800245989606,-12.2653337775678,0.664877546295232));
#7774=CARTESIAN_POINT('',(17.2533016728375,-5.39587547703836,0.831396366819873));
#7775=CARTESIAN_POINT('Ctrl Pts',(13.2991346608045,-12.2445728998218,0.826424025986713));
#7776=CARTESIAN_POINT('Ctrl Pts',(13.4343480618919,-12.0984015961495,1.84856234122611));
#7777=CARTESIAN_POINT('Ctrl Pts',(14.2500211221716,-11.2367930463065,3.80937224840468));
#7778=CARTESIAN_POINT('Ctrl Pts',(16.1464213619667,-8.36399100184294,4.63131062393341));
#7779=CARTESIAN_POINT('Ctrl Pts',(17.0391902661447,-6.07210541530015,2.9236845737964));
#7780=CARTESIAN_POINT('Ctrl Pts',(17.2215370236241,-5.49558959576593,1.36893155407274));
#7781=CARTESIAN_POINT('Ctrl Pts',(17.2533016728373,-5.39587547703718,0.831396366813708));
#7782=CARTESIAN_POINT('Origin',(17.2460851808066,-5.49386439005939,0.81279273363372));
#7783=CARTESIAN_POINT('Ctrl Pts',(13.4612508192311,-11.9496747395797,0.0999999999999991));
#7784=CARTESIAN_POINT('Ctrl Pts',(13.4705490703969,-11.9392003045971,0.653449709983822));
#7785=CARTESIAN_POINT('Ctrl Pts',(13.6471254131039,-11.7436537979127,1.7543434941062));
#7786=CARTESIAN_POINT('Ctrl Pts',(14.3137791177767,-10.9402104168029,3.09306945926875));
#7787=CARTESIAN_POINT('Ctrl Pts',(15.195607195991,-9.69729968333115,3.84575307334021));
#7788=CARTESIAN_POINT('Ctrl Pts',(16.0414388179968,-8.2216816749706,3.82097506358063));
#7789=CARTESIAN_POINT('Ctrl Pts',(16.6610782347681,-6.85241889606088,3.02677143834341));
#7790=CARTESIAN_POINT('Ctrl Pts',(17.0075619936691,-5.90598364324405,1.66079427121336));
#7791=CARTESIAN_POINT('Ctrl Pts',(17.0797466848597,-5.68174737039802,0.553643367225506));
#7792=CARTESIAN_POINT('Ctrl Pts',(17.0797466848597,-5.68174737039802,-6.95696135196253E-16));
#7793=CARTESIAN_POINT('Ctrl Pts',(13.4815149944003,-11.9268472442259,0.0992232326699376));
#7794=CARTESIAN_POINT('Ctrl Pts',(13.4907305418202,-11.9164290946601,0.648348488182364));
#7795=CARTESIAN_POINT('Ctrl Pts',(13.6658271548097,-11.7218483462847,1.74068994355454));
#7796=CARTESIAN_POINT('Ctrl Pts',(14.3262362801179,-10.9234560212926,3.06780537464939));
#7797=CARTESIAN_POINT('Ctrl Pts',(15.1992021648503,-9.69066017422784,3.81298093935496));
#7798=CARTESIAN_POINT('Ctrl Pts',(16.0370941349634,-8.229012466657,3.78847909644254));
#7799=CARTESIAN_POINT('Ctrl Pts',(16.6526349870752,-6.87225038645945,3.00212530562707));
#7800=CARTESIAN_POINT('Ctrl Pts',(16.9980026409911,-5.93338085737636,1.64788910318671));
#7801=CARTESIAN_POINT('Ctrl Pts',(17.0701088677374,-5.71071935107803,0.549318152368687));
#7802=CARTESIAN_POINT('Ctrl Pts',(17.0701088677374,-5.71071935107803,-6.90292503698959E-16));
#7803=CARTESIAN_POINT('Ctrl Pts',(13.5260864888233,-11.9088661049551,0.098128050963776));
#7804=CARTESIAN_POINT('Ctrl Pts',(13.535212523986,-11.8985285547741,0.641215893911006));
#7805=CARTESIAN_POINT('Ctrl Pts',(13.7085724263805,-11.7054474214095,1.72142268575881));
#7806=CARTESIAN_POINT('Ctrl Pts',(14.3620423826627,-10.9140165825358,3.0323492319501));
#7807=CARTESIAN_POINT('Ctrl Pts',(15.2246921738971,-9.69442665854429,3.7671309023784));
#7808=CARTESIAN_POINT('Ctrl Pts',(16.0526211289509,-8.25019074536723,3.74297126442094));
#7809=CARTESIAN_POINT('Ctrl Pts',(16.6621420007068,-6.9087203656688,2.96755294201768));
#7810=CARTESIAN_POINT('Ctrl Pts',(17.0050911392125,-5.97897240137063,1.6296799463695));
#7811=CARTESIAN_POINT('Ctrl Pts',(17.0768202824424,-5.75832068014667,0.543279615268214));
#7812=CARTESIAN_POINT('Ctrl Pts',(17.0768202824424,-5.75832068014667,-6.8267378722875E-16));
#7813=CARTESIAN_POINT('Ctrl Pts',(13.5862693208334,-11.9256682093251,0.0974310885183038));
#7814=CARTESIAN_POINT('Ctrl Pts',(13.5953618683615,-11.9153934103096,0.636656167984664));
#7815=CARTESIAN_POINT('Ctrl Pts',(13.7680954169593,-11.723496301661,1.70921234447324));
#7816=CARTESIAN_POINT('Ctrl Pts',(14.4193148398926,-10.9364961557867,3.01133624665388));
#7817=CARTESIAN_POINT('Ctrl Pts',(15.279193845698,-9.722478611482,3.74163985776471));
#7818=CARTESIAN_POINT('Ctrl Pts',(16.1039546913803,-8.28370575763801,3.71762567905068));
#7819=CARTESIAN_POINT('Ctrl Pts',(16.7100416226902,-6.94737968090398,2.94694760114338));
#7820=CARTESIAN_POINT('Ctrl Pts',(17.0503688607351,-6.02167988084103,1.61811074539774));
#7821=CARTESIAN_POINT('Ctrl Pts',(17.1214593343236,-5.80204492342028,0.539415166063779));
#7822=CARTESIAN_POINT('Ctrl Pts',(17.1214593343236,-5.80204492342028,-6.77824904899564E-16));
#7823=CARTESIAN_POINT('Ctrl Pts',(13.6098505676521,-11.9464258974408,0.0974277467160175));
#7824=CARTESIAN_POINT('Ctrl Pts',(13.6189556843472,-11.9361580875018,0.636629604853752));
#7825=CARTESIAN_POINT('Ctrl Pts',(13.7919034421709,-11.7444219457586,1.7091911248287));
#7826=CARTESIAN_POINT('Ctrl Pts',(14.4444090252008,-10.9572997616184,3.01250757151577));
#7827=CARTESIAN_POINT('Ctrl Pts',(15.3068308620855,-9.74105722860521,3.74450996011652));
#7828=CARTESIAN_POINT('Ctrl Pts',(16.1339506666335,-8.29811313937275,3.72042992631399));
#7829=CARTESIAN_POINT('Ctrl Pts',(16.7405890004903,-6.95858072608549,2.94800092238435));
#7830=CARTESIAN_POINT('Ctrl Pts',(17.0803601703135,-6.03181186450593,1.61806718754484));
#7831=CARTESIAN_POINT('Ctrl Pts',(17.1512255358127,-5.81208736960857,0.539391145425172));
#7832=CARTESIAN_POINT('Ctrl Pts',(17.1512255358127,-5.81208736960857,-6.7780132371812E-16));
#7833=CARTESIAN_POINT('Ctrl Pts',(13.619465408329,-11.9609853451461,0.0975423937085272));
#7834=CARTESIAN_POINT('Ctrl Pts',(13.6285855325157,-11.9507115693444,0.637390488799645));
#7835=CARTESIAN_POINT('Ctrl Pts',(13.8017791949784,-11.7589111551141,1.71122863802102));
#7836=CARTESIAN_POINT('Ctrl Pts',(14.45566178727,-10.9708593718312,3.01705398963816));
#7837=CARTESIAN_POINT('Ctrl Pts',(15.3205966487978,-9.75175913029216,3.75123960385531));
#7838=CARTESIAN_POINT('Ctrl Pts',(16.1502246397062,-8.30440959668012,3.7270705400225));
#7839=CARTESIAN_POINT('Ctrl Pts',(16.7579935987392,-6.9613778410233,2.9523853130462));
#7840=CARTESIAN_POINT('Ctrl Pts',(17.0978397540505,-6.0330734871883,1.61997848671562));
#7841=CARTESIAN_POINT('Ctrl Pts',(17.1686416001494,-5.81313291782429,0.540036993000254));
#7842=CARTESIAN_POINT('Ctrl Pts',(17.1686416001494,-5.81313291782429,-6.78598663208142E-16));
#7843=CARTESIAN_POINT('',(13.619465408329,-11.9609853451461,0.0975423937085274));
#7844=CARTESIAN_POINT('Ctrl Pts',(17.1686416001494,-5.81313291782429,-6.78598663208142E-16));
#7845=CARTESIAN_POINT('Ctrl Pts',(17.1686416001494,-5.81313291782429,0.540036993000254));
#7846=CARTESIAN_POINT('Ctrl Pts',(17.0978397540505,-6.0330734871883,1.61997848671562));
#7847=CARTESIAN_POINT('Ctrl Pts',(16.7579935987392,-6.9613778410233,2.9523853130462));
#7848=CARTESIAN_POINT('Ctrl Pts',(16.1502246397062,-8.30440959668012,3.7270705400225));
#7849=CARTESIAN_POINT('Ctrl Pts',(15.3205966487978,-9.75175913029216,3.75123960385531));
#7850=CARTESIAN_POINT('Ctrl Pts',(14.45566178727,-10.9708593718312,3.01705398963816));
#7851=CARTESIAN_POINT('Ctrl Pts',(13.8017791949784,-11.7589111551141,1.71122863802102));
#7852=CARTESIAN_POINT('Ctrl Pts',(13.6285855325157,-11.9507115693444,0.637390488799645));
#7853=CARTESIAN_POINT('Ctrl Pts',(13.619465408329,-11.9609853451461,0.0975423937085272));
#7854=CARTESIAN_POINT('Origin',(13.5360355460046,-12.0160618214663,0.0999999999999993));
#7855=CARTESIAN_POINT('Origin',(16.9307966439858,-9.77500000000001,0.1));
#7856=CARTESIAN_POINT('',(15.8268262998915,-13.5861279118904,0.0975423937085279));
#7857=CARTESIAN_POINT('',(15.7990114764071,-13.6821502830643,0.));
#7858=CARTESIAN_POINT('Origin',(15.7990114764072,-13.6821502830643,0.1));
#7859=CARTESIAN_POINT('',(13.5360355460046,-12.0160618214663,0.));
#7860=CARTESIAN_POINT('Origin',(16.9307966439858,-9.77500000000001,0.));
#7861=CARTESIAN_POINT('Origin',(13.5360355460046,-12.0160618214663,0.1));
#7862=CARTESIAN_POINT('Origin',(16.9307966439858,-9.77500000000001,0.0975423937085279));
#7863=CARTESIAN_POINT('Ctrl Pts',(19.8435313573001,-6.8727187685696,-2.13008223359739E-16));
#7864=CARTESIAN_POINT('Ctrl Pts',(19.8435313573001,-6.8727187685696,0.579596467939412));
#7865=CARTESIAN_POINT('Ctrl Pts',(19.7142872451645,-7.26347709728012,2.32853999561574));
#7866=CARTESIAN_POINT('Ctrl Pts',(18.7809459641902,-9.64725131579283,4.2496044653544));
#7867=CARTESIAN_POINT('Ctrl Pts',(17.0888481791817,-12.2802075865605,3.61967379479066));
#7868=CARTESIAN_POINT('Ctrl Pts',(16.0889541109523,-13.4987584144777,1.82690961240957));
#7869=CARTESIAN_POINT('Ctrl Pts',(15.884920362281,-13.7357035996844,0.679378368581001));
#7870=CARTESIAN_POINT('Ctrl Pts',(15.8746048327536,-13.7476151169545,0.0999999999999998));
#7871=CARTESIAN_POINT('Ctrl Pts',(19.8372898502034,-6.89073980885367,-2.11909018482878E-16));
#7872=CARTESIAN_POINT('Ctrl Pts',(19.8372898502034,-6.89073980885367,0.576603421208602));
#7873=CARTESIAN_POINT('Ctrl Pts',(19.7084378768734,-7.2789703434506,2.31647722280582));
#7874=CARTESIAN_POINT('Ctrl Pts',(18.7780841088399,-9.65058413983294,4.22980720750028));
#7875=CARTESIAN_POINT('Ctrl Pts',(17.0938260488998,-12.2725928845472,3.60219882400203));
#7876=CARTESIAN_POINT('Ctrl Pts',(16.0999921042169,-13.4855371741996,1.81748966579963));
#7877=CARTESIAN_POINT('Ctrl Pts',(15.897331813243,-13.7213498602421,0.675871000042188));
#7878=CARTESIAN_POINT('Ctrl Pts',(15.8870848500402,-13.7332042288808,0.0994839933628408));
#7879=CARTESIAN_POINT('Ctrl Pts',(19.8170845950413,-6.91899677999734,-2.09988942173405E-16));
#7880=CARTESIAN_POINT('Ctrl Pts',(19.8170845950413,-6.91899677999734,0.571380741666515));
#7881=CARTESIAN_POINT('Ctrl Pts',(19.6891957172088,-7.30268479063811,2.29541800994485));
#7882=CARTESIAN_POINT('Ctrl Pts',(18.7653211727913,-9.65239589155311,4.19522320059094));
#7883=CARTESIAN_POINT('Ctrl Pts',(17.0951508915384,-12.2540236293173,3.57168077878077));
#7884=CARTESIAN_POINT('Ctrl Pts',(16.1118515400405,-13.4562152654336,1.8010421063112));
#7885=CARTESIAN_POINT('Ctrl Pts',(15.9115716846546,-13.6898431070387,0.669749900873521));
#7886=CARTESIAN_POINT('Ctrl Pts',(15.901443240734,-13.7015870056188,0.098582639689571));
#7887=CARTESIAN_POINT('Ctrl Pts',(19.7731592907815,-6.94023352870013,-2.08003777048954E-16));
#7888=CARTESIAN_POINT('Ctrl Pts',(19.7731592907815,-6.94023352870013,0.565976975281656));
#7889=CARTESIAN_POINT('Ctrl Pts',(19.646741729191,-7.31928700532655,2.27365915919708));
#7890=CARTESIAN_POINT('Ctrl Pts',(18.7322146414738,-9.64453308399193,4.15800722560211));
#7891=CARTESIAN_POINT('Ctrl Pts',(17.0783682644354,-12.2210308931615,3.53929042052545));
#7892=CARTESIAN_POINT('Ctrl Pts',(16.1058334670306,-13.4102993167639,1.78402246095204));
#7893=CARTESIAN_POINT('Ctrl Pts',(15.9078740677988,-13.6413268294983,0.663416855110297));
#7894=CARTESIAN_POINT('Ctrl Pts',(15.8978621060415,-13.6529395203809,0.0976507087765889));
#7895=CARTESIAN_POINT('Ctrl Pts',(19.7243813592668,-6.94130369080507,-2.0702540156947E-16));
#7896=CARTESIAN_POINT('Ctrl Pts',(19.7243813592668,-6.94130369080507,0.563317622146429));
#7897=CARTESIAN_POINT('Ctrl Pts',(19.5990489033096,-7.31830559163573,2.26298692860736));
#7898=CARTESIAN_POINT('Ctrl Pts',(18.6917490525805,-9.62913022845333,4.13723728508045));
#7899=CARTESIAN_POINT('Ctrl Pts',(17.0485596818306,-12.1879660876072,3.52195425841671));
#7900=CARTESIAN_POINT('Ctrl Pts',(16.0813289828088,-13.3691656366918,1.7756256307402));
#7901=CARTESIAN_POINT('Ctrl Pts',(15.8843570097451,-13.5986336450807,0.660298831668051));
#7902=CARTESIAN_POINT('Ctrl Pts',(15.8743955633261,-13.6101682540074,0.0971913759109349));
#7903=CARTESIAN_POINT('Ctrl Pts',(19.6935333723119,-6.92533151327009,-2.07313405872911E-16));
#7904=CARTESIAN_POINT('Ctrl Pts',(19.6935333723119,-6.92533151327009,0.564089954463616));
#7905=CARTESIAN_POINT('Ctrl Pts',(19.5682915855346,-7.30338993473853,2.26619421654978));
#7906=CARTESIAN_POINT('Ctrl Pts',(18.662723641804,-9.61423851572889,4.13893045603737));
#7907=CARTESIAN_POINT('Ctrl Pts',(17.0211288060175,-12.1692686261113,3.5245390885917));
#7908=CARTESIAN_POINT('Ctrl Pts',(16.0526071812109,-13.3503269513678,1.7780632734465));
#7909=CARTESIAN_POINT('Ctrl Pts',(15.8551261385393,-13.5798992048603,0.661204979109944));
#7910=CARTESIAN_POINT('Ctrl Pts',(15.8451412996668,-13.5914387473033,0.0973265237397819));
#7911=CARTESIAN_POINT('Ctrl Pts',(19.6797770653403,-6.9121224889965,-2.07773319861097E-16));
#7912=CARTESIAN_POINT('Ctrl Pts',(19.6797770653403,-6.9121224889965,0.565352268678182));
#7913=CARTESIAN_POINT('Ctrl Pts',(19.5543095874964,-7.291462492496,2.27131365018405));
#7914=CARTESIAN_POINT('Ctrl Pts',(18.6482414149782,-9.60558059044317,4.14516591865117));
#7915=CARTESIAN_POINT('Ctrl Pts',(17.0055883157986,-12.1615994071449,3.53071646387912));
#7916=CARTESIAN_POINT('Ctrl Pts',(16.034912090949,-13.344543035888,1.78201136683548));
#7917=CARTESIAN_POINT('Ctrl Pts',(15.8368403999619,-13.5745644603375,0.662681923051856));
#7918=CARTESIAN_POINT('Ctrl Pts',(15.8268262998915,-13.5861279118904,0.0975423937085276));
#7919=CARTESIAN_POINT('Origin',(15.7990114764071,-13.6821502830643,0.0999999999999998));
#7920=CARTESIAN_POINT('Ctrl Pts',(15.8268262998915,-13.5861279118904,0.0975423937085276));
#7921=CARTESIAN_POINT('Ctrl Pts',(15.8368403999619,-13.5745644603375,0.662681923051856));
#7922=CARTESIAN_POINT('Ctrl Pts',(16.034912090949,-13.344543035888,1.78201136683548));
#7923=CARTESIAN_POINT('Ctrl Pts',(17.0055883157986,-12.1615994071449,3.53071646387912));
#7924=CARTESIAN_POINT('Ctrl Pts',(18.6482414149782,-9.60558059044317,4.14516591865117));
#7925=CARTESIAN_POINT('Ctrl Pts',(19.5543095874964,-7.291462492496,2.27131365018405));
#7926=CARTESIAN_POINT('Ctrl Pts',(19.6797770653403,-6.9121224889965,0.565352268678182));
#7927=CARTESIAN_POINT('Ctrl Pts',(19.6797770653403,-6.9121224889965,-2.07773319861097E-16));
#7928=CARTESIAN_POINT('Origin',(15.7990114764072,-13.6821502830643,0.1));
#7929=CARTESIAN_POINT('Origin',(15.7990114764072,-13.6821502830643,0.1));
#7930=CARTESIAN_POINT('Origin',(13.5360355460046,-12.0160618214663,0.1));
#7931=CARTESIAN_POINT('Origin',(13.5360355460046,-12.0160618214663,0.1));
#7932=CARTESIAN_POINT('Origin',(0.,0.,0.1));
#7933=CARTESIAN_POINT('',(9.39876918114267,-15.4684562216015,0.));
#7934=CARTESIAN_POINT('Origin',(0.,0.,0.));
#7935=CARTESIAN_POINT('Ctrl Pts',(9.430569714524,-15.331809728643,0.0999828504553215));
#7936=CARTESIAN_POINT('Ctrl Pts',(9.43033456117147,-15.3319543667277,0.0996986785323156));
#7937=CARTESIAN_POINT('Ctrl Pts',(9.43010009870422,-15.3321000951898,0.0994145213528232));
#7938=CARTESIAN_POINT('Ctrl Pts',(9.42986632971965,-15.3322469066094,0.0991303866250166));
#7939=CARTESIAN_POINT('Ctrl Pts',(9.42351751675151,-15.3362340832918,0.091413716049971));
#7940=CARTESIAN_POINT('Ctrl Pts',(9.41764996582646,-15.3410345482429,0.0836778782373583));
#7941=CARTESIAN_POINT('Ctrl Pts',(9.4123469519607,-15.3465370446408,0.07608634515385));
#7942=CARTESIAN_POINT('Ctrl Pts',(9.41045942561629,-15.348495573729,0.0733842555398464));
#7943=CARTESIAN_POINT('Ctrl Pts',(9.40864383586912,-15.3505432622653,0.0707003910951353));
#7944=CARTESIAN_POINT('Ctrl Pts',(9.40690546100101,-15.3526756125196,0.0680419362123372));
#7945=CARTESIAN_POINT('Ctrl Pts',(9.40278291802995,-15.3577324651664,0.0617374303822035));
#7946=CARTESIAN_POINT('Ctrl Pts',(9.39905934769496,-15.363305707795,0.0555227503236138));
#7947=CARTESIAN_POINT('Ctrl Pts',(9.39585256881647,-15.3693538714372,0.0495390680818526));
#7948=CARTESIAN_POINT('Ctrl Pts',(9.39413332828026,-15.3725964548823,0.0463310548524829));
#7949=CARTESIAN_POINT('Ctrl Pts',(9.39256338278288,-15.3759753683771,0.0431893682858973));
#7950=CARTESIAN_POINT('Ctrl Pts',(9.3911668453365,-15.3794821034156,0.0401352759907313));
#7951=CARTESIAN_POINT('Ctrl Pts',(9.388989373972,-15.3849497800246,0.0353733567636665));
#7952=CARTESIAN_POINT('Ctrl Pts',(9.38721665077852,-15.3907656355749,0.0307889757989575));
#7953=CARTESIAN_POINT('Ctrl Pts',(9.38598566208701,-15.3968948329722,0.0265190353559959));
#7954=CARTESIAN_POINT('Ctrl Pts',(9.38538887348609,-15.3998662941762,0.0244489499031458));
#7955=CARTESIAN_POINT('Ctrl Pts',(9.38492003593239,-15.4029110616115,0.0224527250060106));
#7956=CARTESIAN_POINT('Ctrl Pts',(9.38459863203251,-15.4060228342719,0.0205457293266197));
#7957=CARTESIAN_POINT('Ctrl Pts',(9.38432612245822,-15.4086612211841,0.0189288398583826));
#7958=CARTESIAN_POINT('Ctrl Pts',(9.38415972359526,-15.4113477882811,0.0173760917474851));
#7959=CARTESIAN_POINT('Ctrl Pts',(9.38410616553097,-15.4140752003358,0.0158967691136999));
#7960=CARTESIAN_POINT('Ctrl Pts',(9.3839860457365,-15.4201922282716,0.0125789507219343));
#7961=CARTESIAN_POINT('Ctrl Pts',(9.38443251856714,-15.4265039294971,0.0096419846087018));
#7962=CARTESIAN_POINT('Ctrl Pts',(9.38552545991444,-15.4329052979824,0.00722099379827726));
#7963=CARTESIAN_POINT('Ctrl Pts',(9.38611596015205,-15.4363638638248,0.00591296784394109));
#7964=CARTESIAN_POINT('Ctrl Pts',(9.38689547953756,-15.4398478892295,0.00475554697475454));
#7965=CARTESIAN_POINT('Ctrl Pts',(9.38787868768924,-15.4433346472849,0.00377006113254904));
#7966=CARTESIAN_POINT('Ctrl Pts',(9.38802235821275,-15.4438441470835,0.00362605778328629));
#7967=CARTESIAN_POINT('Ctrl Pts',(9.38817013417676,-15.4443528234505,0.00348599414623412));
#7968=CARTESIAN_POINT('Ctrl Pts',(9.38832202426643,-15.4448606142781,0.00334990199299948));
#7969=CARTESIAN_POINT('Ctrl Pts',(9.3904395826508,-15.451939922261,0.00145258874003728));
#7970=CARTESIAN_POINT('Ctrl Pts',(9.3933544783689,-15.4588504924985,0.000326737803226303));
#7971=CARTESIAN_POINT('Ctrl Pts',(9.39707183911927,-15.4654561492971,6.1135489795713E-5));
#7972=CARTESIAN_POINT('Ctrl Pts',(9.3976407293287,-15.4664670529279,2.04887606085024E-5));
#7973=CARTESIAN_POINT('Ctrl Pts',(9.39822846253615,-15.4674707295676,2.21827945625461E-16));
#7974=CARTESIAN_POINT('Ctrl Pts',(9.39883510723328,-15.468466590226,2.21827780289518E-16));
#7975=CARTESIAN_POINT('Origin',(-9.19216697549299E-16,0.,0.));
#7976=CARTESIAN_POINT('',(10.6460472281587,-17.9853184129672,0.));
#7977=CARTESIAN_POINT('Origin',(0.,0.,0.));
#7978=CARTESIAN_POINT('',(10.6325571701616,-17.9449098818475,-6.68818784819489E-17));
#7979=CARTESIAN_POINT('Origin',(10.7319792756984,-17.9341746625305,-5.34862595425453E-16));
#7980=CARTESIAN_POINT('',(9.41533268065734,-15.4889082645362,6.44464218830399E-17));
#7981=CARTESIAN_POINT('Origin',(6.68649380201682,-18.3709907363645,0.));
#7982=CARTESIAN_POINT('Origin',(9.48408649472414,-15.4162934377994,1.32140332902832E-16));
#7983=CARTESIAN_POINT('',(11.9598250565483,-15.419957348085,0.));
#7984=CARTESIAN_POINT('Origin',(12.5343583888875,-14.9378666408201,0.));
#7985=CARTESIAN_POINT('Origin',(0.,0.,0.1));
#7986=CARTESIAN_POINT('Ctrl Pts',(10.7821709836528,-18.0206968799001,0.100034918253904));
#7987=CARTESIAN_POINT('Ctrl Pts',(10.7819122029999,-18.0208515937122,0.0997256464933103));
#7988=CARTESIAN_POINT('Ctrl Pts',(10.7816526509491,-18.0210050402106,0.0994163929475525));
#7989=CARTESIAN_POINT('Ctrl Pts',(10.7813923375946,-18.0211572185479,0.0991071675039556));
#7990=CARTESIAN_POINT('Ctrl Pts',(10.7750001580128,-18.0248940658651,0.0915139167820031));
#7991=CARTESIAN_POINT('Ctrl Pts',(10.7681238275066,-18.0278851987517,0.0839041726188218));
#7992=CARTESIAN_POINT('Ctrl Pts',(10.7608950535054,-18.0300763760701,0.0764327074216952));
#7993=CARTESIAN_POINT('Ctrl Pts',(10.7581549499024,-18.0309069529929,0.0736006104847049));
#7994=CARTESIAN_POINT('Ctrl Pts',(10.7553641931982,-18.0316220771513,0.0707883132372656));
#7995=CARTESIAN_POINT('Ctrl Pts',(10.7525302185016,-18.0322168205363,0.0680039950816834));
#7996=CARTESIAN_POINT('Ctrl Pts',(10.7462015044842,-18.0335449766422,0.0617861719793488));
#7997=CARTESIAN_POINT('Ctrl Pts',(10.7396081863941,-18.0342853907155,0.0556578302957456));
#7998=CARTESIAN_POINT('Ctrl Pts',(10.7328382253328,-18.0343311425254,0.0497533306602736));
#7999=CARTESIAN_POINT('Ctrl Pts',(10.7313805394836,-18.0343409936553,0.0484819931316066));
#8000=CARTESIAN_POINT('Ctrl Pts',(10.7299147808596,-18.0343184902236,0.0472210168840123));
#8001=CARTESIAN_POINT('Ctrl Pts',(10.7284420390978,-18.0342623114683,0.0459717161292058));
#8002=CARTESIAN_POINT('Ctrl Pts',(10.7260908318406,-18.0341726230378,0.0439772286520103));
#8003=CARTESIAN_POINT('Ctrl Pts',(10.7237217917255,-18.0339971127069,0.0420125017087574));
#8004=CARTESIAN_POINT('Ctrl Pts',(10.7213398957209,-18.0337329994819,0.0400828182528869));
#8005=CARTESIAN_POINT('Ctrl Pts',(10.7153973192759,-18.0330740651593,0.035268463877597));
#8006=CARTESIAN_POINT('Ctrl Pts',(10.7093330364785,-18.0318605144803,0.0306368078380872));
#8007=CARTESIAN_POINT('Ctrl Pts',(10.7032462108315,-18.0300170513614,0.0263287936618798));
#8008=CARTESIAN_POINT('Ctrl Pts',(10.6979421720675,-18.0284106639914,0.0225748050459158));
#8009=CARTESIAN_POINT('Ctrl Pts',(10.6926211158668,-18.0263256565103,0.0190664954778576));
#8010=CARTESIAN_POINT('Ctrl Pts',(10.6873795724767,-18.0237025076214,0.0158953670407454));
#8011=CARTESIAN_POINT('Ctrl Pts',(10.6873726499432,-18.023699043215,0.0158911789149758));
#8012=CARTESIAN_POINT('Ctrl Pts',(10.6873657275533,-18.0236955778688,0.0158869913771424));
#8013=CARTESIAN_POINT('Ctrl Pts',(10.6873588053073,-18.0236921115826,0.0158828044274544));
#8014=CARTESIAN_POINT('Ctrl Pts',(10.6817845137458,-18.0209008080279,0.012511170658589));
#8015=CARTESIAN_POINT('Ctrl Pts',(10.6763118927676,-18.017506055324,0.00953260545620332));
#8016=CARTESIAN_POINT('Ctrl Pts',(10.6710712993415,-18.013474904596,0.00708968433835856));
#8017=CARTESIAN_POINT('Ctrl Pts',(10.6683760013622,-18.0114016370235,0.00583326167453048));
#8018=CARTESIAN_POINT('Ctrl Pts',(10.665742828444,-18.0091600416699,0.00471851416610081));
#8019=CARTESIAN_POINT('Ctrl Pts',(10.6631950113334,-18.0067461379365,0.00376486397503105));
#8020=CARTESIAN_POINT('Ctrl Pts',(10.6600113470004,-18.0037298071381,0.00257321560792272));
#8021=CARTESIAN_POINT('Ctrl Pts',(10.6570056747098,-18.0004870241326,0.00165131835666233));
#8022=CARTESIAN_POINT('Ctrl Pts',(10.6542118429606,-17.9970252385523,0.00101799163211997));
#8023=CARTESIAN_POINT('Ctrl Pts',(10.6512522989713,-17.9933581219807,0.000347100014772815));
#8024=CARTESIAN_POINT('Ctrl Pts',(10.6485304448248,-17.989445019506,2.90368069203033E-17));
#8025=CARTESIAN_POINT('Ctrl Pts',(10.6460759463979,-17.9853080420155,2.90366399866346E-17));
#8026=CARTESIAN_POINT('Origin',(19.2529915713887,3.39482187338848,0.));
#8027=CARTESIAN_POINT('Ctrl Pts',(17.2533016728376,-5.3958754770372,0.83139636681371));
#8028=CARTESIAN_POINT('Ctrl Pts',(17.2560923559325,-5.39109902936873,0.805155371167269));
#8029=CARTESIAN_POINT('Ctrl Pts',(17.2718145721611,-5.36422192507887,0.763682289826242));
#8030=CARTESIAN_POINT('Ctrl Pts',(17.2960845110684,-5.32030023677351,0.75));
#8031=CARTESIAN_POINT('Ctrl Pts',(17.3061913988199,-5.3014846286122,0.75));
#8032=CARTESIAN_POINT('Ctrl Pts',(17.2278857638923,-5.3937919325262,0.830280963316865));
#8033=CARTESIAN_POINT('Ctrl Pts',(17.2305432254102,-5.38839444572027,0.802563772777112));
#8034=CARTESIAN_POINT('Ctrl Pts',(17.245581540155,-5.35784977009625,0.759586400251536));
#8035=CARTESIAN_POINT('Ctrl Pts',(17.2682741739974,-5.31164733390662,0.748719584374357));
#8036=CARTESIAN_POINT('Ctrl Pts',(17.2775836620348,-5.29272108998428,0.75));
#8037=CARTESIAN_POINT('Ctrl Pts',(17.1823589345186,-5.40777154454969,0.824997386490171));
#8038=CARTESIAN_POINT('Ctrl Pts',(17.1848321680582,-5.40075819760338,0.789798199079871));
#8039=CARTESIAN_POINT('Ctrl Pts',(17.1987701526864,-5.36117639632895,0.735691622341639));
#8040=CARTESIAN_POINT('Ctrl Pts',(17.2195820514968,-5.30172391124797,0.722920604839966));
#8041=CARTESIAN_POINT('Ctrl Pts',(17.2280463389648,-5.27754609562843,0.724894967587984));
#8042=CARTESIAN_POINT('Ctrl Pts',(17.1565066506376,-5.44560673033034,0.816451172128026));
#8043=CARTESIAN_POINT('Ctrl Pts',(17.1593300814072,-5.43670285670054,0.769147433198143));
#8044=CARTESIAN_POINT('Ctrl Pts',(17.1752627806587,-5.38657836661533,0.694848869787444));
#8045=CARTESIAN_POINT('Ctrl Pts',(17.2001629096805,-5.30622728768272,0.671851866614785));
#8046=CARTESIAN_POINT('Ctrl Pts',(17.2105770816994,-5.27219465828837,0.67243994752564));
#8047=CARTESIAN_POINT('Ctrl Pts',(17.150802942239,-5.4635115481242,0.812792733627419));
#8048=CARTESIAN_POINT('Ctrl Pts',(17.1538871341961,-5.45382979527583,0.760310742334537));
#8049=CARTESIAN_POINT('Ctrl Pts',(17.1712552565395,-5.39934837125721,0.677364579652482));
#8050=CARTESIAN_POINT('Ctrl Pts',(17.198896543589,-5.31032466192693,0.649999999999998));
#8051=CARTESIAN_POINT('Ctrl Pts',(17.2105770816994,-5.27219465828837,0.649999999999998));
#8052=CARTESIAN_POINT('Ctrl Pts',(17.2533016728376,-5.3958754770372,0.83139636681371));
#8053=CARTESIAN_POINT('Ctrl Pts',(17.2560923559325,-5.39109902936873,0.805155371167269));
#8054=CARTESIAN_POINT('Ctrl Pts',(17.2718145721611,-5.36422192507887,0.763682289826242));
#8055=CARTESIAN_POINT('Ctrl Pts',(17.2960845110684,-5.32030023677351,0.75));
#8056=CARTESIAN_POINT('Ctrl Pts',(17.3061913988199,-5.3014846286122,0.75));
#8057=CARTESIAN_POINT('Ctrl Pts',(19.8948762498392,-6.40342869122364,0.75));
#8058=CARTESIAN_POINT('Ctrl Pts',(19.8946773633136,-6.43713765256716,0.750000000000002));
#8059=CARTESIAN_POINT('Ctrl Pts',(19.894428201684,-6.49686647523957,0.767475976413882));
#8060=CARTESIAN_POINT('Ctrl Pts',(19.8943765691273,-6.52971994366854,0.81102083702305));
#8061=CARTESIAN_POINT('Ctrl Pts',(19.8943678798498,-6.53494033832743,0.831396366819873));
#8062=CARTESIAN_POINT('Ctrl Pts',(19.9233572692379,-6.41259568349255,0.749999999999999));
#8063=CARTESIAN_POINT('Ctrl Pts',(19.9213095105065,-6.44571501069754,0.746873825317614));
#8064=CARTESIAN_POINT('Ctrl Pts',(19.9156244214725,-6.50806762563918,0.76052892571122));
#8065=CARTESIAN_POINT('Ctrl Pts',(19.9114873537442,-6.54387215793592,0.807341988565939));
#8066=CARTESIAN_POINT('Ctrl Pts',(19.9108361897909,-6.54954336378092,0.829603797121802));
#8067=CARTESIAN_POINT('Ctrl Pts',(19.9726716553737,-6.42846817001152,0.724891892373582));
#8068=CARTESIAN_POINT('Ctrl Pts',(19.963303403167,-6.46563415224424,0.720071424149758));
#8069=CARTESIAN_POINT('Ctrl Pts',(19.9441920710872,-6.53693489311877,0.736145105509536));
#8070=CARTESIAN_POINT('Ctrl Pts',(19.9325852849922,-6.57812500872616,0.795610510674706));
#8071=CARTESIAN_POINT('Ctrl Pts',(19.9307514842564,-6.58465444045304,0.824004054015692));
#8072=CARTESIAN_POINT('Ctrl Pts',(19.9900670452929,-6.43406710601419,0.672439947525641));
#8073=CARTESIAN_POINT('Ctrl Pts',(19.974561018513,-6.48215760749698,0.671004129641286));
#8074=CARTESIAN_POINT('Ctrl Pts',(19.9463989053652,-6.56846077148389,0.70030244139197));
#8075=CARTESIAN_POINT('Ctrl Pts',(19.9305682983121,-6.61610258078265,0.779107665631342));
#8076=CARTESIAN_POINT('Ctrl Pts',(19.9280521119015,-6.62366983149458,0.816154476063159));
#8077=CARTESIAN_POINT('Ctrl Pts',(19.9900670452929,-6.43406710601419,0.65));
#8078=CARTESIAN_POINT('Ctrl Pts',(19.9729844982373,-6.48714104125904,0.650000000000004));
#8079=CARTESIAN_POINT('Ctrl Pts',(19.9425022711304,-6.58035246720068,0.684951952827764));
#8080=CARTESIAN_POINT('Ctrl Pts',(19.9256083258086,-6.63100330924556,0.772041674046097));
#8081=CARTESIAN_POINT('Ctrl Pts',(19.9229249830648,-6.63905566471422,0.812792733639745));
#8082=CARTESIAN_POINT('',(19.8943678798498,-6.53494033832743,0.831396366819873));
#8083=CARTESIAN_POINT('Ctrl Pts',(19.8948762498392,-6.40342869122364,0.75));
#8084=CARTESIAN_POINT('Ctrl Pts',(19.8946773633136,-6.43713765256716,0.750000000000002));
#8085=CARTESIAN_POINT('Ctrl Pts',(19.894428201684,-6.49686647523957,0.767475976413882));
#8086=CARTESIAN_POINT('Ctrl Pts',(19.8943765691273,-6.52971994366854,0.81102083702305));
#8087=CARTESIAN_POINT('Ctrl Pts',(19.8943678798498,-6.53494033832743,0.831396366819873));
#8088=CARTESIAN_POINT('Origin',(19.8280539117168,-6.60744111392986,0.812792733639746));
#8089=CARTESIAN_POINT('Origin',(16.9307966439858,-9.77500000000001,0.85));
#8090=CARTESIAN_POINT('Origin',(16.9307966439858,-9.77500000000001,0.831396366819873));
#8091=CARTESIAN_POINT('Ctrl Pts',(15.6908630274773,-13.9569630454819,0.64999999996726));
#8092=CARTESIAN_POINT('Ctrl Pts',(15.7518865169155,-13.8883584922482,1.20513888282474));
#8093=CARTESIAN_POINT('Ctrl Pts',(16.1712406806852,-13.4205285087017,2.81846612287633));
#8094=CARTESIAN_POINT('Ctrl Pts',(17.7467039128075,-11.4275911481225,4.49889247209052));
#8095=CARTESIAN_POINT('Ctrl Pts',(19.4090233083449,-8.22778584680293,3.88394320512808));
#8096=CARTESIAN_POINT('Ctrl Pts',(19.8503758036463,-6.85676612417302,1.91457368979597));
#8097=CARTESIAN_POINT('Ctrl Pts',(19.9229249830648,-6.63905566471421,0.812792733639746));
#8098=CARTESIAN_POINT('Ctrl Pts',(15.6763988287421,-13.9732241590505,0.65358239516969));
#8099=CARTESIAN_POINT('Ctrl Pts',(15.7377750281911,-13.9043685770053,1.2117914216606));
#8100=CARTESIAN_POINT('Ctrl Pts',(16.1594516228086,-13.4349361459262,2.83406815224905));
#8101=CARTESIAN_POINT('Ctrl Pts',(17.7446371756241,-11.4330053140087,4.5250603222072));
#8102=CARTESIAN_POINT('Ctrl Pts',(19.4153192620469,-8.21519755885135,3.90605189461062));
#8103=CARTESIAN_POINT('Ctrl Pts',(19.8571056425043,-6.83733037195711,1.92516050839357));
#8104=CARTESIAN_POINT('Ctrl Pts',(19.9297611548471,-6.61854122042136,0.817275056870965));
#8105=CARTESIAN_POINT('Ctrl Pts',(15.6412596904051,-13.9927795818416,0.659831830123546));
#8106=CARTESIAN_POINT('Ctrl Pts',(15.7031327217282,-13.9234581817526,1.22338362323345));
#8107=CARTESIAN_POINT('Ctrl Pts',(16.1281338403411,-13.450976078532,2.86127034026727));
#8108=CARTESIAN_POINT('Ctrl Pts',(17.7273113995413,-11.4334926781561,4.57055995558261));
#8109=CARTESIAN_POINT('Ctrl Pts',(19.4120596987633,-8.18744830046461,3.9445512907961));
#8110=CARTESIAN_POINT('Ctrl Pts',(19.8560286153897,-6.79900141899512,1.94360211568646));
#8111=CARTESIAN_POINT('Ctrl Pts',(19.9290760151845,-6.57855233267826,0.8250942811128));
#8112=CARTESIAN_POINT('Ctrl Pts',(15.6017281870898,-13.989876255285,0.663799539866891));
#8113=CARTESIAN_POINT('Ctrl Pts',(15.6638102680594,-13.9201664574151,1.23073572798897));
#8114=CARTESIAN_POINT('Ctrl Pts',(16.0903485382241,-13.4449135514263,2.87839431649881));
#8115=CARTESIAN_POINT('Ctrl Pts',(17.6940048276166,-11.4182267718396,4.59616934586573));
#8116=CARTESIAN_POINT('Ctrl Pts',(19.3853541410277,-8.16149081292291,3.96730965880527));
#8117=CARTESIAN_POINT('Ctrl Pts',(19.8330933943019,-6.76727633817772,1.95526155697617));
#8118=CARTESIAN_POINT('Ctrl Pts',(19.9067191123056,-6.54589260741755,0.83005193954632));
#8119=CARTESIAN_POINT('Ctrl Pts',(15.5860541763546,-13.9846991037549,0.66487754631579));
#8120=CARTESIAN_POINT('Ctrl Pts',(15.6481771647563,-13.9148584587169,1.23272274372712));
#8121=CARTESIAN_POINT('Ctrl Pts',(16.0750870988137,-13.4385992852522,2.88297667730244));
#8122=CARTESIAN_POINT('Ctrl Pts',(17.6789364525179,-11.4097539065935,4.60186552020429));
#8123=CARTESIAN_POINT('Ctrl Pts',(19.3712069122933,-8.15229568106106,3.97284096674694));
#8124=CARTESIAN_POINT('Ctrl Pts',(19.820511535792,-6.7565734253956,1.95839547257912));
#8125=CARTESIAN_POINT('Ctrl Pts',(19.8943678798498,-6.53494033832743,0.831396366819873));
#8126=CARTESIAN_POINT('Ctrl Pts',(19.8943678798498,-6.53494033832743,0.831396366819873));
#8127=CARTESIAN_POINT('Ctrl Pts',(19.820511535792,-6.7565734253956,1.95839547257912));
#8128=CARTESIAN_POINT('Ctrl Pts',(19.3712069122933,-8.15229568106106,3.97284096674694));
#8129=CARTESIAN_POINT('Ctrl Pts',(17.6789364525179,-11.4097539065935,4.60186552020429));
#8130=CARTESIAN_POINT('Ctrl Pts',(16.1033886587051,-13.4027982364431,2.91330822647296));
#8131=CARTESIAN_POINT('Ctrl Pts',(15.6737511314717,-13.8862038906307,1.32925546186961));
#8132=CARTESIAN_POINT('Ctrl Pts',(15.6043558220735,-13.9641410463121,0.814730865201588));
#8133=CARTESIAN_POINT('Origin',(16.9307966439858,-9.77500000000001,0.));
#8134=CARTESIAN_POINT('Ctrl Pts',(2.37429201716653,-17.8427222535469,0.650000000000001));
#8135=CARTESIAN_POINT('Ctrl Pts',(2.37414265356575,-17.8427421290345,0.650385595584675));
#8136=CARTESIAN_POINT('Ctrl Pts',(2.37399249744256,-17.8427639032885,0.650774018022833));
#8137=CARTESIAN_POINT('Ctrl Pts',(2.34553116969608,-17.8464937108268,0.724211034361645));
#8138=CARTESIAN_POINT('Ctrl Pts',(2.31823147614032,-17.877374922332,0.805979100867156));
#8139=CARTESIAN_POINT('Ctrl Pts',(2.31694330362957,-17.9282974140708,0.826445439481784));
#8140=CARTESIAN_POINT('Ctrl Pts',(2.37429201716653,-17.8427222535469,0.650000000000001));
#8141=CARTESIAN_POINT('Ctrl Pts',(2.37398430370072,-17.8426992907513,0.650403831588334));
#8142=CARTESIAN_POINT('Ctrl Pts',(2.37394240030932,-17.8428338395723,0.650581660457941));
#8143=CARTESIAN_POINT('Ctrl Pts',(2.32948093835251,-17.8461487048255,0.714916917612979));
#8144=CARTESIAN_POINT('Ctrl Pts',(2.30088124389443,-17.9031209138997,0.77810332967746));
#8145=CARTESIAN_POINT('Ctrl Pts',(2.30792811080763,-17.9374341808656,0.783674854816301));
#8146=CARTESIAN_POINT('Ctrl Pts',(2.37429201716653,-17.8427222535469,0.650000000000001));
#8147=CARTESIAN_POINT('Ctrl Pts',(2.37393812677874,-17.8427052664408,0.650365093051648));
#8148=CARTESIAN_POINT('Ctrl Pts',(2.37378209236553,-17.8428553095692,0.650442874853266));
#8149=CARTESIAN_POINT('Ctrl Pts',(2.31730740339787,-17.8477673553943,0.704443536988614));
#8150=CARTESIAN_POINT('Ctrl Pts',(2.26820057316397,-17.907355844568,0.750899058520323));
#8151=CARTESIAN_POINT('Ctrl Pts',(2.26648181998158,-17.9427901696718,0.749229117184853));
#8152=CARTESIAN_POINT('Ctrl Pts',(2.37429201716653,-17.8427222535469,0.650000000000001));
#8153=CARTESIAN_POINT('Ctrl Pts',(2.37393709007336,-17.8427694829188,0.650208649114925));
#8154=CARTESIAN_POINT('Ctrl Pts',(2.37357978432438,-17.8428187881557,0.650419013086069));
#8155=CARTESIAN_POINT('Ctrl Pts',(2.30597698695553,-17.8517628738636,0.69012422394159));
#8156=CARTESIAN_POINT('Ctrl Pts',(2.23412568057203,-17.8882840344143,0.735910287848476));
#8157=CARTESIAN_POINT('Ctrl Pts',(2.22191632154703,-17.9405774864772,0.747469144438606));
#8158=CARTESIAN_POINT('',(2.22191632154703,-17.9405774864772,0.747469144438608));
#8159=CARTESIAN_POINT('',(2.31694330362957,-17.9282974140708,0.826445439481784));
#8160=CARTESIAN_POINT('Origin',(2.21916862252894,-17.9183915442499,0.844938288877214));
#8161=CARTESIAN_POINT('Ctrl Pts',(2.31694330362957,-17.9282974140708,0.826445439481784));
#8162=CARTESIAN_POINT('Ctrl Pts',(2.31823147614032,-17.877374922332,0.805979100867156));
#8163=CARTESIAN_POINT('Ctrl Pts',(2.34553116969608,-17.8464937108268,0.724211034361645));
#8164=CARTESIAN_POINT('Ctrl Pts',(2.37399249744256,-17.8427639032885,0.650774018022833));
#8165=CARTESIAN_POINT('Ctrl Pts',(2.37414265356575,-17.8427421290345,0.650385595584675));
#8166=CARTESIAN_POINT('Ctrl Pts',(2.37429201716653,-17.8427222535469,0.650000000000001));
#8167=CARTESIAN_POINT('Ctrl Pts',(2.37429201716653,-17.8427222535469,0.650000000000001));
#8168=CARTESIAN_POINT('Ctrl Pts',(2.37393709007336,-17.8427694829188,0.650208649114925));
#8169=CARTESIAN_POINT('Ctrl Pts',(2.37357978432438,-17.8428187881557,0.650419013086069));
#8170=CARTESIAN_POINT('Ctrl Pts',(2.30597698695553,-17.8517628738636,0.69012422394159));
#8171=CARTESIAN_POINT('Ctrl Pts',(2.23412568057203,-17.8882840344143,0.735910287848476));
#8172=CARTESIAN_POINT('Ctrl Pts',(2.22191632154703,-17.9405774864772,0.747469144438606));
#8173=CARTESIAN_POINT('Ctrl Pts',(2.21575456597215,-17.9638646093588,0.75));
#8174=CARTESIAN_POINT('Ctrl Pts',(2.21806120251829,-17.9560345444446,0.75));
#8175=CARTESIAN_POINT('Ctrl Pts',(2.22013519395426,-17.948206167901,0.749155375335037));
#8176=CARTESIAN_POINT('Ctrl Pts',(2.22191632154703,-17.9405774864772,0.747469144438608));
#8177=CARTESIAN_POINT('Ctrl Pts',(2.2420015762588,-17.9662547831263,0.75));
#8178=CARTESIAN_POINT('Ctrl Pts',(2.24403005778512,-17.9581366467689,0.750428090760828));
#8179=CARTESIAN_POINT('Ctrl Pts',(2.24584503740913,-17.9498971889125,0.749908395200022));
#8180=CARTESIAN_POINT('Ctrl Pts',(2.24738232065249,-17.9418418768741,0.748474843150749));
#8181=CARTESIAN_POINT('Ctrl Pts',(2.2876447086245,-17.9704112571955,0.76921114050286));
#8182=CARTESIAN_POINT('Ctrl Pts',(2.28903365960062,-17.9603243509628,0.769891300487402));
#8183=CARTESIAN_POINT('Ctrl Pts',(2.29023276154159,-17.9501139582178,0.76941473419576));
#8184=CARTESIAN_POINT('Ctrl Pts',(2.2912080520194,-17.9400592466487,0.767723867365641));
#8185=CARTESIAN_POINT('Ctrl Pts',(2.30994179612026,-17.9724417327827,0.811974725174065));
#8186=CARTESIAN_POINT('Ctrl Pts',(2.31120839175885,-17.9589688237188,0.812196616641371));
#8187=CARTESIAN_POINT('Ctrl Pts',(2.31227042177675,-17.9454447676211,0.810914560761452));
#8188=CARTESIAN_POINT('Ctrl Pts',(2.31307964956302,-17.9322131712686,0.808115188910864));
#8189=CARTESIAN_POINT('Ctrl Pts',(2.31360396925612,-17.9727752271527,0.831396366819873));
#8190=CARTESIAN_POINT('Ctrl Pts',(2.31496342676935,-17.9578467329075,0.831396366819873));
#8191=CARTESIAN_POINT('Ctrl Pts',(2.31608825097154,-17.9428952172765,0.829744089460399));
#8192=CARTESIAN_POINT('Ctrl Pts',(2.31694330362957,-17.9282974140708,0.826445439481786));
#8193=CARTESIAN_POINT('',(2.21575456597215,-17.9638646093588,0.75));
#8194=CARTESIAN_POINT('Origin',(2.18738843679999,-17.9673030247166,0.651052354400576));
#8195=CARTESIAN_POINT('',(2.31360396925612,-17.9727752271527,0.831396366819873));
#8196=CARTESIAN_POINT('Origin',(2.21575456597215,-17.9638646093588,0.85));
#8197=CARTESIAN_POINT('Origin',(2.28524312694268,-17.9761903677924,0.636306189340583));
#8198=CARTESIAN_POINT('Origin',(6.68649380201682,-18.3709907363645,0.85));
#8199=CARTESIAN_POINT('',(2.85143721528416,-20.7045720991112,0.75));
#8200=CARTESIAN_POINT('',(2.93537366936018,-20.6534978736188,0.831396366819873));
#8201=CARTESIAN_POINT('Origin',(2.85143721528417,-20.7045720991112,0.85));
#8202=CARTESIAN_POINT('Origin',(6.68649380201682,-18.3709907363645,0.831396366819873));
#8203=CARTESIAN_POINT('Origin',(6.68649380201682,-18.3709907363645,0.75));
#8204=CARTESIAN_POINT('Ctrl Pts',(2.88909419072786,-20.7401326771799,0.741479941521754));
#8205=CARTESIAN_POINT('Ctrl Pts',(2.87797737948841,-20.728646358895,0.747180154212909));
#8206=CARTESIAN_POINT('Ctrl Pts',(2.86504643034827,-20.7164762642564,0.75));
#8207=CARTESIAN_POINT('Ctrl Pts',(2.85143721528418,-20.7045720991112,0.75));
#8208=CARTESIAN_POINT('Ctrl Pts',(2.91021174718825,-20.7303083733677,0.744489747587582));
#8209=CARTESIAN_POINT('Ctrl Pts',(2.89939832498435,-20.7172829157972,0.749678219293084));
#8210=CARTESIAN_POINT('Ctrl Pts',(2.88689591760964,-20.7036806509862,0.751466883837029));
#8211=CARTESIAN_POINT('Ctrl Pts',(2.87395223223492,-20.6908720081868,0.750000000000001));
#8212=CARTESIAN_POINT('Ctrl Pts',(2.94786128722087,-20.7192254234798,0.763549763118138));
#8213=CARTESIAN_POINT('Ctrl Pts',(2.93732521428633,-20.7020396721837,0.769814954113567));
#8214=CARTESIAN_POINT('Ctrl Pts',(2.92533347537285,-20.684059531345,0.77154390783465));
#8215=CARTESIAN_POINT('Ctrl Pts',(2.91310370456754,-20.6670488535363,0.76921329064032));
#8216=CARTESIAN_POINT('Ctrl Pts',(2.97148130470877,-20.723203603174,0.798779073359597));
#8217=CARTESIAN_POINT('Ctrl Pts',(2.95969538614725,-20.7013141867672,0.808413265963597));
#8218=CARTESIAN_POINT('Ctrl Pts',(2.94618577468355,-20.6780804324935,0.812735052274647));
#8219=CARTESIAN_POINT('Ctrl Pts',(2.93223221098722,-20.6554094096145,0.811974725174065));
#8220=CARTESIAN_POINT('Ctrl Pts',(2.97765712002328,-20.7274091618712,0.814729200551861));
#8221=CARTESIAN_POINT('Ctrl Pts',(2.96502379692879,-20.7036697859234,0.825880109073101));
#8222=CARTESIAN_POINT('Ctrl Pts',(2.95050651290879,-20.6783675063017,0.831396366819873));
#8223=CARTESIAN_POINT('Ctrl Pts',(2.93537366936018,-20.6534978736188,0.831396366819873));
#8224=CARTESIAN_POINT('',(2.88909419072786,-20.7401326771799,0.741479941521754));
#8225=CARTESIAN_POINT('Origin',(2.82079324282928,-20.7085034441964,0.650544788862987));
#8226=CARTESIAN_POINT('',(2.97765712002208,-20.7274091618704,0.814729200548756));
#8227=CARTESIAN_POINT('Origin',(2.89466681610756,-20.7801372537375,0.832959883043513));
#8228=CARTESIAN_POINT('Origin',(2.90601278934258,-20.6572774190353,0.636404661011212));
#8229=CARTESIAN_POINT('Ctrl Pts',(2.9776571200229,-20.7274091618707,0.814729200551626));
#8230=CARTESIAN_POINT('Ctrl Pts',(2.99491002076212,-20.7653361633245,0.783573211661911));
#8231=CARTESIAN_POINT('Ctrl Pts',(3.0235231158901,-20.7811377022966,0.714932429366477));
#8232=CARTESIAN_POINT('Ctrl Pts',(3.04828286899492,-20.7775824964438,0.65065630724567));
#8233=CARTESIAN_POINT('Ctrl Pts',(3.04840947416623,-20.7775648162638,0.650327497143037));
#8234=CARTESIAN_POINT('Ctrl Pts',(3.04853551546017,-20.777546323158,0.650000000021454));
#8235=CARTESIAN_POINT('Ctrl Pts',(2.96942269960351,-20.7218017502745,0.793462364295395));
#8236=CARTESIAN_POINT('Ctrl Pts',(2.98282681254663,-20.7569897575814,0.770205862730771));
#8237=CARTESIAN_POINT('Ctrl Pts',(3.016683655919,-20.7824719802112,0.709534766680831));
#8238=CARTESIAN_POINT('Ctrl Pts',(3.04821775806154,-20.7775904993781,0.650598514335379));
#8239=CARTESIAN_POINT('Ctrl Pts',(3.04837648073728,-20.7775696571453,0.650299077764709));
#8240=CARTESIAN_POINT('Ctrl Pts',(3.04853551545917,-20.7775463231582,0.650000000020595));
#8241=CARTESIAN_POINT('Ctrl Pts',(2.9425381184636,-20.7199901861075,0.75914704353988));
#8242=CARTESIAN_POINT('Ctrl Pts',(2.95863514811017,-20.7523215560482,0.74744612491833));
#8243=CARTESIAN_POINT('Ctrl Pts',(3.00521768868828,-20.7844482921719,0.699967948108384));
#8244=CARTESIAN_POINT('Ctrl Pts',(3.04810206821568,-20.7776061412182,0.650497806158763));
#8245=CARTESIAN_POINT('Ctrl Pts',(3.04831874223662,-20.7775781286879,0.650249343852635));
#8246=CARTESIAN_POINT('Ctrl Pts',(3.04853551545743,-20.7775463231584,0.650000000019091));
#8247=CARTESIAN_POINT('Ctrl Pts',(2.90493235807332,-20.7327644493209,0.74373729607105));
#8248=CARTESIAN_POINT('Ctrl Pts',(2.93373816034748,-20.7666022850788,0.729867027551676));
#8249=CARTESIAN_POINT('Ctrl Pts',(2.99400684056418,-20.7857077187528,0.689844882801034));
#8250=CARTESIAN_POINT('Ctrl Pts',(3.0479855479089,-20.7776249822567,0.650399101471148));
#8251=CARTESIAN_POINT('Ctrl Pts',(3.04826100373596,-20.7775866002306,0.650199609940561));
#8252=CARTESIAN_POINT('Ctrl Pts',(3.04853551545568,-20.7775463231587,0.650000000017586));
#8253=CARTESIAN_POINT('Ctrl Pts',(2.88909419072821,-20.7401326771803,0.741479941521576));
#8254=CARTESIAN_POINT('Ctrl Pts',(2.92346968735839,-20.7756507665832,0.723853696195471));
#8255=CARTESIAN_POINT('Ctrl Pts',(2.98919250939076,-20.7861773502232,0.685333495320408));
#8256=CARTESIAN_POINT('Ctrl Pts',(3.04793566193115,-20.7776334226298,0.650357418684198));
#8257=CARTESIAN_POINT('Ctrl Pts',(3.04823625866425,-20.7775902308917,0.650178295406815));
#8258=CARTESIAN_POINT('Ctrl Pts',(3.04853551545493,-20.7775463231588,0.650000000016941));
#8259=CARTESIAN_POINT('Ctrl Pts',(2.88909419072821,-20.7401326771803,0.741479941521576));
#8260=CARTESIAN_POINT('Ctrl Pts',(2.92346968735839,-20.7756507665832,0.723853696195471));
#8261=CARTESIAN_POINT('Ctrl Pts',(2.98919250939076,-20.7861773502232,0.685333495320408));
#8262=CARTESIAN_POINT('Ctrl Pts',(3.04793566193115,-20.7776334226298,0.650357418684198));
#8263=CARTESIAN_POINT('Ctrl Pts',(3.04823625866425,-20.7775902308917,0.650178295406815));
#8264=CARTESIAN_POINT('Ctrl Pts',(3.04853551545493,-20.7775463231588,0.650000000016941));
#8265=CARTESIAN_POINT('Ctrl Pts',(3.04853551546017,-20.777546323158,0.650000000021454));
#8266=CARTESIAN_POINT('Ctrl Pts',(3.04840947416623,-20.7775648162638,0.650327497143037));
#8267=CARTESIAN_POINT('Ctrl Pts',(3.04828286899492,-20.7775824964438,0.65065630724567));
#8268=CARTESIAN_POINT('Ctrl Pts',(3.0235231158901,-20.7811377022966,0.714932429366477));
#8269=CARTESIAN_POINT('Ctrl Pts',(2.99491002076212,-20.7653361633245,0.783573211661911));
#8270=CARTESIAN_POINT('Ctrl Pts',(2.9776571200229,-20.7274091618707,0.814729200551626));
#8271=CARTESIAN_POINT('Origin',(0.,0.,0.65));
#8272=CARTESIAN_POINT('',(-2.85143721528418,-20.7045720991112,0.75));
#8273=CARTESIAN_POINT('Origin',(0.,0.,0.75));
#8274=CARTESIAN_POINT('Origin',(-2.85143721528416,-20.7045720991112,0.65));
#8275=CARTESIAN_POINT('Origin',(-9.19216697549299E-16,0.,0.75));
#8276=CARTESIAN_POINT('',(-2.21575456597215,-17.9638646093588,0.75));
#8277=CARTESIAN_POINT('Origin',(0.,0.,0.75));
#8278=CARTESIAN_POINT('Origin',(-6.68649380201683,-18.3709907363645,0.75));
#8279=CARTESIAN_POINT('',(0.75,-19.5,0.75));
#8280=CARTESIAN_POINT('Origin',(0.,-19.5,0.750000000000002));
#8281=CARTESIAN_POINT('Origin',(0.,0.,0.65));
#8282=CARTESIAN_POINT('Origin',(-2.21575456597215,-17.9638646093588,0.65));
#8283=CARTESIAN_POINT('Ctrl Pts',(9.62639976041621,-15.2096162888042,0.812792733633719));
#8284=CARTESIAN_POINT('Ctrl Pts',(9.45445613801341,-15.3184420483812,1.86380693508134));
#8285=CARTESIAN_POINT('Ctrl Pts',(8.67069974902618,-15.8176645259824,3.31155283461812));
#8286=CARTESIAN_POINT('Ctrl Pts',(6.39353964877681,-16.8951665685937,4.38819060452759));
#8287=CARTESIAN_POINT('Ctrl Pts',(3.69156491828038,-17.6951529372125,3.71113046408643));
#8288=CARTESIAN_POINT('Ctrl Pts',(2.53554715171325,-17.821264385558,1.70819896264472));
#8289=CARTESIAN_POINT('Ctrl Pts',(2.37429201715848,-17.842722253548,0.649999999947163));
#8290=CARTESIAN_POINT('Ctrl Pts',(9.64757081262375,-15.1962168046865,0.817670651632869));
#8291=CARTESIAN_POINT('Ctrl Pts',(9.47456421100567,-15.3060579165131,1.8749787974674));
#8292=CARTESIAN_POINT('Ctrl Pts',(8.68599188587147,-15.8098588891379,3.33092092424851));
#8293=CARTESIAN_POINT('Ctrl Pts',(6.39511746851388,-16.8954507126172,4.41297221716968));
#8294=CARTESIAN_POINT('Ctrl Pts',(3.67614543890505,-17.6993744520272,3.7327094600267));
#8295=CARTESIAN_POINT('Ctrl Pts',(2.51168798283844,-17.8246746005387,1.71845522264963));
#8296=CARTESIAN_POINT('Ctrl Pts',(2.34925764955947,-17.8460535220787,0.653904016902895));
#8297=CARTESIAN_POINT('Ctrl Pts',(9.69402208940702,-15.1880826968373,0.826159110927936));
#8298=CARTESIAN_POINT('Ctrl Pts',(9.51883333174356,-15.2995100890146,1.89437629330226));
#8299=CARTESIAN_POINT('Ctrl Pts',(8.72036675282697,-15.8105443896796,3.36462547253127));
#8300=CARTESIAN_POINT('Ctrl Pts',(6.40302653517332,-16.9096126484369,4.45613466639121));
#8301=CARTESIAN_POINT('Ctrl Pts',(3.65263281056362,-17.7221979334262,3.77026587153617));
#8302=CARTESIAN_POINT('Ctrl Pts',(2.47265676565314,-17.8481804328924,1.73625731753312));
#8303=CARTESIAN_POINT('Ctrl Pts',(2.30807038914956,-17.869705405328,0.660697535047248));
#8304=CARTESIAN_POINT('Ctrl Pts',(9.73479614246756,-15.2102391271401,0.830559814191349));
#8305=CARTESIAN_POINT('Ctrl Pts',(9.55823396357406,-15.3221701030647,1.90452363043658));
#8306=CARTESIAN_POINT('Ctrl Pts',(8.75349214464487,-15.8355671380316,3.38329955130611));
#8307=CARTESIAN_POINT('Ctrl Pts',(6.41691448775934,-16.9420608886899,4.48212543303788));
#8308=CARTESIAN_POINT('Ctrl Pts',(3.64433995437649,-17.7623504785022,3.79137298055323));
#8309=CARTESIAN_POINT('Ctrl Pts',(2.45657070440561,-17.8910342457387,1.74553693149856));
#8310=CARTESIAN_POINT('Ctrl Pts',(2.29088750258329,-17.912956391429,0.664212424236971));
#8311=CARTESIAN_POINT('Ctrl Pts',(9.74839397188144,-15.2236889664301,0.831396366813709));
#8312=CARTESIAN_POINT('Ctrl Pts',(9.57153770578728,-15.3356240136549,1.90646674133178));
#8313=CARTESIAN_POINT('Ctrl Pts',(8.76538841948797,-15.8491098999299,3.38734942044137));
#8314=CARTESIAN_POINT('Ctrl Pts',(6.4231670157462,-16.9573975194535,4.48862984930964));
#8315=CARTESIAN_POINT('Ctrl Pts',(3.64399349806286,-17.7802404961399,3.79607279560592));
#8316=CARTESIAN_POINT('Ctrl Pts',(2.45494686244739,-17.909955105815,1.74729713070709));
#8317=CARTESIAN_POINT('Ctrl Pts',(2.28908446762672,-17.9320260518497,0.664877546295233));
#8318=CARTESIAN_POINT('',(9.74839397188082,-15.2236889664312,0.831396366819873));
#8319=CARTESIAN_POINT('Ctrl Pts',(2.31709046321895,-17.9283918979733,0.826419368275632));
#8320=CARTESIAN_POINT('Ctrl Pts',(2.51491522927769,-17.9031543650553,1.84858581091122));
#8321=CARTESIAN_POINT('Ctrl Pts',(3.69945764845445,-17.7638189642286,3.80989420270302));
#8322=CARTESIAN_POINT('Ctrl Pts',(6.4231670157462,-16.9573975194535,4.48862984930964));
#8323=CARTESIAN_POINT('Ctrl Pts',(8.76538841948797,-15.8491098999299,3.38734942044137));
#8324=CARTESIAN_POINT('Ctrl Pts',(9.57153770578728,-15.3356240136549,1.90646674133178));
#8325=CARTESIAN_POINT('Ctrl Pts',(9.74839397188144,-15.2236889664301,0.831396366813709));
#8326=CARTESIAN_POINT('Origin',(9.67987975908519,-15.2941141570754,0.812792733633719));
#8327=CARTESIAN_POINT('Ctrl Pts',(2.63081352511671,-17.8067071688188,0.0999999999999997));
#8328=CARTESIAN_POINT('Ctrl Pts',(2.64466923577831,-17.8046600867467,0.653449709983825));
#8329=CARTESIAN_POINT('Ctrl Pts',(2.9048880030826,-17.7686124926723,1.75389226765506));
#8330=CARTESIAN_POINT('Ctrl Pts',(3.93364176396991,-17.5811134258391,3.09411664375334));
#8331=CARTESIAN_POINT('Ctrl Pts',(5.40361384485352,-17.1971219107176,3.84347607784091));
#8332=CARTESIAN_POINT('Ctrl Pts',(7.54505958675966,-16.4109393475849,3.81792118755651));
#8333=CARTESIAN_POINT('Ctrl Pts',(8.84920613935427,-15.6821582067328,2.52284005358966));
#8334=CARTESIAN_POINT('Ctrl Pts',(9.35432507178425,-15.3788442385646,0.96738069681948));
#8335=CARTESIAN_POINT('Ctrl Pts',(9.43168822675562,-15.3311205459118,0.415232525419125));
#8336=CARTESIAN_POINT('Ctrl Pts',(9.43168822675562,-15.3311205459118,1.32140332901028E-16));
#8337=CARTESIAN_POINT('Ctrl Pts',(2.66101001507303,-17.802245853572,0.0992232326699382));
#8338=CARTESIAN_POINT('Ctrl Pts',(2.67476619142115,-17.8001887276875,0.648348488182365));
#8339=CARTESIAN_POINT('Ctrl Pts',(2.93323814037693,-17.76391614847,1.74022342449516));
#8340=CARTESIAN_POINT('Ctrl Pts',(3.95396437292871,-17.5762913844319,3.06886254612282));
#8341=CARTESIAN_POINT('Ctrl Pts',(5.41075169228337,-17.1942927367447,3.81068570719371));
#8342=CARTESIAN_POINT('Ctrl Pts',(7.53183730614461,-16.4157260322196,3.78557406967666));
#8343=CARTESIAN_POINT('Ctrl Pts',(8.82664370760143,-15.694787755216,2.50285921088046));
#8344=CARTESIAN_POINT('Ctrl Pts',(9.32876984319067,-15.394384087121,0.959831290564625));
#8345=CARTESIAN_POINT('Ctrl Pts',(9.4056824002961,-15.3471193012872,0.41198861427651));
#8346=CARTESIAN_POINT('Ctrl Pts',(9.4056824002961,-15.3471193012872,1.31113968618113E-16));
#8347=CARTESIAN_POINT('Ctrl Pts',(2.70671269218824,-17.8171194202078,0.0981280211036521));
#8348=CARTESIAN_POINT('Ctrl Pts',(2.72034848988316,-17.8150664996643,0.641215864050886));
#8349=CARTESIAN_POINT('Ctrl Pts',(2.97655075883746,-17.7788142178768,1.72094442355925));
#8350=CARTESIAN_POINT('Ctrl Pts',(3.98741185607658,-17.5921079390264,3.0334362025703));
#8351=CARTESIAN_POINT('Ctrl Pts',(5.42787798693331,-17.2135245231987,3.76478925848343));
#8352=CARTESIAN_POINT('Ctrl Pts',(7.5235785099951,-16.444396465332,3.74028198674382));
#8353=CARTESIAN_POINT('Ctrl Pts',(8.80592705918446,-15.7319649600853,2.47482159774471));
#8354=CARTESIAN_POINT('Ctrl Pts',(9.30397455071938,-15.434629573518,0.949185544332102));
#8355=CARTESIAN_POINT('Ctrl Pts',(9.38022408427966,-15.3878970160216,0.407459711451157));
#8356=CARTESIAN_POINT('Ctrl Pts',(9.38022408427966,-15.3878970160216,1.29666832254248E-16));
#8357=CARTESIAN_POINT('Ctrl Pts',(2.74201493477709,-17.8686763134877,0.097431069688528));
#8358=CARTESIAN_POINT('Ctrl Pts',(2.75558474378399,-17.8666499376893,0.636656149154886));
#8359=CARTESIAN_POINT('Ctrl Pts',(3.01054336721635,-17.8309063272835,1.70874387081972));
#8360=CARTESIAN_POINT('Ctrl Pts',(4.0168433684802,-17.6461316264817,3.01240132854382));
#8361=CARTESIAN_POINT('Ctrl Pts',(5.45161220185604,-17.2700589222823,3.73934022768949));
#8362=CARTESIAN_POINT('Ctrl Pts',(7.53940366249417,-16.5037388217194,3.71488963689476));
#8363=CARTESIAN_POINT('Ctrl Pts',(8.81527269847095,-15.7930975373557,2.4573777677264));
#8364=CARTESIAN_POINT('Ctrl Pts',(9.31048879239781,-15.4966939961914,0.942461896162777));
#8365=CARTESIAN_POINT('Ctrl Pts',(9.38631502200429,-15.4500857002328,0.404561374547829));
#8366=CARTESIAN_POINT('Ctrl Pts',(9.38631502200429,-15.4500857002328,1.28745851448528E-16));
#8367=CARTESIAN_POINT('Ctrl Pts',(2.74673585211624,-17.8997364884393,0.0974277467160179));
#8368=CARTESIAN_POINT('Ctrl Pts',(2.76031079717189,-17.8977235458888,0.636629604853756));
#8369=CARTESIAN_POINT('Ctrl Pts',(3.01532022210341,-17.8622509654099,1.70873815372005));
#8370=CARTESIAN_POINT('Ctrl Pts',(4.02270875006311,-17.6781838693363,3.01354425516454));
#8371=CARTESIAN_POINT('Ctrl Pts',(5.46080908371249,-17.3020865510473,3.74226082393601));
#8372=CARTESIAN_POINT('Ctrl Pts',(7.55474961533588,-16.5334059932833,3.71755384614746));
#8373=CARTESIAN_POINT('Ctrl Pts',(8.8317828454501,-15.8205742534051,2.45764393976));
#8374=CARTESIAN_POINT('Ctrl Pts',(9.32684327712296,-15.5236268999813,0.942468617538324));
#8375=CARTESIAN_POINT('Ctrl Pts',(9.40266326678962,-15.4769124977704,0.404543359068875));
#8376=CARTESIAN_POINT('Ctrl Pts',(9.40266326678962,-15.4769124977704,1.28741397322272E-16));
#8377=CARTESIAN_POINT('Ctrl Pts',(2.7447426147994,-17.9170699729051,0.0975423937085275));
#8378=CARTESIAN_POINT('Ctrl Pts',(2.75833289104318,-17.9150621068682,0.637390488799647));
#8379=CARTESIAN_POINT('Ctrl Pts',(3.01356663674232,-17.879705078033,1.71078850093953));
#8380=CARTESIAN_POINT('Ctrl Pts',(4.02261251961018,-17.6957979385185,3.01807543845097));
#8381=CARTESIAN_POINT('Ctrl Pts',(5.46442428500966,-17.3191625646119,3.74901856794066));
#8382=CARTESIAN_POINT('Ctrl Pts',(7.56484626294884,-16.5480409331077,3.72409171624767));
#8383=CARTESIAN_POINT('Ctrl Pts',(8.84400922651057,-15.8332210824816,2.46083857770886));
#8384=CARTESIAN_POINT('Ctrl Pts',(9.3394515748209,-15.5357177124502,0.94360628795196));
#8385=CARTESIAN_POINT('Ctrl Pts',(9.41533268065734,-15.4889082645362,0.405027744750186));
#8386=CARTESIAN_POINT('Ctrl Pts',(9.41533268065734,-15.4889082645362,1.2889284376608E-16));
#8387=CARTESIAN_POINT('',(2.74474261479939,-17.9170699729051,0.0975423937085274));
#8388=CARTESIAN_POINT('Ctrl Pts',(9.41533268065734,-15.4889082645362,1.2889284376608E-16));
#8389=CARTESIAN_POINT('Ctrl Pts',(9.41533268065734,-15.4889082645362,0.405027744750186));
#8390=CARTESIAN_POINT('Ctrl Pts',(9.3394515748209,-15.5357177124502,0.94360628795196));
#8391=CARTESIAN_POINT('Ctrl Pts',(8.84400922651057,-15.8332210824816,2.46083857770886));
#8392=CARTESIAN_POINT('Ctrl Pts',(7.56484626294884,-16.5480409331077,3.72409171624767));
#8393=CARTESIAN_POINT('Ctrl Pts',(5.46442428500966,-17.3191625646119,3.74901856794066));
#8394=CARTESIAN_POINT('Ctrl Pts',(4.02261251961018,-17.6957979385185,3.01807543845097));
#8395=CARTESIAN_POINT('Ctrl Pts',(3.01356663674232,-17.879705078033,1.71078850093953));
#8396=CARTESIAN_POINT('Ctrl Pts',(2.75833289104318,-17.9150621068682,0.637390488799647));
#8397=CARTESIAN_POINT('Ctrl Pts',(2.7447426147994,-17.9170699729051,0.0975423937085275));
#8398=CARTESIAN_POINT('Origin',(2.64542915581181,-17.9056333197567,0.0999999999999997));
#8399=CARTESIAN_POINT('Origin',(6.68649380201682,-18.3709907363645,0.1));
#8400=CARTESIAN_POINT('',(3.39105765386159,-20.5808656366386,0.0975423937085279));
#8401=CARTESIAN_POINT('',(3.3080282724518,-20.6365440165901,0.));
#8402=CARTESIAN_POINT('Origin',(3.30802827245178,-20.6365440165901,0.1));
#8403=CARTESIAN_POINT('',(2.64542915581181,-17.9056333197567,0.));
#8404=CARTESIAN_POINT('Origin',(6.68649380201682,-18.3709907363645,0.));
#8405=CARTESIAN_POINT('Origin',(2.6454291558118,-17.9056333197567,0.1));
#8406=CARTESIAN_POINT('Origin',(6.68649380201682,-18.3709907363645,0.0975423937085279));
#8407=CARTESIAN_POINT('Ctrl Pts',(10.7833284588203,-18.019984110681,-2.13017971733672E-16));
#8408=CARTESIAN_POINT('Ctrl Pts',(10.7833284588203,-18.019984110681,0.579596467939413));
#8409=CARTESIAN_POINT('Ctrl Pts',(10.4331459953261,-18.2362458632682,2.32853768575987));
#8410=CARTESIAN_POINT('Ctrl Pts',(8.18590293394989,-19.462387832363,4.24960423265689));
#8411=CARTESIAN_POINT('Ctrl Pts',(5.1972493021764,-20.3916935660663,3.61967650056475));
#8412=CARTESIAN_POINT('Ctrl Pts',(3.64801778345457,-20.6824314874403,1.82691070861732));
#8413=CARTESIAN_POINT('Ctrl Pts',(3.33941488870896,-20.7327894045992,0.679378368581002));
#8414=CARTESIAN_POINT('Ctrl Pts',(3.32385615892284,-20.7352834616455,0.1));
#8415=CARTESIAN_POINT('Ctrl Pts',(10.7669634855839,-18.0297770650224,-2.11918716551429E-16));
#8416=CARTESIAN_POINT('Ctrl Pts',(10.7669634855839,-18.0297770650224,0.576603421208603));
#8417=CARTESIAN_POINT('Ctrl Pts',(10.4187062288761,-18.2443545370025,2.3164749838263));
#8418=CARTESIAN_POINT('Ctrl Pts',(8.18156829688276,-19.4631014451251,4.2298071104228));
#8419=CARTESIAN_POINT('Ctrl Pts',(5.20595716156723,-20.3890601183944,3.60220167182255));
#8420=CARTESIAN_POINT('Ctrl Pts',(3.66497183021429,-20.6793985389001,1.81749081862815));
#8421=CARTESIAN_POINT('Ctrl Pts',(3.35814901761563,-20.729771729158,0.675871000042188));
#8422=CARTESIAN_POINT('Ctrl Pts',(3.34267954711362,-20.7322660813968,0.0994839933628414));
#8423=CARTESIAN_POINT('Ctrl Pts',(10.733322046332,-18.0384358225969,-2.09998537826468E-16));
#8424=CARTESIAN_POINT('Ctrl Pts',(10.733322046332,-18.0384358225969,0.571380741666518));
#8425=CARTESIAN_POINT('Ctrl Pts',(10.3887224406871,-18.2501525818923,2.29541572665548));
#8426=CARTESIAN_POINT('Ctrl Pts',(8.17062667334479,-19.4562857090686,4.19522306399954));
#8427=CARTESIAN_POINT('Ctrl Pts',(5.21890819393648,-20.3756870287568,3.57168367092455));
#8428=CARTESIAN_POINT('Ctrl Pts',(3.69290465783368,-20.6645599572758,1.80104320374686));
#8429=CARTESIAN_POINT('Ctrl Pts',(3.38930983213479,-20.7147895820236,0.669749894047578));
#8430=CARTESIAN_POINT('Ctrl Pts',(3.37400216145523,-20.7172754920139,0.0985826328636257));
#8431=CARTESIAN_POINT('Ctrl Pts',(10.686022580926,-18.0264693180868,-2.08013285927433E-16));
#8432=CARTESIAN_POINT('Ctrl Pts',(10.686022580926,-18.0264693180868,0.565976975281657));
#8433=CARTESIAN_POINT('Ctrl Pts',(10.3455290439234,-18.2355816183638,2.27365698397935));
#8434=CARTESIAN_POINT('Ctrl Pts',(8.15031962346826,-19.4289818849469,4.15800728059495));
#8435=CARTESIAN_POINT('Ctrl Pts',(5.22725914106243,-20.3396253338838,3.53929349124382));
#8436=CARTESIAN_POINT('Ctrl Pts',(3.71780866771959,-20.625517837545,1.78402363759055));
#8437=CARTESIAN_POINT('Ctrl Pts',(3.41766286338712,-20.6752470478138,0.663416850197948));
#8438=CARTESIAN_POINT('Ctrl Pts',(3.40252876190376,-20.6777073201678,0.0976507038642398));
#8439=CARTESIAN_POINT('Ctrl Pts',(10.6479684989338,-17.9959353451776,-2.07034856633658E-16));
#8440=CARTESIAN_POINT('Ctrl Pts',(10.6479684989338,-17.9959353451776,0.563317622146431));
#8441=CARTESIAN_POINT('Ctrl Pts',(10.3096249924096,-18.2041734894435,2.26298465585195));
#8442=CARTESIAN_POINT('Ctrl Pts',(8.1292219613721,-19.391171795958,4.13723713623883));
#8443=CARTESIAN_POINT('Ctrl Pts',(5.22567821785367,-20.2951355515879,3.52195713558402));
#8444=CARTESIAN_POINT('Ctrl Pts',(3.72547749391434,-20.5782563937434,1.77562669698861));
#8445=CARTESIAN_POINT('Ctrl Pts',(3.42709055736485,-20.6274256783645,0.660298822513175));
#8446=CARTESIAN_POINT('Ctrl Pts',(3.41204534298949,-20.6298586071036,0.0971913667560571));
#8447=CARTESIAN_POINT('Ctrl Pts',(10.6346045155359,-17.9638709651678,-2.07322893622116E-16));
#8448=CARTESIAN_POINT('Ctrl Pts',(10.6346045155359,-17.9638709651678,0.564089954463618));
#8449=CARTESIAN_POINT('Ctrl Pts',(10.2956513740061,-18.1729767110956,2.2661921873782));
#8450=CARTESIAN_POINT('Ctrl Pts',(8.11655960793997,-19.3611066542173,4.13893064106517));
#8451=CARTESIAN_POINT('Ctrl Pts',(5.21668341130712,-20.2631800461653,3.52454210679028));
#8452=CARTESIAN_POINT('Ctrl Pts',(3.71558432959529,-20.5453630065203,1.77806454738006));
#8453=CARTESIAN_POINT('Ctrl Pts',(3.41674032370222,-20.5942849558694,0.661204979109944));
#8454=CARTESIAN_POINT('Ctrl Pts',(3.4016740184647,-20.596706627522,0.0973265237397823));
#8455=CARTESIAN_POINT('Ctrl Pts',(10.6325571701616,-17.9449098818475,-2.07782828658379E-16));
#8456=CARTESIAN_POINT('Ctrl Pts',(10.6325571701616,-17.9449098818475,0.565352268678184));
#8457=CARTESIAN_POINT('Ctrl Pts',(10.292607367004,-18.1548522629963,2.27131139709534));
#8458=CARTESIAN_POINT('Ctrl Pts',(8.11103085760558,-19.3451652126452,4.14516569167245));
#8459=CARTESIAN_POINT('Ctrl Pts',(5.2097084907173,-20.2473157603723,3.53071910315594));
#8460=CARTESIAN_POINT('Ctrl Pts',(3.70574697139975,-20.5295580467374,1.78201243610277));
#8461=CARTESIAN_POINT('Ctrl Pts',(3.40616174295673,-20.5784444582806,0.662681923051856));
#8462=CARTESIAN_POINT('Ctrl Pts',(3.39105765386159,-20.5808656366386,0.097542393708528));
#8463=CARTESIAN_POINT('Origin',(3.30802827245178,-20.6365440165901,0.1));
#8464=CARTESIAN_POINT('Ctrl Pts',(3.39105765386159,-20.5808656366386,0.097542393708528));
#8465=CARTESIAN_POINT('Ctrl Pts',(3.40616174295673,-20.5784444582806,0.662681923051856));
#8466=CARTESIAN_POINT('Ctrl Pts',(3.70574697139975,-20.5295580467374,1.78201243610277));
#8467=CARTESIAN_POINT('Ctrl Pts',(5.2097084907173,-20.2473157603723,3.53071910315594));
#8468=CARTESIAN_POINT('Ctrl Pts',(8.11103085760558,-19.3451652126452,4.14516569167245));
#8469=CARTESIAN_POINT('Ctrl Pts',(10.292607367004,-18.1548522629963,2.27131139709534));
#8470=CARTESIAN_POINT('Ctrl Pts',(10.6325571701616,-17.9449098818475,0.565352268678184));
#8471=CARTESIAN_POINT('Ctrl Pts',(10.6325571701616,-17.9449098818475,-2.07782828658379E-16));
#8472=CARTESIAN_POINT('Origin',(3.30802827245178,-20.6365440165901,0.1));
#8473=CARTESIAN_POINT('Origin',(3.30802827245178,-20.6365440165901,0.1));
#8474=CARTESIAN_POINT('Origin',(2.6454291558118,-17.9056333197567,0.1));
#8475=CARTESIAN_POINT('Origin',(2.6454291558118,-17.9056333197567,0.1));
#8476=CARTESIAN_POINT('Origin',(0.,0.,0.1));
#8477=CARTESIAN_POINT('',(-2.74305709685187,-17.8909373081292,0.));
#8478=CARTESIAN_POINT('Origin',(0.,0.,0.));
#8479=CARTESIAN_POINT('Ctrl Pts',(-2.63082910141749,-17.8067159970612,0.100002304089825));
#8480=CARTESIAN_POINT('Ctrl Pts',(-2.63110239183085,-17.8066755613112,0.0997180293599973));
#8481=CARTESIAN_POINT('Ctrl Pts',(-2.63137585316503,-17.8066364052384,0.099433769749377));
#8482=CARTESIAN_POINT('Ctrl Pts',(-2.6316494786568,-17.8065985248309,0.0991495329670497));
#8483=CARTESIAN_POINT('Ctrl Pts',(-2.63908349850558,-17.8055693674244,0.0914272192749977));
#8484=CARTESIAN_POINT('Ctrl Pts',(-2.6466712229585,-17.8054734865324,0.0836859917842644));
#8485=CARTESIAN_POINT('Ctrl Pts',(-2.65427709581542,-17.8062791984818,0.0760895521795041));
#8486=CARTESIAN_POINT('Ctrl Pts',(-2.6569804546268,-17.8065655730424,0.073389546233185));
#8487=CARTESIAN_POINT('Ctrl Pts',(-2.65968592977734,-17.8069662810832,0.0707077745618127));
#8488=CARTESIAN_POINT('Ctrl Pts',(-2.66238660711422,-17.8074812712192,0.0680514002817146));
#8489=CARTESIAN_POINT('Ctrl Pts',(-2.6688000792012,-17.8087042514016,0.0617431375117172));
#8490=CARTESIAN_POINT('Ctrl Pts',(-2.67523945364293,-17.810579878945,0.055524979889072));
#8491=CARTESIAN_POINT('Ctrl Pts',(-2.68158768738925,-17.8131521751888,0.0495382593619379));
#8492=CARTESIAN_POINT('Ctrl Pts',(-2.6849878992075,-17.814529936695,0.0463316795946573));
#8493=CARTESIAN_POINT('Ctrl Pts',(-2.68836127443524,-17.8161079084991,0.0431914252792557));
#8494=CARTESIAN_POINT('Ctrl Pts',(-2.69168392183361,-17.8178950538408,0.0401387230590633));
#8495=CARTESIAN_POINT('Ctrl Pts',(-2.69686882631773,-17.8206838474698,0.0353750609750504));
#8496=CARTESIAN_POINT('Ctrl Pts',(-2.70196717682774,-17.8239998623643,0.0307891665122041));
#8497=CARTESIAN_POINT('Ctrl Pts',(-2.70685159311084,-17.8279044906777,0.026518013306602));
#8498=CARTESIAN_POINT('Ctrl Pts',(-2.70921813114858,-17.8297963137516,0.0244486060447651));
#8499=CARTESIAN_POINT('Ctrl Pts',(-2.71153375228754,-17.8318264529891,0.0224530391236968));
#8500=CARTESIAN_POINT('Ctrl Pts',(-2.71377951142311,-17.834002592291,0.0205466586109507));
#8501=CARTESIAN_POINT('Ctrl Pts',(-2.71568441378248,-17.8358484415742,0.018929624673931));
#8502=CARTESIAN_POINT('Ctrl Pts',(-2.71753896523767,-17.8377994220952,0.017376754146389));
#8503=CARTESIAN_POINT('Ctrl Pts',(-2.71933330031528,-17.8398542384711,0.0158973282477292));
#8504=CARTESIAN_POINT('Ctrl Pts',(-2.72335764926729,-17.8444627969459,0.0125792601014028));
#8505=CARTESIAN_POINT('Ctrl Pts',(-2.72707294073501,-17.8495847602644,0.00964214621701222));
#8506=CARTESIAN_POINT('Ctrl Pts',(-2.73035055370993,-17.8551910006801,0.00722107006616902));
#8507=CARTESIAN_POINT('Ctrl Pts',(-2.73212137248179,-17.8582199232051,0.0059130184051432));
#8508=CARTESIAN_POINT('Ctrl Pts',(-2.73376373667552,-17.861389856944,0.00475558513473903));
#8509=CARTESIAN_POINT('Ctrl Pts',(-2.73525181136433,-17.8646928167703,0.00377009273004042));
#8510=CARTESIAN_POINT('Ctrl Pts',(-2.73546925731822,-17.8651754640833,0.00362608696365782));
#8511=CARTESIAN_POINT('Ctrl Pts',(-2.73568302871238,-17.8656601196878,0.0034860211141862));
#8512=CARTESIAN_POINT('Ctrl Pts',(-2.73589307900458,-17.8661467415731,0.00334992693156191));
#8513=CARTESIAN_POINT('Ctrl Pts',(-2.73882056637102,-17.8729288288846,0.00145317165398147));
#8514=CARTESIAN_POINT('Ctrl Pts',(-2.74102918771384,-17.8800939597347,0.00032743401635892));
#8515=CARTESIAN_POINT('Ctrl Pts',(-2.74242763006585,-17.8875411841109,6.13819534883666E-5));
#8516=CARTESIAN_POINT('Ctrl Pts',(-2.74264214055434,-17.88868353205,2.05715776518967E-5));
#8517=CARTESIAN_POINT('Ctrl Pts',(-2.74283749475386,-17.8898324832455,8.87316066258699E-16));
#8518=CARTESIAN_POINT('Ctrl Pts',(-2.74301325904047,-17.8909876280637,8.87316074321528E-16));
#8519=CARTESIAN_POINT('Origin',(-9.19216697549299E-16,0.,0.));
#8520=CARTESIAN_POINT('',(-3.40539451180932,-20.620700478377,0.));
#8521=CARTESIAN_POINT('Origin',(0.,0.,0.));
#8522=CARTESIAN_POINT('',(-3.389754392646,-20.5810745055238,1.87935852134425E-17));
#8523=CARTESIAN_POINT('Origin',(-3.30669217522797,-20.6367581479814,-9.16988096452623E-18));
#8524=CARTESIAN_POINT('',(-2.74351503988124,-17.9172512942309,3.56495890496875E-16));
#8525=CARTESIAN_POINT('Origin',(-6.68649380201683,-18.3709907363645,0.));
#8526=CARTESIAN_POINT('Origin',(-2.64417065180048,-17.9058192095214,7.30955796643512E-16));
#8527=CARTESIAN_POINT('',(-0.75,-19.5,0.));
#8528=CARTESIAN_POINT('Origin',(0.,-19.5,0.));
#8529=CARTESIAN_POINT('Origin',(0.,0.,0.1));
#8530=CARTESIAN_POINT('Ctrl Pts',(-3.32389040313341,-20.7352975954822,0.100005347666417));
#8531=CARTESIAN_POINT('Ctrl Pts',(-3.32418790674137,-20.7352497895557,0.0996962575572329));
#8532=CARTESIAN_POINT('Ctrl Pts',(-3.32448518731699,-20.7352005168957,0.0993871848268479));
#8533=CARTESIAN_POINT('Ctrl Pts',(-3.32478223659731,-20.7351497833399,0.0990781393520683));
#8534=CARTESIAN_POINT('Ctrl Pts',(-3.3320753433469,-20.7339041811372,0.091490503941569));
#8535=CARTESIAN_POINT('Ctrl Pts',(-3.33926041593535,-20.731776358436,0.0838858838199158));
#8536=CARTESIAN_POINT('Ctrl Pts',(-3.3462018701543,-20.728809400233,0.0764189190656995));
#8537=CARTESIAN_POINT('Ctrl Pts',(-3.3488345726567,-20.7276841146603,0.0735869048834131));
#8538=CARTESIAN_POINT('Ctrl Pts',(-3.35143191082301,-20.7264377200112,0.0707746243390598));
#8539=CARTESIAN_POINT('Ctrl Pts',(-3.35398501382562,-20.725071221591,0.0679902669316578));
#8540=CARTESIAN_POINT('Ctrl Pts',(-3.35968264887153,-20.7220216739302,0.0617765527459877));
#8541=CARTESIAN_POINT('Ctrl Pts',(-3.36520562865706,-20.7183520937249,0.0556518948387167));
#8542=CARTESIAN_POINT('Ctrl Pts',(-3.37041799033935,-20.714037133963,0.049750551628715));
#8543=CARTESIAN_POINT('Ctrl Pts',(-3.37154194273195,-20.7131066902134,0.0484780327160363));
#8544=CARTESIAN_POINT('Ctrl Pts',(-3.37265126652814,-20.7121461987993,0.0472158811626396));
#8545=CARTESIAN_POINT('Ctrl Pts',(-3.37374427199553,-20.71115534725,0.0459654162880249));
#8546=CARTESIAN_POINT('Ctrl Pts',(-3.37548713687207,-20.7095753731193,0.0439714726396684));
#8547=CARTESIAN_POINT('Ctrl Pts',(-3.37718854211369,-20.7079181886614,0.0420072463544637));
#8548=CARTESIAN_POINT('Ctrl Pts',(-3.37884288671665,-20.7061848627159,0.0400780223366985));
#8549=CARTESIAN_POINT('Ctrl Pts',(-3.38296945367212,-20.7018612861424,0.0352658011905394));
#8550=CARTESIAN_POINT('Ctrl Pts',(-3.38683312721036,-20.697034799179,0.0306359522850404));
#8551=CARTESIAN_POINT('Ctrl Pts',(-3.39030960497003,-20.6917114591108,0.0263293655502659));
#8552=CARTESIAN_POINT('Ctrl Pts',(-3.39334032998065,-20.6870706758238,0.0225749678438107));
#8553=CARTESIAN_POINT('Ctrl Pts',(-3.39607651239635,-20.6820521115161,0.0190661784385573));
#8554=CARTESIAN_POINT('Ctrl Pts',(-3.3984058282941,-20.6766722325076,0.015894606096833));
#8555=CARTESIAN_POINT('Ctrl Pts',(-3.39840890390994,-20.6766651289451,0.0158904183702492));
#8556=CARTESIAN_POINT('Ctrl Pts',(-3.39841197881182,-20.676658024755,0.0158862312313895));
#8557=CARTESIAN_POINT('Ctrl Pts',(-3.39841505299953,-20.6766509199372,0.015882044680463));
#8558=CARTESIAN_POINT('Ctrl Pts',(-3.40089055586092,-20.6709297349232,0.0125108065644231));
#8559=CARTESIAN_POINT('Ctrl Pts',(-3.40290046977931,-20.6648116356571,0.00953248015394856));
#8560=CARTESIAN_POINT('Ctrl Pts',(-3.40432369305377,-20.6583551761649,0.00708969400027111));
#8561=CARTESIAN_POINT('Ctrl Pts',(-3.4050557209436,-20.655034327987,0.00583325895914998));
#8562=CARTESIAN_POINT('Ctrl Pts',(-3.40563197089608,-20.6516244560221,0.00471849022710823));
#8563=CARTESIAN_POINT('Ctrl Pts',(-3.40603207585604,-20.6481374458132,0.00376482083430958));
#8564=CARTESIAN_POINT('Ctrl Pts',(-3.40653201171359,-20.6437803855077,0.00257319970130192));
#8565=CARTESIAN_POINT('Ctrl Pts',(-3.4067500591401,-20.6393642616956,0.00165131124502092));
#8566=CARTESIAN_POINT('Ctrl Pts',(-3.40666506086764,-20.6349165400939,0.00101798846061503));
#8567=CARTESIAN_POINT('Ctrl Pts',(-3.406575021041,-20.6302050080784,0.000347101017106578));
#8568=CARTESIAN_POINT('Ctrl Pts',(-3.40614478963275,-20.625457823419,3.53729950174702E-17));
#8569=CARTESIAN_POINT('Ctrl Pts',(-3.40536584656875,-20.6207109936065,3.53727928818413E-17));
#8570=CARTESIAN_POINT('Origin',(16.9307966439858,-9.77500000000001,0.));
#8571=CARTESIAN_POINT('Ctrl Pts',(9.74839397188165,-15.2236889664304,0.831396366813709));
#8572=CARTESIAN_POINT('Ctrl Pts',(9.75229999320752,-15.2222901004814,0.811715620919693));
#8573=CARTESIAN_POINT('Ctrl Pts',(9.77636082152232,-15.2137113429159,0.76874911357921));
#8574=CARTESIAN_POINT('Ctrl Pts',(9.82313410154174,-15.1959342547455,0.75));
#8575=CARTESIAN_POINT('Ctrl Pts',(9.84958312040389,-15.1853782420543,0.75));
#8576=CARTESIAN_POINT('Ctrl Pts',(9.73026353266321,-15.2057558473768,0.830280963316864));
#8577=CARTESIAN_POINT('Ctrl Pts',(9.73439241093999,-15.2039359488764,0.809493071300165));
#8578=CARTESIAN_POINT('Ctrl Pts',(9.75995831486675,-15.192671096868,0.764593951780363));
#8579=CARTESIAN_POINT('Ctrl Pts',(9.80757203552832,-15.1716287099851,0.748292779238747));
#8580=CARTESIAN_POINT('Ctrl Pts',(9.83330141665646,-15.1602762832396,0.75));
#8581=CARTESIAN_POINT('Ctrl Pts',(9.68640200241911,-15.187202386699,0.824997212500519));
#8582=CARTESIAN_POINT('Ctrl Pts',(9.69120402671072,-15.1843653081346,0.798597823070648));
#8583=CARTESIAN_POINT('Ctrl Pts',(9.7208807330787,-15.1668275757329,0.741830922548729));
#8584=CARTESIAN_POINT('Ctrl Pts',(9.7757422130176,-15.1342522330508,0.722260571529447));
#8585=CARTESIAN_POINT('Ctrl Pts',(9.80510917268208,-15.1168115108721,0.724893055081004));
#8586=CARTESIAN_POINT('Ctrl Pts',(9.64227804957273,-15.1995666757154,0.816451172128024));
#8587=CARTESIAN_POINT('Ctrl Pts',(9.64819267914432,-15.1958122534252,0.78097336944632));
#8588=CARTESIAN_POINT('Ctrl Pts',(9.68463831587578,-15.1727163386177,0.703782833860722));
#8589=CARTESIAN_POINT('Ctrl Pts',(9.75536090766455,-15.1273163314489,0.671655839678002));
#8590=CARTESIAN_POINT('Ctrl Pts',(9.79516553410332,-15.1014811246948,0.672439947525641));
#8591=CARTESIAN_POINT('Ctrl Pts',(9.62639976041724,-15.2096162888036,0.812792733627417));
#8592=CARTESIAN_POINT('Ctrl Pts',(9.63283921430308,-15.2055406595328,0.773431241839385));
#8593=CARTESIAN_POINT('Ctrl Pts',(9.67247090695538,-15.1804821540722,0.68749822715842));
#8594=CARTESIAN_POINT('Ctrl Pts',(9.75055579573152,-15.1304160197675,0.650000000000001));
#8595=CARTESIAN_POINT('Ctrl Pts',(9.79516553410332,-15.1014811246948,0.65));
#8596=CARTESIAN_POINT('Ctrl Pts',(9.74839397188165,-15.2236889664304,0.831396366813709));
#8597=CARTESIAN_POINT('Ctrl Pts',(9.75229999320752,-15.2222901004814,0.811715620919693));
#8598=CARTESIAN_POINT('Ctrl Pts',(9.77636082152232,-15.2137113429159,0.76874911357921));
#8599=CARTESIAN_POINT('Ctrl Pts',(9.82313410154174,-15.1959342547455,0.75));
#8600=CARTESIAN_POINT('Ctrl Pts',(9.84958312040389,-15.1853782420543,0.75));
#8601=CARTESIAN_POINT('Ctrl Pts',(11.1243147754992,-17.6934909154641,0.75));
#8602=CARTESIAN_POINT('Ctrl Pts',(11.1079497315512,-17.7127619560021,0.749999999999999));
#8603=CARTESIAN_POINT('Ctrl Pts',(11.0805392248253,-17.7451182548112,0.759232666917412));
#8604=CARTESIAN_POINT('Ctrl Pts',(11.0510928384249,-17.7800104840095,0.79202624118525));
#8605=CARTESIAN_POINT('Ctrl Pts',(11.04163279179,-17.7912455953644,0.817812680293289));
#8606=CARTESIAN_POINT('Ctrl Pts',(11.039391284206,-17.7939079080031,0.831396366819872));
#8607=CARTESIAN_POINT('Ctrl Pts',(11.1402400730954,-17.7188204853326,0.75));
#8608=CARTESIAN_POINT('Ctrl Pts',(11.1230970475771,-17.7368614372952,0.747655368989009));
#8609=CARTESIAN_POINT('Ctrl Pts',(11.0922876932727,-17.7679308191596,0.753824002989509));
#8610=CARTESIAN_POINT('Ctrl Pts',(11.057046612419,-17.8019841050307,0.786786626482195));
#8611=CARTESIAN_POINT('Ctrl Pts',(11.0453828986156,-17.8130628763531,0.814762591422953));
#8612=CARTESIAN_POINT('Ctrl Pts',(11.0426200976985,-17.8156801000871,0.8296037971218));
#8613=CARTESIAN_POINT('Ctrl Pts',(11.1678134494988,-17.7626766054396,0.724890330633059));
#8614=CARTESIAN_POINT('Ctrl Pts',(11.1445137016875,-17.7795133537235,0.721274979466422));
#8615=CARTESIAN_POINT('Ctrl Pts',(11.1025826073665,-17.8091048657444,0.728022075556056));
#8616=CARTESIAN_POINT('Ctrl Pts',(11.0547948820382,-17.8420880491871,0.769609098241534));
#8617=CARTESIAN_POINT('Ctrl Pts',(11.0390410171028,-17.8528289519006,0.805074949406244));
#8618=CARTESIAN_POINT('Ctrl Pts',(11.0353064766536,-17.8553776788994,0.824003978293778));
#8619=CARTESIAN_POINT('Ctrl Pts',(11.1775411619848,-17.7781487667343,0.672439947525642));
#8620=CARTESIAN_POINT('Ctrl Pts',(11.145448448886,-17.798303051381,0.671363084112739));
#8621=CARTESIAN_POINT('Ctrl Pts',(11.0909750512309,-17.8323456582888,0.686317877163068));
#8622=CARTESIAN_POINT('Ctrl Pts',(11.031780395804,-17.8689659688486,0.74471714713362));
#8623=CARTESIAN_POINT('Ctrl Pts',(11.01268844791,-17.8807441322507,0.791456602450371));
#8624=CARTESIAN_POINT('Ctrl Pts',(11.0081606841683,-17.8835304501892,0.816154476063159));
#8625=CARTESIAN_POINT('Ctrl Pts',(11.1775411619848,-17.7781487667343,0.65));
#8626=CARTESIAN_POINT('Ctrl Pts',(11.1421402183327,-17.8004061744113,0.649999999999999));
#8627=CARTESIAN_POINT('Ctrl Pts',(11.0829438388825,-17.8373531806631,0.668465333834823));
#8628=CARTESIAN_POINT('Ctrl Pts',(11.0195118988708,-17.8765529522539,0.734052482370501));
#8629=CARTESIAN_POINT('Ctrl Pts',(10.9991642620685,-17.8890585988797,0.785625360586579));
#8630=CARTESIAN_POINT('Ctrl Pts',(10.9943432526555,-17.8920210273403,0.812792733639745));
#8631=CARTESIAN_POINT('',(11.039391284206,-17.7939079080031,0.831396366819873));
#8632=CARTESIAN_POINT('Ctrl Pts',(11.1243147754992,-17.6934909154641,0.75));
#8633=CARTESIAN_POINT('Ctrl Pts',(11.1079497315512,-17.7127619560021,0.749999999999999));
#8634=CARTESIAN_POINT('Ctrl Pts',(11.0805392248253,-17.7451182548112,0.759232666917412));
#8635=CARTESIAN_POINT('Ctrl Pts',(11.0510928384249,-17.7800104840095,0.79202624118525));
#8636=CARTESIAN_POINT('Ctrl Pts',(11.04163279179,-17.7912455953644,0.817812680293289));
#8637=CARTESIAN_POINT('Ctrl Pts',(11.039391284206,-17.7939079080031,0.831396366819872));
#8638=CARTESIAN_POINT('Origin',(10.9419892371667,-17.8068209272101,0.812792733639744));
#8639=CARTESIAN_POINT('Origin',(6.68649380201682,-18.3709907363645,0.85));
#8640=CARTESIAN_POINT('Origin',(6.68649380201682,-18.3709907363645,0.831396366819873));
#8641=CARTESIAN_POINT('Ctrl Pts',(3.0485355154513,-20.7775463231593,0.64999999996726));
#8642=CARTESIAN_POINT('Ctrl Pts',(3.23022523899262,-20.7508883354262,1.76027776568222));
#8643=CARTESIAN_POINT('Ctrl Pts',(4.23827524613751,-20.6062870989814,3.27374544691982));
#8644=CARTESIAN_POINT('Ctrl Pts',(6.80972552879193,-19.9288252398389,4.38818627174648));
#8645=CARTESIAN_POINT('Ctrl Pts',(9.57675430873792,-18.7793387225094,3.88795367957027));
#8646=CARTESIAN_POINT('Ctrl Pts',(10.7988257710698,-18.0121632013945,1.91457368979598));
#8647=CARTESIAN_POINT('Ctrl Pts',(10.9943432526555,-17.8920210273403,0.812792733639744));
#8648=CARTESIAN_POINT('Ctrl Pts',(3.02700285406449,-20.7807056511165,0.65358239516969));
#8649=CARTESIAN_POINT('Ctrl Pts',(3.20955567711253,-20.7541165001805,1.77000044815151));
#8650=CARTESIAN_POINT('Ctrl Pts',(4.22238961342208,-20.6099454535819,3.29214282803714));
#8651=CARTESIAN_POINT('Ctrl Pts',(6.80775303229259,-19.9302270365845,4.41367179701234));
#8652=CARTESIAN_POINT('Ctrl Pts',(9.58960336781843,-18.7737453286089,3.91005498923574));
#8653=CARTESIAN_POINT('Ctrl Pts',(10.8164741874394,-18.0016004084448,1.92516050839357));
#8654=CARTESIAN_POINT('Ctrl Pts',(11.0127664946726,-17.8807002578055,0.817275056870963));
#8655=CARTESIAN_POINT('Ctrl Pts',(2.98751455233154,-20.7730993009487,0.659831866761893));
#8656=CARTESIAN_POINT('Ctrl Pts',(3.17142741010625,-20.7464351901104,1.78693545298169));
#8657=CARTESIAN_POINT('Ctrl Pts',(4.19187336027887,-20.6019298696664,3.32421045529635));
#8658=CARTESIAN_POINT('Ctrl Pts',(6.79910575160577,-19.9173420516942,4.45798698515797));
#8659=CARTESIAN_POINT('Ctrl Pts',(9.60485963963965,-18.7504048494799,3.94855020466927));
#8660=CARTESIAN_POINT('Ctrl Pts',(10.8402868601233,-17.9715465680984,1.94360216174056));
#8661=CARTESIAN_POINT('Ctrl Pts',(11.0379463560717,-17.8496267340427,0.825094327166898));
#8662=CARTESIAN_POINT('Ctrl Pts',(2.95909806282778,-20.7454645336418,0.663799539866891));
#8663=CARTESIAN_POINT('Ctrl Pts',(3.14383051780484,-20.718474111925,1.79767191611104));
#8664=CARTESIAN_POINT('Ctrl Pts',(4.16877780249327,-20.5721202014021,3.34371151569721));
#8665=CARTESIAN_POINT('Ctrl Pts',(6.78534085827408,-19.8835746358206,4.48301932084976));
#8666=CARTESIAN_POINT('Ctrl Pts',(9.60113769335979,-18.7133547337562,3.97136934299219));
#8667=CARTESIAN_POINT('Ctrl Pts',(10.8431096030591,-17.9325011295248,1.95526155697618));
#8668=CARTESIAN_POINT('Ctrl Pts',(11.0418128943254,-17.8102370520661,0.830051939546317));
#8669=CARTESIAN_POINT('Ctrl Pts',(2.95041888285974,-20.7314235455863,0.66487754631579));
#8670=CARTESIAN_POINT('Ctrl Pts',(3.13538222553572,-20.7042852439584,1.80056794113844));
#8671=CARTESIAN_POINT('Ctrl Pts',(4.16159490984126,-20.5570786352048,3.34867667710795));
#8672=CARTESIAN_POINT('Ctrl Pts',(6.77937664528813,-19.8674105155107,4.48862541735753));
#8673=CARTESIAN_POINT('Ctrl Pts',(9.59626074001826,-18.6972129695946,3.97694323506512));
#8674=CARTESIAN_POINT('Ctrl Pts',(10.8403510399874,-17.9162147599059,1.95839547257913));
#8675=CARTESIAN_POINT('Ctrl Pts',(11.039391284206,-17.7939079080031,0.831396366819871));
#8676=CARTESIAN_POINT('Ctrl Pts',(11.039391284206,-17.7939079080031,0.831396366819871));
#8677=CARTESIAN_POINT('Ctrl Pts',(10.8403510399874,-17.9162147599059,1.95839547257913));
#8678=CARTESIAN_POINT('Ctrl Pts',(9.59626074001826,-18.6972129695946,3.97694323506512));
#8679=CARTESIAN_POINT('Ctrl Pts',(6.77937664528813,-19.8674105155107,4.48862541735753));
#8680=CARTESIAN_POINT('Ctrl Pts',(4.20783316329417,-20.5448969285006,3.36881175485766));
#8681=CARTESIAN_POINT('Ctrl Pts',(3.19627453920204,-20.6953871008393,1.89096727291892));
#8682=CARTESIAN_POINT('Ctrl Pts',(2.97781956074534,-20.7274090200708,0.814696225054293));
#8683=CARTESIAN_POINT('Origin',(6.68649380201682,-18.3709907363645,0.));
#8684=CARTESIAN_POINT('Ctrl Pts',(-9.65026758156609,-15.1944837228573,0.649999999999998));
#8685=CARTESIAN_POINT('Ctrl Pts',(-9.65039477643936,-15.1944029392924,0.650385595585703));
#8686=CARTESIAN_POINT('Ctrl Pts',(-9.65052379878145,-15.1943231007736,0.650774017802339));
#8687=CARTESIAN_POINT('Ctrl Pts',(-9.67472395477293,-15.1788857297409,0.724211096185594));
#8688=CARTESIAN_POINT('Ctrl Pts',(-9.71548675363513,-15.1849941860554,0.805979100867181));
#8689=CARTESIAN_POINT('Ctrl Pts',(-9.74920589777276,-15.2231750565526,0.826445439481784));
#8690=CARTESIAN_POINT('Ctrl Pts',(-9.65026758156609,-15.1944837228573,0.649999999999998));
#8691=CARTESIAN_POINT('Ctrl Pts',(-9.65048854355594,-15.1942683379322,0.6504038315894));
#8692=CARTESIAN_POINT('Ctrl Pts',(-9.65060712958871,-15.1943444732586,0.650581660237378));
#8693=CARTESIAN_POINT('Ctrl Pts',(-9.68679737972159,-15.1683045499705,0.714916979436934));
#8694=CARTESIAN_POINT('Ctrl Pts',(-9.74532700701265,-15.1935642455156,0.778103329677434));
#8695=CARTESIAN_POINT('Ctrl Pts',(-9.76198493662596,-15.2243793717389,0.783674854816302));
#8696=CARTESIAN_POINT('Ctrl Pts',(-9.65026758156609,-15.1944837228573,0.649999999999998));
#8697=CARTESIAN_POINT('Ctrl Pts',(-9.65052775822983,-15.1942432336225,0.650365093052896));
#8698=CARTESIAN_POINT('Ctrl Pts',(-9.65074373314383,-15.194257876338,0.650442874721948));
#8699=CARTESIAN_POINT('Ctrl Pts',(-9.6971633256618,-15.1617194919282,0.704443573811095));
#8700=CARTESIAN_POINT('Ctrl Pts',(-9.77308401418465,-15.1758016603992,0.750899058520323));
#8701=CARTESIAN_POINT('Ctrl Pts',(-9.79717740064339,-15.2018411349909,0.749229117184856));
#8702=CARTESIAN_POINT('Ctrl Pts',(-9.65026758156609,-15.1944837228573,0.649999999999998));
#8703=CARTESIAN_POINT('Ctrl Pts',(-9.65056982994869,-15.1942917599172,0.650208649116209));
#8704=CARTESIAN_POINT('Ctrl Pts',(-9.65087523458249,-15.19409985821,0.650419012954686));
#8705=CARTESIAN_POINT('Ctrl Pts',(-9.70841119798205,-15.1574971853472,0.690124260764087));
#8706=CARTESIAN_POINT('Ctrl Pts',(-9.78692777304348,-15.1392888874512,0.735910287848491));
#8707=CARTESIAN_POINT('Ctrl Pts',(-9.82989426773236,-15.171499971112,0.747469144438607));
#8708=CARTESIAN_POINT('',(-9.82989426773235,-15.171499971112,0.747469144438607));
#8709=CARTESIAN_POINT('',(-9.74920589777276,-15.2231750565526,0.826445439481783));
#8710=CARTESIAN_POINT('Origin',(-9.81773827852362,-15.1527383664695,0.844938288877214));
#8711=CARTESIAN_POINT('Ctrl Pts',(-9.74920589777276,-15.2231750565526,0.826445439481784));
#8712=CARTESIAN_POINT('Ctrl Pts',(-9.71548675363513,-15.1849941860554,0.805979100867181));
#8713=CARTESIAN_POINT('Ctrl Pts',(-9.67472395477293,-15.1788857297409,0.724211096185594));
#8714=CARTESIAN_POINT('Ctrl Pts',(-9.65052379878145,-15.1943231007736,0.650774017802339));
#8715=CARTESIAN_POINT('Ctrl Pts',(-9.65039477643936,-15.1944029392924,0.650385595585703));
#8716=CARTESIAN_POINT('Ctrl Pts',(-9.65026758156609,-15.1944837228573,0.649999999999998));
#8717=CARTESIAN_POINT('Ctrl Pts',(-9.65026758156609,-15.1944837228573,0.649999999999998));
#8718=CARTESIAN_POINT('Ctrl Pts',(-9.65056982994869,-15.1942917599172,0.650208649116209));
#8719=CARTESIAN_POINT('Ctrl Pts',(-9.65087523458249,-15.19409985821,0.650419012954686));
#8720=CARTESIAN_POINT('Ctrl Pts',(-9.70841119798205,-15.1574971853472,0.690124260764087));
#8721=CARTESIAN_POINT('Ctrl Pts',(-9.78692777304348,-15.1392888874512,0.735910287848491));
#8722=CARTESIAN_POINT('Ctrl Pts',(-9.82989426773236,-15.171499971112,0.747469144438607));
#8723=CARTESIAN_POINT('Ctrl Pts',(-9.84958312040389,-15.1853782420543,0.75));
#8724=CARTESIAN_POINT('Ctrl Pts',(-9.84278306558553,-15.1808627417294,0.75));
#8725=CARTESIAN_POINT('Ctrl Pts',(-9.83616231252475,-15.1761989933772,0.749155375335037));
#8726=CARTESIAN_POINT('Ctrl Pts',(-9.82989426773236,-15.171499971112,0.747469144438607));
#8727=CARTESIAN_POINT('Ctrl Pts',(-9.83101311810808,-15.2040804743905,0.75));
#8728=CARTESIAN_POINT('Ctrl Pts',(-9.82424097364259,-15.1991655039371,0.750428090760829));
#8729=CARTESIAN_POINT('Ctrl Pts',(-9.81755439716661,-15.194020359446,0.749908395200022));
#8730=CARTESIAN_POINT('Ctrl Pts',(-9.81119891511009,-15.1888377790428,0.748474843150749));
#8731=CARTESIAN_POINT('Ctrl Pts',(-9.79872215841842,-15.2366013659261,0.769214032596057));
#8732=CARTESIAN_POINT('Ctrl Pts',(-9.79117442189496,-15.2297671479362,0.7698941925806));
#8733=CARTESIAN_POINT('Ctrl Pts',(-9.78369221609683,-15.2227161619578,0.76941718713055));
#8734=CARTESIAN_POINT('Ctrl Pts',(-9.7764820562303,-15.2156407106681,0.767726320300431));
#8735=CARTESIAN_POINT('Ctrl Pts',(-9.78294478479979,-15.252491084321,0.811974725174065));
#8736=CARTESIAN_POINT('Ctrl Pts',(-9.77331429723644,-15.2429843891829,0.812196616641371));
#8737=CARTESIAN_POINT('Ctrl Pts',(-9.7638076393505,-15.2333070208974,0.810914560761452));
#8738=CARTESIAN_POINT('Ctrl Pts',(-9.75468262870985,-15.2236911916324,0.808115188910863));
#8739=CARTESIAN_POINT('Ctrl Pts',(-9.7803537634683,-15.2551005553462,0.831396366819873));
#8740=CARTESIAN_POINT('Ctrl Pts',(-9.76971650746249,-15.2445385077309,0.831396366819873));
#8741=CARTESIAN_POINT('Ctrl Pts',(-9.75924419313929,-15.2338080053258,0.829744089460399));
#8742=CARTESIAN_POINT('Ctrl Pts',(-9.74920589777276,-15.2231750565526,0.826445439481785));
#8743=CARTESIAN_POINT('',(-9.84958312040389,-15.1853782420543,0.75));
#8744=CARTESIAN_POINT('Origin',(-9.8735230068318,-15.1697788246609,0.651052354357173));
#8745=CARTESIAN_POINT('',(-9.7803537634683,-15.2551005553462,0.831396366819873));
#8746=CARTESIAN_POINT('Origin',(-9.84958312040389,-15.1853782420543,0.85));
#8747=CARTESIAN_POINT('Origin',(-9.80427463920395,-15.2394867068163,0.636306189384535));
#8748=CARTESIAN_POINT('Origin',(-6.68649380201683,-18.3709907363645,0.85));
#8749=CARTESIAN_POINT('',(-11.1243147754992,-17.6934909154641,0.75));
#8750=CARTESIAN_POINT('',(-11.0271858419583,-17.7083191015201,0.831396366819873));
#8751=CARTESIAN_POINT('Origin',(-11.1243147754992,-17.6934909154641,0.85));
#8752=CARTESIAN_POINT('Origin',(-6.68649380201683,-18.3709907363645,0.831396366819873));
#8753=CARTESIAN_POINT('Origin',(-6.68649380201683,-18.3709907363645,0.75));
#8754=CARTESIAN_POINT('Ctrl Pts',(-11.1183257576917,-17.7449373359213,0.741479941521733));
#8755=CARTESIAN_POINT('Ctrl Pts',(-11.1194584660925,-17.7289925571033,0.747180154212904));
#8756=CARTESIAN_POINT('Ctrl Pts',(-11.1215413617832,-17.7113578698444,0.75));
#8757=CARTESIAN_POINT('Ctrl Pts',(-11.1243147754992,-17.6934909154641,0.75));
#8758=CARTESIAN_POINT('Ctrl Pts',(-11.0958338301487,-17.750985586218,0.744489747587563));
#8759=CARTESIAN_POINT('Ctrl Pts',(-11.0957447894023,-17.7340567730161,0.749678219293082));
#8760=CARTESIAN_POINT('Ctrl Pts',(-11.0965788218131,-17.715600441092,0.75146688383703));
#8761=CARTESIAN_POINT('Ctrl Pts',(-11.0982610231796,-17.6974684108691,0.75));
#8762=CARTESIAN_POINT('Ctrl Pts',(-11.0598703943422,-17.7666964446662,0.763551197248498));
#8763=CARTESIAN_POINT('Ctrl Pts',(-11.0568947064697,-17.7467589382479,0.769816388243947));
#8764=CARTESIAN_POINT('Ctrl Pts',(-11.0545241912157,-17.7252766018162,0.771546470764886));
#8765=CARTESIAN_POINT('Ctrl Pts',(-11.0529584862539,-17.7043845214641,0.769215853570554));
#8766=CARTESIAN_POINT('Ctrl Pts',(-11.0443317678276,-17.7849263289167,0.79877907335956));
#8767=CARTESIAN_POINT('Ctrl Pts',(-11.0392900595991,-17.760582220695,0.808413265963587));
#8768=CARTESIAN_POINT('Ctrl Pts',(-11.034704653016,-17.7341003214803,0.812735052274648));
#8769=CARTESIAN_POINT('Ctrl Pts',(-11.0308210503417,-17.707764132529,0.811974725174065));
#8770=CARTESIAN_POINT('Ctrl Pts',(-11.0423040998466,-17.7921177113508,0.814729200551817));
#8771=CARTESIAN_POINT('Ctrl Pts',(-11.0367224100803,-17.7658117507686,0.825880109073088));
#8772=CARTESIAN_POINT('Ctrl Pts',(-11.0315793029953,-17.7370975497717,0.831396366819873));
#8773=CARTESIAN_POINT('Ctrl Pts',(-11.0271858419583,-17.7083191015201,0.831396366819873));
#8774=CARTESIAN_POINT('',(-11.1183257576917,-17.7449373359213,0.741479941521733));
#8775=CARTESIAN_POINT('Origin',(-11.1503164402287,-17.6768049347084,0.650544788845321));
#8776=CARTESIAN_POINT('',(-11.042304099847,-17.7921177113493,0.814729200548568));
#8777=CARTESIAN_POINT('Origin',(-11.1397713251281,-17.7791646340401,0.832959883043467));
#8778=CARTESIAN_POINT('Origin',(-11.052107025903,-17.692341591405,0.636404661030442));
#8779=CARTESIAN_POINT('Ctrl Pts',(-11.0423040998465,-17.7921177113501,0.81472920055158));
#8780=CARTESIAN_POINT('Ctrl Pts',(-11.0534666177146,-17.8322614308842,0.783573211661874));
#8781=CARTESIAN_POINT('Ctrl Pts',(-11.0417047493014,-17.8627582510999,0.714932436818611));
#8782=CARTESIAN_POINT('Ctrl Pts',(-11.0204524351032,-17.8759500718704,0.650656307220265));
#8783=CARTESIAN_POINT('Ctrl Pts',(-11.0203440853164,-17.8760179082888,0.650327497143046));
#8784=CARTESIAN_POINT('Ctrl Pts',(-11.020235644945,-17.8760847595295,0.650000000021455));
#8785=CARTESIAN_POINT('Ctrl Pts',(-11.0450076571547,-17.782529201438,0.79346236429536));
#8786=CARTESIAN_POINT('Ctrl Pts',(-11.0573579260261,-17.8181007766186,0.770205862730737));
#8787=CARTESIAN_POINT('Ctrl Pts',(-11.0478017289549,-17.859384045049,0.70953476884092));
#8788=CARTESIAN_POINT('Ctrl Pts',(-11.0205074571868,-17.8759143499799,0.650598514328386));
#8789=CARTESIAN_POINT('Ctrl Pts',(-11.020372471408,-17.8760004088518,0.650299077764854));
#8790=CARTESIAN_POINT('Ctrl Pts',(-11.0202356449458,-17.876084759529,0.650000000020595));
#8791=CARTESIAN_POINT('Ctrl Pts',(-11.0644395471634,-17.763860749102,0.759148676853644));
#8792=CARTESIAN_POINT('Ctrl Pts',(-11.0728907110539,-17.798974986593,0.747447758232086));
#8793=CARTESIAN_POINT('Ctrl Pts',(-11.05785571612,-17.853527848568,0.699968154235192));
#8794=CARTESIAN_POINT('Ctrl Pts',(-11.0206061344639,-17.8758519681825,0.65049780546411));
#8795=CARTESIAN_POINT('Ctrl Pts',(-11.0204221470682,-17.8759697848372,0.650249343853019));
#8796=CARTESIAN_POINT('Ctrl Pts',(-11.0202356449473,-17.8760847595281,0.650000000019091));
#8797=CARTESIAN_POINT('Ctrl Pts',(-11.1014568120345,-17.7494735236441,0.743737296071028));
#8798=CARTESIAN_POINT('Ctrl Pts',(-11.1011408288365,-17.7939108224825,0.729867027551652));
#8799=CARTESIAN_POINT('Ctrl Pts',(-11.0672530763137,-17.8472863863669,0.689844882010779));
#8800=CARTESIAN_POINT('Ctrl Pts',(-11.0207075056288,-17.8757915035964,0.650399101474244));
#8801=CARTESIAN_POINT('Ctrl Pts',(-11.0204718227284,-17.8759391608225,0.650199609941183));
#8802=CARTESIAN_POINT('Ctrl Pts',(-11.0202356449488,-17.8760847595272,0.650000000017586));
#8803=CARTESIAN_POINT('Ctrl Pts',(-11.1183257576917,-17.7449373359218,0.741479941521549));
#8804=CARTESIAN_POINT('Ctrl Pts',(-11.1148231873066,-17.7942419142497,0.723853696195449));
#8805=CARTESIAN_POINT('Ctrl Pts',(-11.0712429465442,-17.8445515545604,0.685333499843836));
#8806=CARTESIAN_POINT('Ctrl Pts',(-11.0207511458536,-17.8757659032018,0.650357418668708));
#8807=CARTESIAN_POINT('Ctrl Pts',(-11.0204931122971,-17.8759260362448,0.650178295407539));
#8808=CARTESIAN_POINT('Ctrl Pts',(-11.0202356449495,-17.8760847595268,0.650000000016941));
#8809=CARTESIAN_POINT('Ctrl Pts',(-11.1183257576917,-17.7449373359218,0.741479941521549));
#8810=CARTESIAN_POINT('Ctrl Pts',(-11.1148231873066,-17.7942419142497,0.723853696195449));
#8811=CARTESIAN_POINT('Ctrl Pts',(-11.0712429465442,-17.8445515545604,0.685333499843836));
#8812=CARTESIAN_POINT('Ctrl Pts',(-11.0207511458536,-17.8757659032018,0.650357418668708));
#8813=CARTESIAN_POINT('Ctrl Pts',(-11.0204931122971,-17.8759260362448,0.650178295407539));
#8814=CARTESIAN_POINT('Ctrl Pts',(-11.0202356449495,-17.8760847595268,0.650000000016941));
#8815=CARTESIAN_POINT('Ctrl Pts',(-11.020235644945,-17.8760847595295,0.650000000021455));
#8816=CARTESIAN_POINT('Ctrl Pts',(-11.0203440853164,-17.8760179082888,0.650327497143046));
#8817=CARTESIAN_POINT('Ctrl Pts',(-11.0204524351032,-17.8759500718704,0.650656307220265));
#8818=CARTESIAN_POINT('Ctrl Pts',(-11.0417047493014,-17.8627582510999,0.714932436818611));
#8819=CARTESIAN_POINT('Ctrl Pts',(-11.0534666177146,-17.8322614308842,0.783573211661874));
#8820=CARTESIAN_POINT('Ctrl Pts',(-11.0423040998465,-17.7921177113501,0.81472920055158));
#8821=CARTESIAN_POINT('Origin',(0.,0.,0.65));
#8822=CARTESIAN_POINT('',(-15.4929700428414,-14.0277538918966,0.75));
#8823=CARTESIAN_POINT('Origin',(0.,0.,0.75));
#8824=CARTESIAN_POINT('Origin',(-15.4929700428414,-14.0277538918966,0.65));
#8825=CARTESIAN_POINT('Origin',(-9.19216697549299E-16,0.,0.75));
#8826=CARTESIAN_POINT('',(-13.2443160655608,-12.3368590798277,0.75));
#8827=CARTESIAN_POINT('Origin',(0.,0.,0.75));
#8828=CARTESIAN_POINT('Origin',(-16.9307966439858,-9.775,0.75));
#8829=CARTESIAN_POINT('',(-11.9598250565483,-15.419957348085,0.75));
#8830=CARTESIAN_POINT('Origin',(-12.5343583888875,-14.9378666408201,0.750000000000002));
#8831=CARTESIAN_POINT('Origin',(0.,0.,0.65));
#8832=CARTESIAN_POINT('Origin',(-13.2443160655608,-12.3368590798277,0.65));
#8833=CARTESIAN_POINT('Ctrl Pts',(-2.40230285482122,-17.8389725318954,0.812792733633719));
#8834=CARTESIAN_POINT('Ctrl Pts',(-2.50313700799233,-17.8253936010689,1.33829983435754));
#8835=CARTESIAN_POINT('Ctrl Pts',(-3.08590875329545,-17.7481252278596,2.85825724071491));
#8836=CARTESIAN_POINT('Ctrl Pts',(-5.43100522796446,-17.2802694433349,4.52767567644575));
#8837=CARTESIAN_POINT('Ctrl Pts',(-8.55366813555392,-15.9270303007187,3.71052995930037));
#8838=CARTESIAN_POINT('Ctrl Pts',(-9.51294613014859,-15.2816988448081,1.70819896264472));
#8839=CARTESIAN_POINT('Ctrl Pts',(-9.65026758157295,-15.1944837228529,0.649999999947163));
#8840=CARTESIAN_POINT('Ctrl Pts',(-2.37747186555559,-17.8423164215894,0.817670651632869));
#8841=CARTESIAN_POINT('Ctrl Pts',(-2.47903949130998,-17.8287847583027,1.34632472455014));
#8842=CARTESIAN_POINT('Ctrl Pts',(-3.06610977546414,-17.751791484863,2.87527596431138));
#8843=CARTESIAN_POINT('Ctrl Pts',(-5.42681925380894,-17.2830968184269,4.55317156045828));
#8844=CARTESIAN_POINT('Ctrl Pts',(-8.56821716928788,-15.9203540972602,3.73208015843068));
#8845=CARTESIAN_POINT('Ctrl Pts',(-9.53341535781855,-15.2689748429138,1.71845522264963));
#8846=CARTESIAN_POINT('Ctrl Pts',(-9.67158631789523,-15.1809438412904,0.653904016902895));
#8847=CARTESIAN_POINT('Ctrl Pts',(-2.33665962219736,-17.8659436410337,0.82615911044236));
#8848=CARTESIAN_POINT('Ctrl Pts',(-2.43957288288551,-17.8523182269369,1.36026770162953));
#8849=CARTESIAN_POINT('Ctrl Pts',(-3.03460891924939,-17.774796722334,2.90485698530741));
#8850=CARTESIAN_POINT('Ctrl Pts',(-5.42388040332202,-17.3017690373768,4.59758471598544));
#8851=CARTESIAN_POINT('Ctrl Pts',(-8.60092151475344,-15.9227195625139,3.76958366109299));
#8852=CARTESIAN_POINT('Ctrl Pts',(-9.57842426199186,-15.2618925760541,1.73625731714284));
#8853=CARTESIAN_POINT('Ctrl Pts',(-9.71834072670598,-15.172587578037,0.660697534656973));
#8854=CARTESIAN_POINT('Ctrl Pts',(-2.31966676146169,-17.909125505059,0.830559814191349));
#8855=CARTESIAN_POINT('Ctrl Pts',(-2.42326792169713,-17.895251565653,1.36754172231397));
#8856=CARTESIAN_POINT('Ctrl Pts',(-3.02214323487472,-17.8163009815833,2.92056458865739));
#8857=CARTESIAN_POINT('Ctrl Pts',(-5.42951130935006,-17.3372602368481,4.6245035565888));
#8858=CARTESIAN_POINT('Ctrl Pts',(-8.63318670127493,-15.9481303400095,3.79072528486161));
#8859=CARTESIAN_POINT('Ctrl Pts',(-9.61829280039959,-15.2843805767103,1.74553693149856));
#8860=CARTESIAN_POINT('Ctrl Pts',(-9.75930478010123,-15.1946748053331,0.66421242423697));
#8861=CARTESIAN_POINT('Ctrl Pts',(-2.31789560984865,-17.9281691959739,0.831396366813709));
#8862=CARTESIAN_POINT('Ctrl Pts',(-2.42161072050762,-17.9142022981619,1.36893155407275));
#8863=CARTESIAN_POINT('Ctrl Pts',(-3.02103298124171,-17.8347262711828,2.9236785554486));
#8864=CARTESIAN_POINT('Ctrl Pts',(-5.43313178633127,-17.3535032635172,4.63130752987778));
#8865=CARTESIAN_POINT('Ctrl Pts',(-8.64501306689017,-15.9616003912203,3.79545854614634));
#8866=CARTESIAN_POINT('Ctrl Pts',(-9.63169882992988,-15.29783101094,1.74729713070709));
#8867=CARTESIAN_POINT('Ctrl Pts',(-9.7729437264498,-15.2081240442006,0.664877546295233));
#8868=CARTESIAN_POINT('',(-2.31789560984979,-17.9281691959742,0.831396366819873));
#8869=CARTESIAN_POINT('Ctrl Pts',(-9.74917982973938,-15.2233385886675,0.826424037663876));
#8870=CARTESIAN_POINT('Ctrl Pts',(-9.58174979456911,-15.3311140442942,1.84856177115459));
#8871=CARTESIAN_POINT('Ctrl Pts',(-8.59159436895661,-15.9847499514292,3.80936004513707));
#8872=CARTESIAN_POINT('Ctrl Pts',(-5.43313178633127,-17.3535032635172,4.63130752987778));
#8873=CARTESIAN_POINT('Ctrl Pts',(-3.02103298124171,-17.8347262711828,2.9236785554486));
#8874=CARTESIAN_POINT('Ctrl Pts',(-2.42161072050762,-17.9142022981619,1.36893155407275));
#8875=CARTESIAN_POINT('Ctrl Pts',(-2.31789560984865,-17.9281691959739,0.831396366813709));
#8876=CARTESIAN_POINT('Origin',(-2.41564898179245,-17.9380779348504,0.812792733633719));
#8877=CARTESIAN_POINT('Ctrl Pts',(-9.4306106556353,-15.3317834142613,0.0999999999999993));
#8878=CARTESIAN_POINT('Ctrl Pts',(-9.41868072648555,-15.339121537552,0.653449709983824));
#8879=CARTESIAN_POINT('Ctrl Pts',(-9.19544323494619,-15.4790577620465,1.75434363404165));
#8880=CARTESIAN_POINT('Ctrl Pts',(-8.28844257832276,-15.9960672177556,3.09306952074073));
#8881=CARTESIAN_POINT('Ctrl Pts',(-6.91128637115238,-16.6486691304409,3.84575295187968));
#8882=CARTESIAN_POINT('Ctrl Pts',(-5.31120892265518,-17.2254127027838,3.82097499982414));
#8883=CARTESIAN_POINT('Ctrl Pts',(-3.85514972981421,-17.5978682546027,3.02677096278925));
#8884=CARTESIAN_POINT('Ctrl Pts',(-2.86292600659896,-17.7747413803436,1.66079398258108));
#8885=CARTESIAN_POINT('Ctrl Pts',(-2.62956197418602,-17.8068920315679,0.5536433672255));
#8886=CARTESIAN_POINT('Ctrl Pts',(-2.62956197418602,-17.8068920315679,7.30955796639851E-16));
#8887=CARTESIAN_POINT('Ctrl Pts',(-9.40461112413899,-15.3477757781074,0.0992232326699378));
#8888=CARTESIAN_POINT('Ctrl Pts',(-9.39275098665885,-15.355042227968,0.648348488182364));
#8889=CARTESIAN_POINT('Ctrl Pts',(-9.17072184674647,-15.4936889350494,1.74069045914312));
#8890=CARTESIAN_POINT('Ctrl Pts',(-8.26977991861066,-16.0054259291111,3.06780602860321));
#8891=CARTESIAN_POINT('Ctrl Pts',(-6.9041236475531,-16.6510569519088,3.8129816231433));
#8892=CARTESIAN_POINT('Ctrl Pts',(-5.31918257945693,-17.2224076129049,3.78847992164406));
#8893=CARTESIAN_POINT('Ctrl Pts',(-3.8761457408989,-17.5929973854783,3.00212537924597));
#8894=CARTESIAN_POINT('Ctrl Pts',(-2.89156648076696,-17.7700850018852,1.64788916647196));
#8895=CARTESIAN_POINT('Ctrl Pts',(-2.65976739475978,-17.8024315661922,0.549318152368679));
#8896=CARTESIAN_POINT('Ctrl Pts',(-2.65976739475978,-17.8024315661922,7.25278295262416E-16));
#8897=CARTESIAN_POINT('Ctrl Pts',(-9.37916138998598,-15.3885467074741,0.0981280211531883));
#8898=CARTESIAN_POINT('Ctrl Pts',(-9.36739617104528,-15.3957390009061,0.641215864100422));
#8899=CARTESIAN_POINT('Ctrl Pts',(-9.14714549182434,-15.5329354097816,1.72142224075171));
#8900=CARTESIAN_POINT('Ctrl Pts',(-8.2542643302117,-16.0390471999039,3.03234850097216));
#8901=CARTESIAN_POINT('Ctrl Pts',(-6.90340542116633,-16.6768115027403,3.76712980814507));
#8902=CARTESIAN_POINT('Ctrl Pts',(-5.33734256531555,-17.241373589107,3.74297012248908));
#8903=CARTESIAN_POINT('Ctrl Pts',(-3.91041121314325,-17.608690401816,2.96755175375458));
#8904=CARTESIAN_POINT('Ctrl Pts',(-2.93523542345143,-17.7849803107907,1.62967912627023));
#8905=CARTESIAN_POINT('Ctrl Pts',(-2.70548100460124,-17.8173048213312,0.543279615268211));
#8906=CARTESIAN_POINT('Ctrl Pts',(-2.70548100460124,-17.8173048213312,7.17273224875236E-16));
#8907=CARTESIAN_POINT('Ctrl Pts',(-9.38525843401373,-15.4507334223023,0.0974310697197292));
#8908=CARTESIAN_POINT('Ctrl Pts',(-9.37356082797399,-15.4579036334777,0.636656149186088));
#8909=CARTESIAN_POINT('Ctrl Pts',(-9.15458489207493,-15.5946889765074,1.70921220241183));
#8910=CARTESIAN_POINT('Ctrl Pts',(-8.26645788527841,-16.0993539160036,3.0113359492333));
#8911=CARTESIAN_POINT('Ctrl Pts',(-6.92156759880709,-16.7353573506902,3.74163931783526));
#8912=CARTESIAN_POINT('Ctrl Pts',(-5.36143465141437,-17.297748258859,3.71762514941383));
#8913=CARTESIAN_POINT('Ctrl Pts',(-3.9401654572634,-17.6625765384014,2.94694681211863));
#8914=CARTESIAN_POINT('Ctrl Pts',(-2.96943143623565,-17.8369872945074,1.61811020834576));
#8915=CARTESIAN_POINT('Ctrl Pts',(-2.74078919177069,-17.8688592950038,0.539415166063772));
#8916=CARTESIAN_POINT('Ctrl Pts',(-2.74078919177069,-17.8688592950038,7.12178669250453E-16));
#8917=CARTESIAN_POINT('Ctrl Pts',(-9.40160709519349,-15.477561443085,0.0974277467160174));
#8918=CARTESIAN_POINT('Ctrl Pts',(-9.38991418943752,-15.4847452461139,0.636629604853755));
#8919=CARTESIAN_POINT('Ctrl Pts',(-9.17105937454289,-15.621769680177,1.70919142822032));
#8920=CARTESIAN_POINT('Ctrl Pts',(-8.28258876605371,-16.1276801250899,3.01250789447328));
#8921=CARTESIAN_POINT('Ctrl Pts',(-6.9350654015051,-16.7658015612907,3.74451019383926));
#8922=CARTESIAN_POINT('Ctrl Pts',(-5.37041462375875,-17.3297914104822,3.72043025148297));
#8923=CARTESIAN_POINT('Ctrl Pts',(-3.94589168236689,-17.6946059923985,2.94800069819454));
#8924=CARTESIAN_POINT('Ctrl Pts',(-2.97420117246533,-17.8682835246562,1.6180670638769));
#8925=CARTESIAN_POINT('Ctrl Pts',(-2.74550964372645,-17.8999182615028,0.539391145425167));
#8926=CARTESIAN_POINT('Ctrl Pts',(-2.74550964372645,-17.8999182615028,7.12154030296807E-16));
#8927=CARTESIAN_POINT('Ctrl Pts',(-9.41427575261119,-15.4895584342895,0.097542393708527));
#8928=CARTESIAN_POINT('Ctrl Pts',(-9.4025743656038,-15.4967559808512,0.637390488799646));
#8929=CARTESIAN_POINT('Ctrl Pts',(-9.18361344385197,-15.6340114413497,1.7112287745174));
#8930=CARTESIAN_POINT('Ctrl Pts',(-8.29398823603262,-16.1411165256968,3.0170540495994));
#8931=CARTESIAN_POINT('Ctrl Pts',(-6.94321426684429,-16.7812165167566,3.75123948537981));
#8932=CARTESIAN_POINT('Ctrl Pts',(-5.37378956769837,-17.3469113888134,3.72707047783288));
#8933=CARTESIAN_POINT('Ctrl Pts',(-3.94562416057427,-17.7122317943397,2.95238484917929));
#8934=CARTESIAN_POINT('Ctrl Pts',(-2.97240850794752,-17.8857165543517,1.61997820517678));
#8935=CARTESIAN_POINT('Ctrl Pts',(-2.74351503988124,-17.9172512942309,0.540036993000248));
#8936=CARTESIAN_POINT('Ctrl Pts',(-2.74351503988124,-17.9172512942309,7.1299178099375E-16));
#8937=CARTESIAN_POINT('',(-9.41427575261119,-15.4895584342895,0.0975423937085268));
#8938=CARTESIAN_POINT('Ctrl Pts',(-2.74351503988124,-17.9172512942309,7.1299178099375E-16));
#8939=CARTESIAN_POINT('Ctrl Pts',(-2.74351503988124,-17.9172512942309,0.540036993000248));
#8940=CARTESIAN_POINT('Ctrl Pts',(-2.97240850794752,-17.8857165543517,1.61997820517678));
#8941=CARTESIAN_POINT('Ctrl Pts',(-3.94562416057427,-17.7122317943397,2.95238484917929));
#8942=CARTESIAN_POINT('Ctrl Pts',(-5.37378956769837,-17.3469113888134,3.72707047783288));
#8943=CARTESIAN_POINT('Ctrl Pts',(-6.94321426684429,-16.7812165167566,3.75123948537981));
#8944=CARTESIAN_POINT('Ctrl Pts',(-8.29398823603262,-16.1411165256968,3.0170540495994));
#8945=CARTESIAN_POINT('Ctrl Pts',(-9.18361344385197,-15.6340114413497,1.7112287745174));
#8946=CARTESIAN_POINT('Ctrl Pts',(-9.4025743656038,-15.4967559808512,0.637390488799646));
#8947=CARTESIAN_POINT('Ctrl Pts',(-9.41427575261119,-15.4895584342895,0.097542393708527));
#8948=CARTESIAN_POINT('Origin',(-9.48300293705549,-15.416959988785,0.0999999999999991));
#8949=CARTESIAN_POINT('Origin',(-6.68649380201683,-18.3709907363645,0.1));
#8950=CARTESIAN_POINT('',(-10.631424555818,-17.9455875991603,0.0975423937085279));
#8951=CARTESIAN_POINT('',(-10.7308181248228,-17.9348694551138,0.));
#8952=CARTESIAN_POINT('Origin',(-10.7308181248228,-17.9348694551138,0.1));
#8953=CARTESIAN_POINT('',(-9.48300293705549,-15.416959988785,0.));
#8954=CARTESIAN_POINT('Origin',(-6.68649380201683,-18.3709907363645,0.));
#8955=CARTESIAN_POINT('Origin',(-9.48300293705549,-15.416959988785,0.1));
#8956=CARTESIAN_POINT('Origin',(-6.68649380201683,-18.3709907363645,0.0975423937085279));
#8957=CARTESIAN_POINT('Ctrl Pts',(-3.3225136688881,-20.7354986175894,-2.58547494346479E-16));
#8958=CARTESIAN_POINT('Ctrl Pts',(-3.3225136688881,-20.7354986175894,0.579596467939412));
#8959=CARTESIAN_POINT('Ctrl Pts',(-3.60072267723201,-20.6952394522935,1.73933625049447));
#8960=CARTESIAN_POINT('Ctrl Pts',(-4.72804873188101,-20.4754439578573,3.10382816422229));
#8961=CARTESIAN_POINT('Ctrl Pts',(-6.82188465431712,-19.927383983549,4.1169025255321));
#8962=CARTESIAN_POINT('Ctrl Pts',(-9.12409132989212,-18.9621735538365,3.62216256406555));
#8963=CARTESIAN_POINT('Ctrl Pts',(-10.5007982461354,-18.1882833270222,1.82573096974494));
#8964=CARTESIAN_POINT('Ctrl Pts',(-10.7686399247525,-18.0287726278141,0.679378368581003));
#8965=CARTESIAN_POINT('Ctrl Pts',(-10.7821617522143,-18.0206822276263,0.100000000000001));
#8966=CARTESIAN_POINT('Ctrl Pts',(-3.34134475541043,-20.7324812538151,-2.57213289205461E-16));
#8967=CARTESIAN_POINT('Ctrl Pts',(-3.34134475541043,-20.7324812538151,0.576603421208602));
#8968=CARTESIAN_POINT('Ctrl Pts',(-3.61792410194227,-20.6921830908304,1.73039636702752));
#8969=CARTESIAN_POINT('Ctrl Pts',(-4.73925905545892,-20.4727024694721,3.08858495943582));
#8970=CARTESIAN_POINT('Ctrl Pts',(-6.82329837799703,-19.926314188071,4.09765063925601));
#8971=CARTESIAN_POINT('Ctrl Pts',(-9.11570310765374,-18.9657529087561,3.60465564231816));
#8972=CARTESIAN_POINT('Ctrl Pts',(-10.4858724312735,-18.1968588538791,1.81632578047029));
#8973=CARTESIAN_POINT('Ctrl Pts',(-10.7523490250232,-18.0385030202507,0.675871000042188));
#8974=CARTESIAN_POINT('Ctrl Pts',(-10.7658026656525,-18.0304702209553,0.0994839933628418));
#8975=CARTESIAN_POINT('Ctrl Pts',(-3.3726813358845,-20.7174899472028,-2.54882699892864E-16));
#8976=CARTESIAN_POINT('Ctrl Pts',(-3.3726813358845,-20.7174899472028,0.571380741666517));
#8977=CARTESIAN_POINT('Ctrl Pts',(-3.64630704678413,-20.6772833851272,1.71478479324591));
#8978=CARTESIAN_POINT('Ctrl Pts',(-4.75675475218095,-20.4589016454238,3.06196547430671));
#8979=CARTESIAN_POINT('Ctrl Pts',(-6.8229118442106,-19.9161303565691,4.06401857835453));
#8980=CARTESIAN_POINT('Ctrl Pts',(-9.09713946799403,-18.963833867109,3.57408158197939));
#8981=CARTESIAN_POINT('Ctrl Pts',(-10.4549573876946,-18.2034471675064,1.79990304241764));
#8982=CARTESIAN_POINT('Ctrl Pts',(-10.7188481174434,-18.0470558161316,0.66974989402892));
#8983=CARTESIAN_POINT('Ctrl Pts',(-10.7321723856451,-18.0391205526197,0.0985826328449681));
#8984=CARTESIAN_POINT('Ctrl Pts',(-3.40122290743757,-20.6779195622597,-2.52473129014563E-16));
#8985=CARTESIAN_POINT('Ctrl Pts',(-3.40122290743757,-20.6779195622597,0.565976975281657));
#8986=CARTESIAN_POINT('Ctrl Pts',(-3.67171218347258,-20.6381288414041,1.69861452632899));
#8987=CARTESIAN_POINT('Ctrl Pts',(-4.77012402646301,-20.4219605217434,3.03389971905849));
#8988=CARTESIAN_POINT('Ctrl Pts',(-6.81546311652757,-19.8845049676627,4.027884728845));
#8989=CARTESIAN_POINT('Ctrl Pts',(-9.06753712951078,-18.9415783960864,3.54164559729756));
#8990=CARTESIAN_POINT('Ctrl Pts',(-10.4107951595757,-18.1895472823683,1.78290457092659));
#8991=CARTESIAN_POINT('Ctrl Pts',(-10.6717109843292,-18.0349894542871,0.66341685018455));
#8992=CARTESIAN_POINT('Ctrl Pts',(-10.6848858112577,-18.0271461193352,0.0976507038508432));
#8993=CARTESIAN_POINT('Ctrl Pts',(-3.41074716645526,-20.6300684895295,-2.51285574524683E-16));
#8994=CARTESIAN_POINT('Ctrl Pts',(-3.41074716645526,-20.6300684895295,0.563317622146429));
#8995=CARTESIAN_POINT('Ctrl Pts',(-3.67966459692666,-20.5907562712838,1.69060474017222));
#8996=CARTESIAN_POINT('Ctrl Pts',(-4.77134203281092,-20.3766607656372,3.01918379710334));
#8997=CARTESIAN_POINT('Ctrl Pts',(-6.80339465092152,-19.8434706679373,4.00780767092145));
#8998=CARTESIAN_POINT('Ctrl Pts',(-9.04018276925848,-18.9064788177862,3.5243078096947));
#8999=CARTESIAN_POINT('Ctrl Pts',(-10.3745273731189,-18.1582732768758,1.7745083466611));
#9000=CARTESIAN_POINT('Ctrl Pts',(-10.6337499676217,-18.0044161650697,0.660298822488056));
#9001=CARTESIAN_POINT('Ctrl Pts',(-10.6468391269382,-17.9966090192252,0.0971913667309388));
#9002=CARTESIAN_POINT('Ctrl Pts',(-3.40037398452331,-20.5969155462761,-2.5163517533477E-16));
#9003=CARTESIAN_POINT('Ctrl Pts',(-3.40037398452331,-20.5969155462761,0.564089954463617));
#9004=CARTESIAN_POINT('Ctrl Pts',(-3.66975441940884,-20.557809248599,1.69287693889773));
#9005=CARTESIAN_POINT('Ctrl Pts',(-4.76206904580733,-20.344447950844,3.02189034373048));
#9006=CARTESIAN_POINT('Ctrl Pts',(-6.79277662232612,-19.8125010983148,4.00958812262256));
#9007=CARTESIAN_POINT('Ctrl Pts',(-9.026604895628,-18.8762106649088,3.52693324680578));
#9008=CARTESIAN_POINT('Ctrl Pts',(-10.3609290462145,-18.126719596373,1.77693026750094));
#9009=CARTESIAN_POINT('Ctrl Pts',(-10.6203762614341,-17.9723758960447,0.661204979109944));
#9010=CARTESIAN_POINT('Ctrl Pts',(-10.6334743413726,-17.9645465698267,0.0973265237397829));
#9011=CARTESIAN_POINT('Ctrl Pts',(-3.389754392646,-20.5810745055238,-2.52193414858977E-16));
#9012=CARTESIAN_POINT('Ctrl Pts',(-3.389754392646,-20.5810745055238,0.565352268678183));
#9013=CARTESIAN_POINT('Ctrl Pts',(-3.65983387258192,-20.5419917508334,1.69659021337246));
#9014=CARTESIAN_POINT('Ctrl Pts',(-4.75421840157406,-20.3286188870898,3.02754828798188));
#9015=CARTESIAN_POINT('Ctrl Pts',(-6.78687047265169,-19.7965737397526,4.01572527005085));
#9016=CARTESIAN_POINT('Ctrl Pts',(-9.02180450784186,-18.8595676649412,3.53314406900372));
#9017=CARTESIAN_POINT('Ctrl Pts',(-10.3582827555324,-18.108291237087,1.78086169056713));
#9018=CARTESIAN_POINT('Ctrl Pts',(-10.618297848849,-17.9534415902593,0.662681923051856));
#9019=CARTESIAN_POINT('Ctrl Pts',(-10.631424555818,-17.9455875991603,0.0975423937085286));
#9020=CARTESIAN_POINT('Origin',(-10.7308181248228,-17.9348694551138,0.100000000000001));
#9021=CARTESIAN_POINT('Ctrl Pts',(-10.631424555818,-17.9455875991603,0.0975423937085286));
#9022=CARTESIAN_POINT('Ctrl Pts',(-10.618297848849,-17.9534415902593,0.662681923051856));
#9023=CARTESIAN_POINT('Ctrl Pts',(-10.3582827555324,-18.108291237087,1.78086169056713));
#9024=CARTESIAN_POINT('Ctrl Pts',(-9.02180450784186,-18.8595676649412,3.53314406900372));
#9025=CARTESIAN_POINT('Ctrl Pts',(-6.78687047265169,-19.7965737397526,4.01572527005085));
#9026=CARTESIAN_POINT('Ctrl Pts',(-4.75421840157406,-20.3286188870898,3.02754828798188));
#9027=CARTESIAN_POINT('Ctrl Pts',(-3.65983387258192,-20.5419917508334,1.69659021337246));
#9028=CARTESIAN_POINT('Ctrl Pts',(-3.389754392646,-20.5810745055238,0.565352268678183));
#9029=CARTESIAN_POINT('Ctrl Pts',(-3.389754392646,-20.5810745055238,-2.52193414858977E-16));
#9030=CARTESIAN_POINT('Origin',(-10.7308181248228,-17.9348694551138,0.1));
#9031=CARTESIAN_POINT('Origin',(-10.7308181248228,-17.9348694551138,0.1));
#9032=CARTESIAN_POINT('Origin',(-9.48300293705549,-15.416959988785,0.1));
#9033=CARTESIAN_POINT('Origin',(-9.48300293705549,-15.416959988785,0.1));
#9034=CARTESIAN_POINT('Origin',(0.,0.,0.1));
#9035=CARTESIAN_POINT('',(-13.6013764735456,-11.9420499925633,0.));
#9036=CARTESIAN_POINT('Origin',(0.,0.,0.));
#9037=CARTESIAN_POINT('Ctrl Pts',(-13.4612682893959,-11.9496714592321,0.100001775091273));
#9038=CARTESIAN_POINT('Ctrl Pts',(-13.461451651066,-11.9494648161391,0.0997175030303283));
#9039=CARTESIAN_POINT('Ctrl Pts',(-13.4616359662726,-11.9492590435967,0.0994332460840823));
#9040=CARTESIAN_POINT('Ctrl Pts',(-13.4618212272502,-11.9490541428815,0.0991490119664251));
#9041=CARTESIAN_POINT('Ctrl Pts',(-13.4668545464615,-11.9434872354879,0.0914267109022017));
#9042=CARTESIAN_POINT('Ctrl Pts',(-13.4726055490916,-11.9385365630498,0.0836854939075485));
#9043=CARTESIAN_POINT('Ctrl Pts',(-13.4789500080929,-11.9342649466097,0.0760890595283692));
#9044=CARTESIAN_POINT('Ctrl Pts',(-13.4812049554779,-11.9327467288515,0.0733891351005347));
#9045=CARTESIAN_POINT('Ctrl Pts',(-13.4835350144794,-11.9313147379465,0.070707443256306));
#9046=CARTESIAN_POINT('Ctrl Pts',(-13.4859348551658,-11.9299733765739,0.0680511464960659));
#9047=CARTESIAN_POINT('Ctrl Pts',(-13.4916342190516,-11.9267877873769,0.0617427269785025));
#9048=CARTESIAN_POINT('Ctrl Pts',(-13.4977729733428,-11.9240855625309,0.0555244119018656));
#9049=CARTESIAN_POINT('Ctrl Pts',(-13.5042897379583,-11.9219756396857,0.0495375459315752));
#9050=CARTESIAN_POINT('Ctrl Pts',(-13.5077798946469,-11.9208456370287,0.0463311848700768));
#9051=CARTESIAN_POINT('Ctrl Pts',(-13.5113781711013,-11.9198862341657,0.0431911404635044));
#9052=CARTESIAN_POINT('Ctrl Pts',(-13.5150720274039,-11.9191196447967,0.0401386356122431));
#9053=CARTESIAN_POINT('Ctrl Pts',(-13.5208367003553,-11.917923296959,0.035374862820621));
#9054=CARTESIAN_POINT('Ctrl Pts',(-13.5268739688124,-11.9171864701139,0.0307888627608385));
#9055=CARTESIAN_POINT('Ctrl Pts',(-13.5331257016394,-11.9170380547613,0.0265176210893712));
#9056=CARTESIAN_POINT('Ctrl Pts',(-13.5361544586018,-11.9169661524512,0.0244483463285334));
#9057=CARTESIAN_POINT('Ctrl Pts',(-13.5392331089036,-11.917032910079,0.0224529034222129));
#9058=CARTESIAN_POINT('Ctrl Pts',(-13.5423520791412,-11.9172563843969,0.0205466359421827));
#9059=CARTESIAN_POINT('Ctrl Pts',(-13.5449978094174,-11.9174459510563,0.018929605575628));
#9060=CARTESIAN_POINT('Ctrl Pts',(-13.5476725420522,-11.9177484074414,0.0173767380450876));
#9061=CARTESIAN_POINT('Ctrl Pts',(-13.5503678873669,-11.9181691028103,0.0158973146649386));
#9062=CARTESIAN_POINT('Ctrl Pts',(-13.5564130843971,-11.919112650333,0.0125792218865564));
#9063=CARTESIAN_POINT('Ctrl Pts',(-13.5625515249997,-11.9206481063061,0.0096420878940409));
#9064=CARTESIAN_POINT('Ctrl Pts',(-13.5686659590823,-11.9228358393142,0.0072210009510291));
#9065=CARTESIAN_POINT('Ctrl Pts',(-13.5719693609892,-11.9240177903,0.00591297749105386));
#9066=CARTESIAN_POINT('Ctrl Pts',(-13.5752649979322,-11.9253903110463,0.00475556730492986));
#9067=CARTESIAN_POINT('Ctrl Pts',(-13.5785279488846,-11.9269638914057,0.00377009195103236));
#9068=CARTESIAN_POINT('Ctrl Pts',(-13.5790047579268,-11.9271938358196,0.00362608624376467));
#9069=CARTESIAN_POINT('Ctrl Pts',(-13.5794800429627,-11.9274276803838,0.00348602044845808));
#9070=CARTESIAN_POINT('Ctrl Pts',(-13.5799537413394,-11.9276654228392,0.00334992631556435));
#9071=CARTESIAN_POINT('Ctrl Pts',(-13.5865556491571,-11.9309788261608,0.00145318998673734));
#9072=CARTESIAN_POINT('Ctrl Pts',(-13.5928530889261,-11.9350476728675,0.000327455693414214));
#9073=CARTESIAN_POINT('Ctrl Pts',(-13.598711240554,-11.9398533999906,6.1389635513027E-5));
#9074=CARTESIAN_POINT('Ctrl Pts',(-13.5996099017747,-11.9405906155625,2.05741593090026E-5));
#9075=CARTESIAN_POINT('Ctrl Pts',(-13.6004981318586,-11.9413452057501,-8.87529870293904E-16));
#9076=CARTESIAN_POINT('Ctrl Pts',(-13.601375335272,-11.942117135775,-8.87529596848071E-16));
#9077=CARTESIAN_POINT('Origin',(-9.19216697549299E-16,0.,0.));
#9078=CARTESIAN_POINT('',(-15.8634143129575,-13.607427616396,0.));
#9079=CARTESIAN_POINT('Origin',(0.,0.,0.));
#9080=CARTESIAN_POINT('',(-15.8259622022108,-13.5871256349008,8.02323275177388E-19));
#9081=CARTESIAN_POINT('Origin',(-15.7981256075581,-13.6831731439686,3.49229931835672E-15));
#9082=CARTESIAN_POINT('',(-13.6186415824861,-11.9619133152875,-5.3287368930805E-16));
#9083=CARTESIAN_POINT('Origin',(-16.9307966439858,-9.775,0.));
#9084=CARTESIAN_POINT('Origin',(-13.5351909636373,-12.0170131720738,-1.09259916442724E-15));
#9085=CARTESIAN_POINT('',(-13.1088917212268,-14.4557759335552,0.));
#9086=CARTESIAN_POINT('Origin',(-12.5343583888875,-14.9378666408201,0.));
#9087=CARTESIAN_POINT('Origin',(0.,0.,0.1));
#9088=CARTESIAN_POINT('Ctrl Pts',(-15.8746176586203,-13.7476267561441,0.10003492590559));
#9089=CARTESIAN_POINT('Ctrl Pts',(-15.8748149587718,-13.7473987727016,0.0997256540963796));
#9090=CARTESIAN_POINT('Ctrl Pts',(-15.8750111447616,-13.7471698095162,0.0994164005009708));
#9091=CARTESIAN_POINT('Ctrl Pts',(-15.8752062140014,-13.7469398763839,0.0991071750093837));
#9092=CARTESIAN_POINT('Ctrl Pts',(-15.8799963069073,-13.7412936706231,0.0915138771903279));
#9093=CARTESIAN_POINT('Ctrl Pts',(-15.8841360466827,-13.7350411721009,0.0839040859263371));
#9094=CARTESIAN_POINT('Ctrl Pts',(-15.8875491661087,-13.7283026699325,0.0764325763660063));
#9095=CARTESIAN_POINT('Ctrl Pts',(-15.8888428979536,-13.7257484625479,0.0736005249075872));
#9096=CARTESIAN_POINT('Ctrl Pts',(-15.8900317287042,-13.7231243259736,0.0707882726593076));
#9097=CARTESIAN_POINT('Ctrl Pts',(-15.8911095156799,-13.7204367262774,0.0680039986297989));
#9098=CARTESIAN_POINT('Ctrl Pts',(-15.89351646754,-13.7144346839135,0.061786059737433));
#9099=CARTESIAN_POINT('Ctrl Pts',(-15.8953905337046,-13.7080699844424,0.0556576056851095));
#9100=CARTESIAN_POINT('Ctrl Pts',(-15.8966111532331,-13.7014106897171,0.0497530045237638));
#9101=CARTESIAN_POINT('Ctrl Pts',(-15.89687394556,-13.6999769820669,0.048481778034153));
#9102=CARTESIAN_POINT('Ctrl Pts',(-15.8971062825185,-13.6985297083997,0.0472209111607287));
#9103=CARTESIAN_POINT('Ctrl Pts',(-15.8973066747699,-13.697069712231,0.0459717177756523));
#9104=CARTESIAN_POINT('Ctrl Pts',(-15.8976266251226,-13.6947386525918,0.0439772301570885));
#9105=CARTESIAN_POINT('Ctrl Pts',(-15.8978651563684,-13.6923751282379,0.042012503083054));
#9106=CARTESIAN_POINT('Ctrl Pts',(-15.8980186650349,-13.6899835576661,0.0400828195069431));
#9107=CARTESIAN_POINT('Ctrl Pts',(-15.8984016488653,-13.6840169052387,0.0352685140755057));
#9108=CARTESIAN_POINT('Ctrl Pts',(-15.8982595986159,-13.6778340924066,0.0306369033017198));
#9109=CARTESIAN_POINT('Ctrl Pts',(-15.8975011365387,-13.6715196993878,0.0263289263976134));
#9110=CARTESIAN_POINT('Ctrl Pts',(-15.896840200796,-13.666017238336,0.0225748877977698));
#9111=CARTESIAN_POINT('Ctrl Pts',(-15.8957108631733,-13.6604149049008,0.0190665329773455));
#9112=CARTESIAN_POINT('Ctrl Pts',(-15.8940377334439,-13.6547974308121,0.015895367238695));
#9113=CARTESIAN_POINT('Ctrl Pts',(-15.8940355237587,-13.654790011872,0.0158911791128208));
#9114=CARTESIAN_POINT('Ctrl Pts',(-15.894033313123,-13.6547825929102,0.0158869915748829));
#9115=CARTESIAN_POINT('Ctrl Pts',(-15.8940311015365,-13.6547751739269,0.0158828046250904));
#9116=CARTESIAN_POINT('Ctrl Pts',(-15.8922501520221,-13.6488008042794,0.0125111316221183));
#9117=CARTESIAN_POINT('Ctrl Pts',(-15.8898572443646,-13.6428217752031,0.0095325363509359));
#9118=CARTESIAN_POINT('Ctrl Pts',(-15.886797301608,-13.6369607409367,0.0070895992783537));
#9119=CARTESIAN_POINT('Ctrl Pts',(-15.8852235913641,-13.6339464460959,0.0058332113645949));
#9120=CARTESIAN_POINT('Ctrl Pts',(-15.8834733310671,-13.6309641009632,0.00471849265220024));
#9121=CARTESIAN_POINT('Ctrl Pts',(-15.8815385688507,-13.628035889728,0.00376486398630892));
#9122=CARTESIAN_POINT('Ctrl Pts',(-15.8791209021717,-13.6243768154127,0.0025732156120696));
#9123=CARTESIAN_POINT('Ctrl Pts',(-15.8764493191224,-13.6208537033234,0.00165131835850863));
#9124=CARTESIAN_POINT('Ctrl Pts',(-15.8735252819409,-13.6175011794409,0.00101799163294122));
#9125=CARTESIAN_POINT('Ctrl Pts',(-15.8704278095656,-13.6139498052725,0.000347100014507461));
#9126=CARTESIAN_POINT('Ctrl Pts',(-15.8670468219152,-13.6105897896927,-2.30710165748565E-16));
#9127=CARTESIAN_POINT('Ctrl Pts',(-15.8633989381304,-13.607454190035,3.70544025832963E-18));
#9128=CARTESIAN_POINT('Origin',(6.68649380201682,-18.3709907363645,0.));
#9129=CARTESIAN_POINT('Ctrl Pts',(-2.31789560984863,-17.9281691959741,0.831396366813713));
#9130=CARTESIAN_POINT('Ctrl Pts',(-2.31400424946772,-17.9296083448761,0.811715617126922));
#9131=CARTESIAN_POINT('Ctrl Pts',(-2.29005828407348,-17.9385026314168,0.76874912157858));
#9132=CARTESIAN_POINT('Ctrl Pts',(-2.24280096927534,-17.9549498808915,0.75));
#9133=CARTESIAN_POINT('Ctrl Pts',(-2.21575456597215,-17.9638646093588,0.75));
#9134=CARTESIAN_POINT('Ctrl Pts',(-2.32025714533254,-17.9027776080876,0.830280963316869));
#9135=CARTESIAN_POINT('Ctrl Pts',(-2.31592443203037,-17.9040374769953,0.80949306729403));
#9136=CARTESIAN_POINT('Ctrl Pts',(-2.28909892953946,-17.9118415399062,0.764593957719941));
#9137=CARTESIAN_POINT('Ctrl Pts',(-2.23909890044209,-17.9263276503829,0.74829277890974));
#9138=CARTESIAN_POINT('Ctrl Pts',(-2.21209184654746,-17.934169715864,0.75));
#9139=CARTESIAN_POINT('Ctrl Pts',(-2.3419287622184,-17.8603685239961,0.824997592933698));
#9140=CARTESIAN_POINT('Ctrl Pts',(-2.33642655818483,-17.8612818776192,0.798598198416267));
#9141=CARTESIAN_POINT('Ctrl Pts',(-2.30242046737975,-17.8669221994781,0.741832640592795));
#9142=CARTESIAN_POINT('Ctrl Pts',(-2.23945620989564,-17.8772308130726,0.722264752771438));
#9143=CARTESIAN_POINT('Ctrl Pts',(-2.20574912701705,-17.8827471636332,0.724897236830315));
#9144=CARTESIAN_POINT('Ctrl Pts',(-2.38367961287099,-17.841480449166,0.816451172128032));
#9145=CARTESIAN_POINT('Ctrl Pts',(-2.37673544628664,-17.8424062456164,0.780973362609222));
#9146=CARTESIAN_POINT('Ctrl Pts',(-2.33397073127173,-17.8481405475455,0.703782847321265));
#9147=CARTESIAN_POINT('Ctrl Pts',(-2.25061150080428,-17.8588217333598,0.671655839526891));
#9148=CARTESIAN_POINT('Ctrl Pts',(-2.2035128280386,-17.8646167385889,0.672439947525641));
#9149=CARTESIAN_POINT('Ctrl Pts',(-2.40230285482001,-17.8389725318955,0.812792733627426));
#9150=CARTESIAN_POINT('Ctrl Pts',(-2.3947501815016,-17.8399896201074,0.773431234253844));
#9151=CARTESIAN_POINT('Ctrl Pts',(-2.34828328079261,-17.846268447779,0.687498243157159));
#9152=CARTESIAN_POINT('Ctrl Pts',(-2.25628487243756,-17.8581075658203,0.649999999999999));
#9153=CARTESIAN_POINT('Ctrl Pts',(-2.2035128280386,-17.8646167385889,0.649999999999999));
#9154=CARTESIAN_POINT('Ctrl Pts',(-2.31789560984863,-17.9281691959741,0.831396366813713));
#9155=CARTESIAN_POINT('Ctrl Pts',(-2.31400424946772,-17.9296083448761,0.811715617126922));
#9156=CARTESIAN_POINT('Ctrl Pts',(-2.29005828407348,-17.9385026314168,0.76874912157858));
#9157=CARTESIAN_POINT('Ctrl Pts',(-2.24280096927534,-17.9549498808915,0.75));
#9158=CARTESIAN_POINT('Ctrl Pts',(-2.21575456597215,-17.9638646093588,0.75));
#9159=CARTESIAN_POINT('Ctrl Pts',(-2.85143721528416,-20.7045720991112,0.75));
#9160=CARTESIAN_POINT('Ctrl Pts',(-2.87636075237381,-20.7088153251515,0.749999999999999));
#9161=CARTESIAN_POINT('Ctrl Pts',(-2.91815664662886,-20.7159825539259,0.75923266589324));
#9162=CARTESIAN_POINT('Ctrl Pts',(-2.9631421803735,-20.7237837799746,0.792026240481174));
#9163=CARTESIAN_POINT('Ctrl Pts',(-2.97761078647553,-20.7263095737644,0.817812680277874));
#9164=CARTESIAN_POINT('Ctrl Pts',(-2.98103918248563,-20.7269082102658,0.831396366819871));
#9165=CARTESIAN_POINT('Ctrl Pts',(-2.8555192632257,-20.7342122593309,0.750000000000001));
#9166=CARTESIAN_POINT('Ctrl Pts',(-2.88024808307885,-20.737013105938,0.747655368986348));
#9167=CARTESIAN_POINT('Ctrl Pts',(-2.92382043356703,-20.7410097619097,0.753824003349629));
#9168=CARTESIAN_POINT('Ctrl Pts',(-2.97270569756811,-20.7444435623909,0.786786626856487));
#9169=CARTESIAN_POINT('Ctrl Pts',(-2.98876191587683,-20.7454331028327,0.814762591406111));
#9170=CARTESIAN_POINT('Ctrl Pts',(-2.99256066315915,-20.7456621183332,0.829603797121799));
#9171=CARTESIAN_POINT('Ctrl Pts',(-2.86258759648245,-20.7855361372513,0.724893961764354));
#9172=CARTESIAN_POINT('Ctrl Pts',(-2.89125869203625,-20.78345704551,0.721278610593613));
#9173=CARTESIAN_POINT('Ctrl Pts',(-2.94240011789342,-20.7791710975627,0.728023670578757));
#9174=CARTESIAN_POINT('Ctrl Pts',(-3.0002087683992,-20.7737202050426,0.76961054056405));
#9175=CARTESIAN_POINT('Ctrl Pts',(-3.01918060435055,-20.7718208431454,0.80507512544231));
#9176=CARTESIAN_POINT('Ctrl Pts',(-3.0236797184497,-20.7713727649707,0.824004154351324));
#9177=CARTESIAN_POINT('Ctrl Pts',(-2.86508045554868,-20.8036370373844,0.672439947525642));
#9178=CARTESIAN_POINT('Ctrl Pts',(-2.90261982457824,-20.7984473167961,0.671363084111517));
#9179=CARTESIAN_POINT('Ctrl Pts',(-2.96623103369706,-20.7895106424242,0.686317874725363));
#9180=CARTESIAN_POINT('Ctrl Pts',(-3.03511585328609,-20.7795138363725,0.744717145467992));
#9181=CARTESIAN_POINT('Ctrl Pts',(-3.05731199085811,-20.7762643649984,0.791456602422342));
#9182=CARTESIAN_POINT('Ctrl Pts',(-3.06257146976559,-20.7754884179384,0.816154476063156));
#9183=CARTESIAN_POINT('Ctrl Pts',(-2.86508045554868,-20.8036370373844,0.65));
#9184=CARTESIAN_POINT('Ctrl Pts',(-2.90650593764014,-20.7979319128964,0.649999999999998));
#9185=CARTESIAN_POINT('Ctrl Pts',(-2.97560207299273,-20.788184262545,0.668465331786478));
#9186=CARTESIAN_POINT('Ctrl Pts',(-3.04939088633877,-20.7774397645035,0.734052480962348));
#9187=CARTESIAN_POINT('Ctrl Pts',(-3.07301655439953,-20.7739404368671,0.785625360555747));
#9188=CARTESIAN_POINT('Ctrl Pts',(-3.07861387418601,-20.7731109036097,0.812792733639742));
#9189=CARTESIAN_POINT('',(-2.98103918248563,-20.7269082102658,0.831396366819871));
#9190=CARTESIAN_POINT('Ctrl Pts',(-2.85143721528416,-20.7045720991112,0.75));
#9191=CARTESIAN_POINT('Ctrl Pts',(-2.87636075237381,-20.7088153251515,0.749999999999999));
#9192=CARTESIAN_POINT('Ctrl Pts',(-2.91815664662886,-20.7159825539259,0.75923266589324));
#9193=CARTESIAN_POINT('Ctrl Pts',(-2.9631421803735,-20.7237837799746,0.792026240481174));
#9194=CARTESIAN_POINT('Ctrl Pts',(-2.97761078647553,-20.7263095737644,0.817812680277874));
#9195=CARTESIAN_POINT('Ctrl Pts',(-2.98103918248563,-20.7269082102658,0.831396366819871));
#9196=CARTESIAN_POINT('Origin',(-3.06395380811846,-20.6741913278783,0.812792733639744));
#9197=CARTESIAN_POINT('Origin',(-6.68649380201683,-18.3709907363645,0.85));
#9198=CARTESIAN_POINT('Origin',(-6.68649380201683,-18.3709907363645,0.831396366819873));
#9199=CARTESIAN_POINT('Ctrl Pts',(-11.0202356449526,-17.8760847595248,0.64999999996726));
#9200=CARTESIAN_POINT('Ctrl Pts',(-10.8639178176479,-17.9724514592568,1.76027776568221));
#9201=CARTESIAN_POINT('Ctrl Pts',(-9.99875886583137,-18.5096424281626,3.27374564875086));
#9202=CARTESIAN_POINT('Ctrl Pts',(-7.59344954760778,-19.6435729864254,4.38818641168866));
#9203=CARTESIAN_POINT('Ctrl Pts',(-4.73490668860543,-20.5416269920458,3.88795389357116));
#9204=CARTESIAN_POINT('Ctrl Pts',(-3.30561485537015,-20.7394689337878,1.91457368979597));
#9205=CARTESIAN_POINT('Ctrl Pts',(-3.07861387418601,-20.7731109036097,0.812792733639744));
#9206=CARTESIAN_POINT('Ctrl Pts',(-11.0387613974193,-17.8646640172074,0.65358239516969));
#9207=CARTESIAN_POINT('Ctrl Pts',(-10.881826644974,-17.9616382386542,1.7700004481515));
#9208=CARTESIAN_POINT('Ctrl Pts',(-10.0132795106436,-18.5022338004706,3.29214302879916));
#9209=CARTESIAN_POINT('Ctrl Pts',(-7.59586162451581,-19.6433789273153,4.41367193620723));
#9210=CARTESIAN_POINT('Ctrl Pts',(-4.72146837300254,-20.5456014168595,3.91005520157883));
#9211=CARTESIAN_POINT('Ctrl Pts',(-3.28530575164861,-20.7427215483178,1.92516050839357));
#9212=CARTESIAN_POINT('Ctrl Pts',(-3.05722400162545,-20.7762809227146,0.817275056870963));
#9213=CARTESIAN_POINT('Ctrl Pts',(-11.0641219201296,-17.8334546223431,0.659831866365313));
#9214=CARTESIAN_POINT('Ctrl Pts',(-10.906097137343,-17.9312456346443,1.7869354525851));
#9215=CARTESIAN_POINT('Ctrl Pts',(-10.0315039973736,-18.4764780342887,3.32421065516761));
#9216=CARTESIAN_POINT('Ctrl Pts',(-7.59420351588148,-19.6279500891091,4.45798712407162));
#9217=CARTESIAN_POINT('Ctrl Pts',(-4.69477841850941,-20.5375281113212,3.94855041551376));
#9218=CARTESIAN_POINT('Ctrl Pts',(-3.24774595176522,-20.7350054582975,1.94360216124206));
#9219=CARTESIAN_POINT('Ctrl Pts',(-3.01796143455823,-20.7686625218456,0.8250943266684));
#9220=CARTESIAN_POINT('Ctrl Pts',(-11.0681269317431,-17.7940193965513,0.66379953986689));
#9221=CARTESIAN_POINT('Ctrl Pts',(-10.9092645524844,-17.8920872671439,1.79767191611104));
#9222=CARTESIAN_POINT('Ctrl Pts',(-10.0300349382142,-18.438796968109,3.34371171948954));
#9223=CARTESIAN_POINT('Ctrl Pts',(-7.58304276125131,-19.5932348477453,4.48301946229362));
#9224=CARTESIAN_POINT('Ctrl Pts',(-4.67381423944206,-20.5067536592603,3.97136955847794));
#9225=CARTESIAN_POINT('Ctrl Pts',(-3.22048567919492,-20.7069093448168,1.95526155697617));
#9226=CARTESIAN_POINT('Ctrl Pts',(-2.98968029299077,-20.7409736413164,0.830051939546318));
#9227=CARTESIAN_POINT('Ctrl Pts',(-11.0657501961786,-17.7776845063298,0.66487754631579));
#9228=CARTESIAN_POINT('Ctrl Pts',(-10.9066158913067,-17.8757875060904,1.80056794113842));
#9229=CARTESIAN_POINT('Ctrl Pts',(-10.0258688212191,-18.4226573858366,3.34867688355862));
#9230=CARTESIAN_POINT('Ctrl Pts',(-7.57722151747029,-19.5770186910925,4.48862556050278));
#9231=CARTESIAN_POINT('Ctrl Pts',(-4.66717447640364,-20.4912535060589,3.97694345396418));
#9232=CARTESIAN_POINT('Ctrl Pts',(-3.21213018450918,-20.6926600917086,1.95839547257913));
#9233=CARTESIAN_POINT('Ctrl Pts',(-2.98103918248563,-20.7269082102658,0.831396366819871));
#9234=CARTESIAN_POINT('Ctrl Pts',(-2.98103918248563,-20.7269082102658,0.831396366819871));
#9235=CARTESIAN_POINT('Ctrl Pts',(-3.21213018450918,-20.6926600917086,1.95839547257913));
#9236=CARTESIAN_POINT('Ctrl Pts',(-4.66717447640364,-20.4912535060589,3.97694345396418));
#9237=CARTESIAN_POINT('Ctrl Pts',(-7.57722151747029,-19.5770186910925,4.48862556050278));
#9238=CARTESIAN_POINT('Ctrl Pts',(-9.98261801363783,-18.4430470346915,3.36881196009805));
#9239=CARTESIAN_POINT('Ctrl Pts',(-10.854250059099,-17.9081119510252,1.89096728445222));
#9240=CARTESIAN_POINT('Ctrl Pts',(-11.0421795721509,-17.7922220171032,0.814696225155899));
#9241=CARTESIAN_POINT('Origin',(-6.68649380201683,-18.3709907363645,0.));
#9242=CARTESIAN_POINT('Ctrl Pts',(-17.1593597281064,-5.4365773903662,0.650000000000002));
#9243=CARTESIAN_POINT('Ctrl Pts',(-17.1594052383576,-5.43643374727675,0.650385595584799));
#9244=CARTESIAN_POINT('Ctrl Pts',(-17.1594527560651,-5.43628965344262,0.650774017902705));
#9245=CARTESIAN_POINT('Ctrl Pts',(-17.168068180655,-5.40890838561768,0.724211068061832));
#9246=CARTESIAN_POINT('Ctrl Pts',(-17.2032207557768,-5.38738590771136,0.805979100867177));
#9247=CARTESIAN_POINT('Ctrl Pts',(-17.2535933092528,-5.39495990332825,0.826445439481786));
#9248=CARTESIAN_POINT('Ctrl Pts',(-17.1593597281064,-5.4365773903662,0.650000000000002));
#9249=CARTESIAN_POINT('Ctrl Pts',(-17.1593905480497,-5.43627036431215,0.650403831588587));
#9250=CARTESIAN_POINT('Ctrl Pts',(-17.1595303291355,-5.43625246170566,0.650581660337747));
#9251=CARTESIAN_POINT('Ctrl Pts',(-17.170515509494,-5.39304208368942,0.714916951313189));
#9252=CARTESIAN_POINT('Ctrl Pts',(-17.2315884440931,-5.37477000899703,0.778103329677441));
#9253=CARTESIAN_POINT('Ctrl Pts',(-17.2641567398346,-5.38766825444598,0.783674854816303));
#9254=CARTESIAN_POINT('Ctrl Pts',(-17.1593597281064,-5.4365773903662,0.650000000000001));
#9255=CARTESIAN_POINT('Ctrl Pts',(-17.1594044514934,-5.43622592658895,0.650365093052054));
#9256=CARTESIAN_POINT('Ctrl Pts',(-17.1595793101181,-5.43609831748966,0.650442874781738));
#9257=CARTESIAN_POINT('Ctrl Pts',(-17.174223486616,-5.38133454988996,0.704443557061795));
#9258=CARTESIAN_POINT('Ctrl Pts',(-17.2414339755661,-5.34332121908109,0.750899058520336));
#9259=CARTESIAN_POINT('Ctrl Pts',(-17.276628432009,-5.3477816836027,0.749229117184856));
#9260=CARTESIAN_POINT('Ctrl Pts',(-17.1593597281064,-5.4365773903662,0.65));
#9261=CARTESIAN_POINT('Ctrl Pts',(-17.1594678724008,-5.43623605670783,0.65020864911546));
#9262=CARTESIAN_POINT('Ctrl Pts',(-17.1595784739697,-5.43589274108536,0.650419013014477));
#9263=CARTESIAN_POINT('Ctrl Pts',(-17.1801258103493,-5.37087008243364,0.690124244014802));
#9264=CARTESIAN_POINT('Ctrl Pts',(-17.2285689520655,-5.30645221559548,0.735910287848489));
#9265=CARTESIAN_POINT('Ctrl Pts',(-17.282188082034,-5.30350900682301,0.747469144438608));
#9266=CARTESIAN_POINT('',(-17.282188082034,-5.30350900682301,0.747469144438608));
#9267=CARTESIAN_POINT('',(-17.2535933092528,-5.39495990332825,0.826445439481783));
#9268=CARTESIAN_POINT('Origin',(-17.2608163270479,-5.29695050308945,0.844938288877217));
#9269=CARTESIAN_POINT('Ctrl Pts',(-17.2535933092528,-5.39495990332825,0.826445439481786));
#9270=CARTESIAN_POINT('Ctrl Pts',(-17.2032207557768,-5.38738590771136,0.805979100867177));
#9271=CARTESIAN_POINT('Ctrl Pts',(-17.168068180655,-5.40890838561768,0.724211068061832));
#9272=CARTESIAN_POINT('Ctrl Pts',(-17.1594527560651,-5.43628965344262,0.650774017902705));
#9273=CARTESIAN_POINT('Ctrl Pts',(-17.1594052383576,-5.43643374727675,0.650385595584799));
#9274=CARTESIAN_POINT('Ctrl Pts',(-17.1593597281064,-5.4365773903662,0.650000000000002));
#9275=CARTESIAN_POINT('Ctrl Pts',(-17.1593597281064,-5.4365773903662,0.65));
#9276=CARTESIAN_POINT('Ctrl Pts',(-17.1594678724008,-5.43623605670783,0.65020864911546));
#9277=CARTESIAN_POINT('Ctrl Pts',(-17.1595784739697,-5.43589274108536,0.650419013014477));
#9278=CARTESIAN_POINT('Ctrl Pts',(-17.1801258103493,-5.37087008243364,0.690124244014802));
#9279=CARTESIAN_POINT('Ctrl Pts',(-17.2285689520655,-5.30645221559548,0.735910287848489));
#9280=CARTESIAN_POINT('Ctrl Pts',(-17.282188082034,-5.30350900682301,0.747469144438608));
#9281=CARTESIAN_POINT('Ctrl Pts',(-17.3061913988199,-5.30148462861219,0.75));
#9282=CARTESIAN_POINT('Ctrl Pts',(-17.298079746953,-5.30239654566285,0.75));
#9283=CARTESIAN_POINT('Ctrl Pts',(-17.2900101562061,-5.30307964518779,0.749155375335037));
#9284=CARTESIAN_POINT('Ctrl Pts',(-17.282188082034,-5.30350900682301,0.747469144438608));
#9285=CARTESIAN_POINT('Ctrl Pts',(-17.3039875149718,-5.32774793715492,0.75));
#9286=CARTESIAN_POINT('Ctrl Pts',(-17.2956404692265,-5.32833590190436,0.750428090760828));
#9287=CARTESIAN_POINT('Ctrl Pts',(-17.2872110193447,-5.32869254106792,0.749908395200022));
#9288=CARTESIAN_POINT('Ctrl Pts',(-17.2790111391626,-5.32880767926854,0.748474843150749));
#9289=CARTESIAN_POINT('Ctrl Pts',(-17.3001551233399,-5.37341789565498,0.769212707915493));
#9290=CARTESIAN_POINT('Ctrl Pts',(-17.2899802710722,-5.37303417245922,0.769892867900036));
#9291=CARTESIAN_POINT('Ctrl Pts',(-17.279716508192,-5.37244216685867,0.769416063600007));
#9292=CARTESIAN_POINT('Ctrl Pts',(-17.2696451928703,-5.37165665814172,0.767725196769888));
#9293=CARTESIAN_POINT('Ctrl Pts',(-17.2982827755916,-5.39573034494898,0.811974725174065));
#9294=CARTESIAN_POINT('Ctrl Pts',(-17.2847946082653,-5.39463815204696,0.812196616641371));
#9295=CARTESIAN_POINT('Ctrl Pts',(-17.2712915933909,-5.39333561974649,0.810914560761452));
#9296=CARTESIAN_POINT('Ctrl Pts',(-17.2581204937878,-5.39183491095013,0.808115188910864));
#9297=CARTESIAN_POINT('Ctrl Pts',(-17.2979752737415,-5.39939479213567,0.831396366819873));
#9298=CARTESIAN_POINT('Ctrl Pts',(-17.2830375095481,-5.39814129061358,0.831396366819873));
#9299=CARTESIAN_POINT('Ctrl Pts',(-17.2681178173626,-5.39665272276599,0.829744089460398));
#9300=CARTESIAN_POINT('Ctrl Pts',(-17.2535933092528,-5.39495990332825,0.826445439481785));
#9301=CARTESIAN_POINT('',(-17.3061913988199,-5.30148462861219,0.75));
#9302=CARTESIAN_POINT('Origin',(-17.3145033035844,-5.27414651920225,0.651052354264105));
#9303=CARTESIAN_POINT('',(-17.2979752737415,-5.39939479213567,0.831396366819873));
#9304=CARTESIAN_POINT('Origin',(-17.3061913988199,-5.30148462861219,0.85));
#9305=CARTESIAN_POINT('Origin',(-17.3062633392917,-5.3720578477024,0.636306189419399));
#9306=CARTESIAN_POINT('Origin',(-16.9307966439858,-9.775,0.85));
#9307=CARTESIAN_POINT('',(-19.8948762498392,-6.40342869122363,0.75));
#9308=CARTESIAN_POINT('',(-19.8300025443051,-6.47722101577552,0.831396366819873));
#9309=CARTESIAN_POINT('Origin',(-19.8948762498392,-6.40342869122362,0.85));
#9310=CARTESIAN_POINT('Origin',(-16.9307966439858,-9.775,0.831396366819873));
#9311=CARTESIAN_POINT('Origin',(-16.9307966439858,-9.775,0.75));
#9312=CARTESIAN_POINT('Ctrl Pts',(-19.9233575176606,-6.446688602174,0.741479941521742));
#9313=CARTESIAN_POINT('Ctrl Pts',(-19.9139761163733,-6.43374610203832,0.747180154212906));
#9314=CARTESIAN_POINT('Ctrl Pts',(-19.904236348572,-6.41889828831529,0.75));
#9315=CARTESIAN_POINT('Ctrl Pts',(-19.8948762498392,-6.40342869122363,0.75));
#9316=CARTESIAN_POINT('Ctrl Pts',(-19.9100154419023,-6.46577936304702,0.744489747587571));
#9317=CARTESIAN_POINT('Ctrl Pts',(-19.8990656013604,-6.45286837405362,0.749678219293083));
#9318=CARTESIAN_POINT('Ctrl Pts',(-19.887841005773,-6.43819389784312,0.75146688383703));
#9319=CARTESIAN_POINT('Ctrl Pts',(-19.8774746024163,-6.42322265865304,0.750000000000001));
#9320=CARTESIAN_POINT('Ctrl Pts',(-19.8925639411805,-6.50093184752237,0.763550571989453));
#9321=CARTESIAN_POINT('Ctrl Pts',(-19.8774688499276,-6.48757156681572,0.769815762984893));
#9322=CARTESIAN_POINT('Ctrl Pts',(-19.8618442897047,-6.47263927715193,0.771545353366248));
#9323=CARTESIAN_POINT('Ctrl Pts',(-19.8472157197283,-6.45764143084292,0.769214736171918));
#9324=CARTESIAN_POINT('Ctrl Pts',(-19.8923792621223,-6.52488436791999,0.798779073359575));
#9325=CARTESIAN_POINT('Ctrl Pts',(-19.8728689984163,-6.50947644667499,0.80841326596359));
#9326=CARTESIAN_POINT('Ctrl Pts',(-19.8523341364876,-6.49213757747536,0.812735052274647));
#9327=CARTESIAN_POINT('Ctrl Pts',(-19.8324305482955,-6.47445921795626,0.811974725174065));
#9328=CARTESIAN_POINT('Ctrl Pts',(-19.895448509858,-6.53169664632673,0.814729200551835));
#9329=CARTESIAN_POINT('Ctrl Pts',(-19.8742635419063,-6.51513295242468,0.825880109073092));
#9330=CARTESIAN_POINT('Ctrl Pts',(-19.8518665606806,-6.49644252382196,0.831396366819872));
#9331=CARTESIAN_POINT('Ctrl Pts',(-19.8300025443051,-6.47722101577553,0.831396366819873));
#9332=CARTESIAN_POINT('',(-19.9233575176606,-6.446688602174,0.741479941521742));
#9333=CARTESIAN_POINT('Origin',(-19.9040691389331,-6.37393294048808,0.650544788884195));
#9334=CARTESIAN_POINT('',(-19.8954485098574,-6.53169664632537,0.814729200548639));
#9335=CARTESIAN_POINT('Origin',(-19.9617866585685,-6.45912328867014,0.832959883043484));
#9336=CARTESIAN_POINT('Origin',(-19.838823133242,-6.44896250466895,0.636404660997936));
#9337=CARTESIAN_POINT('Ctrl Pts',(-19.8954485098576,-6.53169664632626,0.814729200551601));
#9338=CARTESIAN_POINT('Ctrl Pts',(-19.9298033801649,-6.55527339142294,0.783573211661959));
#9339=CARTESIAN_POINT('Ctrl Pts',(-19.9403962449801,-6.5861956953444,0.714932434674375));
#9340=CARTESIAN_POINT('Ctrl Pts',(-19.9325955661389,-6.60996193960231,0.650656307225021));
#9341=CARTESIAN_POINT('Ctrl Pts',(-19.932556169798,-6.61008355121747,0.650327497141271));
#9342=CARTESIAN_POINT('Ctrl Pts',(-19.9325160708049,-6.6102044663615,0.65));
#9343=CARTESIAN_POINT('Ctrl Pts',(-19.8913561795433,-6.52261360845058,0.793462364295376));
#9344=CARTESIAN_POINT('Ctrl Pts',(-19.9236820021663,-6.54192441614373,0.770205862730803));
#9345=CARTESIAN_POINT('Ctrl Pts',(-19.9428979066611,-6.57969183956492,0.709534768216165));
#9346=CARTESIAN_POINT('Ctrl Pts',(-19.932614753904,-6.6098992075369,0.650598514328061));
#9347=CARTESIAN_POINT('Ctrl Pts',(-19.9325666663847,-6.61005189964233,0.650299077764534));
#9348=CARTESIAN_POINT('Ctrl Pts',(-19.9325160708049,-6.6102044663615,0.65));
#9349=CARTESIAN_POINT('Ctrl Pts',(-19.8942414005265,-6.4958224811247,0.759147965828852));
#9350=CARTESIAN_POINT('Ctrl Pts',(-19.9232863644455,-6.51728924419274,0.747447047207324));
#9351=CARTESIAN_POINT('Ctrl Pts',(-19.9468353383415,-6.56874319552896,0.699968063608881));
#9352=CARTESIAN_POINT('Ctrl Pts',(-19.9326502471029,-6.60978799163829,0.650497805767711));
#9353=CARTESIAN_POINT('Ctrl Pts',(-19.9325850354115,-6.60999650938583,0.650249343855244));
#9354=CARTESIAN_POINT('Ctrl Pts',(-19.9325160708049,-6.6102044663615,0.649999999999999));
#9355=CARTESIAN_POINT('Ctrl Pts',(-19.913350960842,-6.46100667282897,0.743737296071038));
#9356=CARTESIAN_POINT('Ctrl Pts',(-19.9416726487703,-6.49525072875577,0.729867027551692));
#9357=CARTESIAN_POINT('Ctrl Pts',(-19.9500222771387,-6.55792141194811,0.689844882234839));
#9358=CARTESIAN_POINT('Ctrl Pts',(-19.9326890357712,-6.60967651308292,0.650399101471765));
#9359=CARTESIAN_POINT('Ctrl Pts',(-19.9326034044382,-6.60994111912933,0.650199609945955));
#9360=CARTESIAN_POINT('Ctrl Pts',(-19.9325160708049,-6.61020446636149,0.649999999999998));
#9361=CARTESIAN_POINT('Ctrl Pts',(-19.9233575176609,-6.44668860217441,0.741479941521561));
#9362=CARTESIAN_POINT('Ctrl Pts',(-19.9523667651308,-6.48670950926839,0.723853696195496));
#9363=CARTESIAN_POINT('Ctrl Pts',(-19.9513207775166,-6.55326177061946,0.685333498543179));
#9364=CARTESIAN_POINT('Ctrl Pts',(-19.9327060105117,-6.60962885064551,0.650357418671733));
#9365=CARTESIAN_POINT('Ctrl Pts',(-19.9326112768783,-6.60991738044797,0.650178295413402));
#9366=CARTESIAN_POINT('Ctrl Pts',(-19.9325160708049,-6.61020446636149,0.649999999999998));
#9367=CARTESIAN_POINT('Ctrl Pts',(-19.9233575176609,-6.44668860217441,0.741479941521561));
#9368=CARTESIAN_POINT('Ctrl Pts',(-19.9523667651308,-6.48670950926839,0.723853696195496));
#9369=CARTESIAN_POINT('Ctrl Pts',(-19.9513207775166,-6.55326177061946,0.685333498543179));
#9370=CARTESIAN_POINT('Ctrl Pts',(-19.9327060105117,-6.60962885064551,0.650357418671733));
#9371=CARTESIAN_POINT('Ctrl Pts',(-19.9326112768783,-6.60991738044797,0.650178295413402));
#9372=CARTESIAN_POINT('Ctrl Pts',(-19.9325160708049,-6.61020446636149,0.649999999999998));
#9373=CARTESIAN_POINT('Ctrl Pts',(-19.9325160708049,-6.6102044663615,0.65));
#9374=CARTESIAN_POINT('Ctrl Pts',(-19.932556169798,-6.61008355121747,0.650327497141271));
#9375=CARTESIAN_POINT('Ctrl Pts',(-19.9325955661389,-6.60996193960231,0.650656307225021));
#9376=CARTESIAN_POINT('Ctrl Pts',(-19.9403962449801,-6.5861956953444,0.714932434674375));
#9377=CARTESIAN_POINT('Ctrl Pts',(-19.9298033801649,-6.55527339142294,0.783573211661959));
#9378=CARTESIAN_POINT('Ctrl Pts',(-19.8954485098576,-6.53169664632626,0.814729200551601));
#9379=CARTESIAN_POINT('Origin',(0.,0.,0.65));
#9380=CARTESIAN_POINT('',(-20.8851700021707,-0.787193737544827,0.75));
#9381=CARTESIAN_POINT('Origin',(0.,0.,0.75));
#9382=CARTESIAN_POINT('Origin',(-20.8851700021707,-0.787193737544822,0.65));
#9383=CARTESIAN_POINT('Origin',(-9.19216697549299E-16,0.,0.75));
#9384=CARTESIAN_POINT('',(-18.0757148838964,-0.937300077929048,0.75));
#9385=CARTESIAN_POINT('Origin',(0.,0.,0.75));
#9386=CARTESIAN_POINT('Origin',(-19.2529915713887,3.39482187338849,0.75));
#9387=CARTESIAN_POINT('',(-19.0735150504879,-4.12474527926429,0.75));
#9388=CARTESIAN_POINT('Origin',(-19.2037511837381,-3.38613946450514,0.750000000000002));
#9389=CARTESIAN_POINT('Origin',(0.,0.,0.65));
#9390=CARTESIAN_POINT('Origin',(-18.0757148838964,-0.937300077929048,0.65));
#9391=CARTESIAN_POINT('Ctrl Pts',(-13.3069412656655,-12.1212752692169,0.812792733633719));
#9392=CARTESIAN_POINT('Ctrl Pts',(-13.4439714141161,-11.9708412516273,1.86380693508136));
#9393=CARTESIAN_POINT('Ctrl Pts',(-14.0717253219653,-11.2856799191459,3.31154939497301));
#9394=CARTESIAN_POINT('Ctrl Pts',(-15.5282701933433,-9.23022456963404,4.38818407052368));
#9395=CARTESIAN_POINT('Ctrl Pts',(-16.785306169487,-6.70823230003602,3.71113402570808));
#9396=CARTESIAN_POINT('Ctrl Pts',(-17.1102261930943,-5.59165657740794,1.70819896264473));
#9397=CARTESIAN_POINT('Ctrl Pts',(-17.1593597281088,-5.43657739035846,0.649999999947162));
#9398=CARTESIAN_POINT('Ctrl Pts',(-13.2900690351849,-12.1397978895715,0.817670651632869));
#9399=CARTESIAN_POINT('Ctrl Pts',(-13.4282836948066,-11.9884933558774,1.87497879746741));
#9400=CARTESIAN_POINT('Ctrl Pts',(-14.061383133832,-11.2993844303263,3.3309173825495));
#9401=CARTESIAN_POINT('Ctrl Pts',(-15.5282762494334,-9.23182787120507,4.41296563357697));
#9402=CARTESIAN_POINT('Ctrl Pts',(-16.7921414796524,-6.6937804271847,3.73271290735754));
#9403=CARTESIAN_POINT('Ctrl Pts',(-17.1177277004425,-5.56875206053646,1.71845522264963));
#9404=CARTESIAN_POINT('Ctrl Pts',(-17.1669875594978,-5.41250181976487,0.653904016902894));
#9405=CARTESIAN_POINT('Ctrl Pts',(-13.2739929916608,-12.1841309954087,0.826159023474847));
#9406=CARTESIAN_POINT('Ctrl Pts',(-13.414148759891,-12.0309529122149,1.89437620584918));
#9407=CARTESIAN_POINT('Ctrl Pts',(-14.0560895606825,-11.3333561332367,3.36462116319689));
#9408=CARTESIAN_POINT('Ctrl Pts',(-15.5408499469852,-9.24207608785767,4.45612752184038));
#9409=CARTESIAN_POINT('Ctrl Pts',(-16.8187014429764,-6.67458877224489,3.77026846448843));
#9410=CARTESIAN_POINT('Ctrl Pts',(-17.1476544624957,-5.53439614374493,1.73625724724383));
#9411=CARTESIAN_POINT('Ctrl Pts',(-17.1974325465824,-5.37604797636179,0.660697464757963));
#9412=CARTESIAN_POINT('Ctrl Pts',(-13.2887318074786,-12.2281330214015,0.830559814191349));
#9413=CARTESIAN_POINT('Ctrl Pts',(-13.4296220009812,-12.0736898287323,1.90452363043659));
#9414=CARTESIAN_POINT('Ctrl Pts',(-14.0749796807622,-11.3703232856041,3.3832958718021));
#9415=CARTESIAN_POINT('Ctrl Pts',(-15.5703932517219,-9.26138746142324,4.48211869837723));
#9416=CARTESIAN_POINT('Ctrl Pts',(-16.8596838070434,-6.67339407978267,3.79137637619438));
#9417=CARTESIAN_POINT('Ctrl Pts',(-17.1926502084804,-5.52599536887047,1.74553693149857));
#9418=CARTESIAN_POINT('Ctrl Pts',(-17.2430098935854,-5.36663600782164,0.66421242423697));
#9419=CARTESIAN_POINT('Ctrl Pts',(-13.2996160751903,-12.2438598093151,0.831396366813708));
#9420=CARTESIAN_POINT('Ctrl Pts',(-13.4405613458472,-12.0891277042644,1.90646674133179));
#9421=CARTESIAN_POINT('Ctrl Pts',(-14.0862509656003,-11.3843904581751,3.38734590206784));
#9422=CARTESIAN_POINT('Ctrl Pts',(-15.5844111401433,-9.27020818634662,4.48862316575196));
#9423=CARTESIAN_POINT('Ctrl Pts',(-16.8773622015442,-6.67615945289265,3.79607643874786));
#9424=CARTESIAN_POINT('Ctrl Pts',(-17.2115655953741,-5.52768176959249,1.74729713070709));
#9425=CARTESIAN_POINT('Ctrl Pts',(-17.2621029367494,-5.36817177679823,0.664877546295232));
#9426=CARTESIAN_POINT('',(-13.2996160751914,-12.2438598093146,0.831396366819873));
#9427=CARTESIAN_POINT('Ctrl Pts',(-17.253660864262,-5.39512130256961,0.826419358984868));
#9428=CARTESIAN_POINT('Ctrl Pts',(-17.1944555778527,-5.58555911657855,1.84858597137206));
#9429=CARTESIAN_POINT('Ctrl Pts',(-16.8515586949506,-6.72792904850699,3.80989763784048));
#9430=CARTESIAN_POINT('Ctrl Pts',(-15.5844111401433,-9.27020818634662,4.48862316575196));
#9431=CARTESIAN_POINT('Ctrl Pts',(-14.0862509656003,-11.3843904581751,3.38734590206784));
#9432=CARTESIAN_POINT('Ctrl Pts',(-13.4405613458472,-12.0891277042644,1.90646674133179));
#9433=CARTESIAN_POINT('Ctrl Pts',(-13.2996160751903,-12.2438598093151,0.831396366813708));
#9434=CARTESIAN_POINT('Origin',(-13.3808687171414,-12.1886156873792,0.812792733633719));
#9435=CARTESIAN_POINT('Ctrl Pts',(-17.0793473010528,-5.68294780637836,0.0999999999999998));
#9436=CARTESIAN_POINT('Ctrl Pts',(-17.0705032986481,-5.70952728480171,1.20689941996765));
#9437=CARTESIAN_POINT('Ctrl Pts',(-16.8427669358999,-6.46000031900147,2.84270162335065));
#9438=CARTESIAN_POINT('Ctrl Pts',(-15.9963953385402,-8.31414011617445,3.84566323210612));
#9439=CARTESIAN_POINT('Ctrl Pts',(-15.1407089711034,-9.78116477214294,3.82054430951752));
#9440=CARTESIAN_POINT('Ctrl Pts',(-14.2650188632257,-11.0035401221956,3.02670566375868));
#9441=CARTESIAN_POINT('Ctrl Pts',(-13.6184852246351,-11.7759768064101,1.66069345758278));
#9442=CARTESIAN_POINT('Ctrl Pts',(-13.46041090308,-11.9506208340925,0.5536433672255));
#9443=CARTESIAN_POINT('Ctrl Pts',(-13.46041090308,-11.9506208340925,-1.09259916442149E-15));
#9444=CARTESIAN_POINT('Ctrl Pts',(-17.0697101977562,-5.71191084453849,0.0992232326699384));
#9445=CARTESIAN_POINT('Ctrl Pts',(-17.0608809808073,-5.73829079045521,1.19747374369479));
#9446=CARTESIAN_POINT('Ctrl Pts',(-16.8330636539095,-6.48349639545506,2.82002281606632));
#9447=CARTESIAN_POINT('Ctrl Pts',(-15.9923817729471,-8.32058232239953,3.81282313206377));
#9448=CARTESIAN_POINT('Ctrl Pts',(-15.1448646992682,-9.77377754991609,3.78805005844133));
#9449=CARTESIAN_POINT('Ctrl Pts',(-14.2779553239149,-10.98631018385,3.00203541421738));
#9450=CARTESIAN_POINT('Ctrl Pts',(-13.6374308416389,-11.7540021170867,1.64778439976378));
#9451=CARTESIAN_POINT('Ctrl Pts',(-13.4806824657856,-11.9277882492876,0.549318152368682));
#9452=CARTESIAN_POINT('Ctrl Pts',(-13.4806824657856,-11.9277882492876,-1.0841126960338E-15));
#9453=CARTESIAN_POINT('Ctrl Pts',(-17.0764238288621,-5.75950145896598,0.0981280510625144));
#9454=CARTESIAN_POINT('Ctrl Pts',(-17.0676447018855,-5.78564576572037,1.18430373695698));
#9455=CARTESIAN_POINT('Ctrl Pts',(-16.8407621394983,-6.5243470015009,2.78807896944164));
#9456=CARTESIAN_POINT('Ctrl Pts',(-16.0083845694445,-8.34074180430265,3.76693889320557));
#9457=CARTESIAN_POINT('Ctrl Pts',(-15.1710018018549,-9.77661059386335,3.74257364094352));
#9458=CARTESIAN_POINT('Ctrl Pts',(-14.314292656569,-10.9763052852078,2.96746193890761));
#9459=CARTESIAN_POINT('Ctrl Pts',(-13.6804618686036,-11.7373456385519,1.62958544459721));
#9460=CARTESIAN_POINT('Ctrl Pts',(-13.5252621355698,-11.9097998475295,0.543279615268209));
#9461=CARTESIAN_POINT('Ctrl Pts',(-13.5252621355698,-11.9097998475295,-1.07214741107991E-15));
#9462=CARTESIAN_POINT('Ctrl Pts',(-17.1210662908201,-5.80322026859344,0.0974310885806397));
#9463=CARTESIAN_POINT('Ctrl Pts',(-17.1123623644158,-5.82924382189788,1.17588124751336));
#9464=CARTESIAN_POINT('Ctrl Pts',(-16.887690564223,-6.56448077791043,2.76853470141819));
#9465=CARTESIAN_POINT('Ctrl Pts',(-16.0599387171927,-8.37390283696634,3.74146295970021));
#9466=CARTESIAN_POINT('Ctrl Pts',(-15.2256838357587,-9.80431543133085,3.71722270975654));
#9467=CARTESIAN_POINT('Ctrl Pts',(-14.3717246594264,-10.9984526507287,2.9468590286376));
#9468=CARTESIAN_POINT('Ctrl Pts',(-13.7400854067069,-11.755203045684,1.61801441369628));
#9469=CARTESIAN_POINT('Ctrl Pts',(-13.5854479656768,-11.9265962757821,0.539415166063774));
#9470=CARTESIAN_POINT('Ctrl Pts',(-13.5854479656768,-11.9265962757821,-1.06453218254857E-15));
#9471=CARTESIAN_POINT('Ctrl Pts',(-17.1508335954381,-5.81326338457639,0.0974277467160182));
#9472=CARTESIAN_POINT('Ctrl Pts',(-17.1421543436363,-5.83930171924017,1.17583146299149));
#9473=CARTESIAN_POINT('Ctrl Pts',(-16.9184359753592,-6.57472852136526,2.76908123036329));
#9474=CARTESIAN_POINT('Ctrl Pts',(-16.0898699020808,-8.38854070287978,3.7443754054731));
#9475=CARTESIAN_POINT('Ctrl Pts',(-15.2531538290646,-9.82308812697717,3.72001315545021));
#9476=CARTESIAN_POINT('Ctrl Pts',(-14.3967051425827,-11.0193043219198,2.94792165227779));
#9477=CARTESIAN_POINT('Ctrl Pts',(-13.7638550251769,-11.7761093813004,1.61796742540405));
#9478=CARTESIAN_POINT('Ctrl Pts',(-13.609028079002,-11.9473533352459,0.539391145425165));
#9479=CARTESIAN_POINT('Ctrl Pts',(-13.609028079002,-11.9473533352459,-1.06449514733798E-15));
#9480=CARTESIAN_POINT('Ctrl Pts',(-17.1682498673545,-5.81431035700328,0.0975423937085278));
#9481=CARTESIAN_POINT('Ctrl Pts',(-17.1595752898668,-5.8403806512676,1.17723858389077));
#9482=CARTESIAN_POINT('Ctrl Pts',(-16.9362016819665,-6.57647684275027,2.77283920940741));
#9483=CARTESIAN_POINT('Ctrl Pts',(-16.1060440600342,-8.39509680773114,3.75115197056504));
#9484=CARTESIAN_POINT('Ctrl Pts',(-15.2667501114575,-9.83401761215558,3.72665037219834));
#9485=CARTESIAN_POINT('Ctrl Pts',(-14.4078356349165,-11.0329758674585,2.9523211549418));
#9486=CARTESIAN_POINT('Ctrl Pts',(-13.7736876677755,-11.7906149504112,1.61988015068716));
#9487=CARTESIAN_POINT('Ctrl Pts',(-13.6186415824861,-11.9619133152875,0.540036993000248));
#9488=CARTESIAN_POINT('Ctrl Pts',(-13.6186415824861,-11.9619133152875,-1.0657473786161E-15));
#9489=CARTESIAN_POINT('',(-17.1682498673545,-5.81431035700328,0.0975423937085276));
#9490=CARTESIAN_POINT('Ctrl Pts',(-13.6186415824861,-11.9619133152875,-1.0657473786161E-15));
#9491=CARTESIAN_POINT('Ctrl Pts',(-13.6186415824861,-11.9619133152875,0.540036993000248));
#9492=CARTESIAN_POINT('Ctrl Pts',(-13.7736876677755,-11.7906149504112,1.61988015068716));
#9493=CARTESIAN_POINT('Ctrl Pts',(-14.4078356349165,-11.0329758674585,2.9523211549418));
#9494=CARTESIAN_POINT('Ctrl Pts',(-15.2667501114575,-9.83401761215558,3.72665037219834));
#9495=CARTESIAN_POINT('Ctrl Pts',(-16.1060440600342,-8.39509680773114,3.75115197056504));
#9496=CARTESIAN_POINT('Ctrl Pts',(-16.9362016819665,-6.57647684275027,2.77283920940741));
#9497=CARTESIAN_POINT('Ctrl Pts',(-17.1595752898668,-5.8403806512676,1.17723858389077));
#9498=CARTESIAN_POINT('Ctrl Pts',(-17.1682498673545,-5.81431035700328,0.0975423937085278));
#9499=CARTESIAN_POINT('Origin',(-17.1742325638364,-5.71451973863602,0.0999999999999998));
#9500=CARTESIAN_POINT('Origin',(-16.9307966439858,-9.775,0.1));
#9501=CARTESIAN_POINT('',(-19.6793450607077,-6.91336968104452,0.0975423937085279));
#9502=CARTESIAN_POINT('',(-19.7485954617337,-6.84127015171835,0.));
#9503=CARTESIAN_POINT('Origin',(-19.7485954617337,-6.84127015171836,0.1));
#9504=CARTESIAN_POINT('',(-17.1742325638364,-5.71451973863602,0.));
#9505=CARTESIAN_POINT('Origin',(-16.9307966439858,-9.775,0.));
#9506=CARTESIAN_POINT('Origin',(-17.1742325638364,-5.71451973863602,0.1));
#9507=CARTESIAN_POINT('Origin',(-16.9307966439858,-9.775,0.0975423937085279));
#9508=CARTESIAN_POINT('Ctrl Pts',(-15.8737147252974,-13.7486428719302,-4.64568030391163E-16));
#9509=CARTESIAN_POINT('Ctrl Pts',(-15.8737147252974,-13.7486428719302,0.579596467939413));
#9510=CARTESIAN_POINT('Ctrl Pts',(-16.1474993013456,-13.4413350575421,2.32854006759107));
#9511=CARTESIAN_POINT('Ctrl Pts',(-17.7452375221982,-11.4411507106103,4.24960447249276));
#9512=CARTESIAN_POINT('Ctrl Pts',(-19.1793955349685,-8.65927288323145,3.61967371039169));
#9513=CARTESIAN_POINT('Ctrl Pts',(-19.7347446838629,-7.18406380571337,1.82690957806711));
#9514=CARTESIAN_POINT('Ctrl Pts',(-19.8379284373206,-6.88889277098588,0.679378368580999));
#9515=CARTESIAN_POINT('Ctrl Pts',(-19.8430863491104,-6.87400350172658,0.1));
#9516=CARTESIAN_POINT('Ctrl Pts',(-15.8862006504377,-13.7342270480845,-4.62170679544397E-16));
#9517=CARTESIAN_POINT('Ctrl Pts',(-15.8862006504377,-13.7342270480845,0.576603421208603));
#9518=CARTESIAN_POINT('Ctrl Pts',(-16.1579921599904,-13.4285227333252,2.31647729255789));
#9519=CARTESIAN_POINT('Ctrl Pts',(-17.7466929019681,-11.4370058596338,4.22980721038119));
#9520=CARTESIAN_POINT('Ctrl Pts',(-19.1752899429694,-8.66739119707491,3.60219873515864));
#9521=CARTESIAN_POINT('Ctrl Pts',(-19.7288137498284,-7.20023360818062,1.8174896296766));
#9522=CARTESIAN_POINT('Ctrl Pts',(-19.8317034598052,-6.90681827253794,0.675871000042185));
#9523=CARTESIAN_POINT('Ctrl Pts',(-19.8368461625908,-6.89201695777329,0.0994839933628409));
#9524=CARTESIAN_POINT('Ctrl Pts',(-15.9005692753793,-13.7026002984068,-4.57983019502943E-16));
#9525=CARTESIAN_POINT('Ctrl Pts',(-15.9005692753793,-13.7026002984068,0.571380741666518));
#9526=CARTESIAN_POINT('Ctrl Pts',(-16.1689083903036,-13.4000013122414,2.29541807913528));
#9527=CARTESIAN_POINT('Ctrl Pts',(-17.7418804552507,-11.4250469602093,4.19522320130238));
#9528=CARTESIAN_POINT('Ctrl Pts',(-19.1598709165056,-8.67782317478511,3.5716806861043));
#9529=CARTESIAN_POINT('Ctrl Pts',(-19.7093499489998,-7.225165134171,1.80104207004732));
#9530=CARTESIAN_POINT('Ctrl Pts',(-19.8115377458189,-6.93490373744145,0.669749900917805));
#9531=CARTESIAN_POINT('Ctrl Pts',(-19.8166440383685,-6.92026029841531,0.0985826397338546));
#9532=CARTESIAN_POINT('Ctrl Pts',(-15.8969981880972,-13.6539414949405,-4.53653401380517E-16));
#9533=CARTESIAN_POINT('Ctrl Pts',(-15.8969981880972,-13.6539414949405,0.565976975281658));
#9534=CARTESIAN_POINT('Ctrl Pts',(-16.1620593353525,-13.3549339738875,2.27365922553991));
#9535=CARTESIAN_POINT('Ctrl Pts',(-17.7185177979997,-11.400307268726,4.15800722124077));
#9536=CARTESIAN_POINT('Ctrl Pts',(-19.122907055776,-8.67978536416784,3.53929032293967));
#9537=CARTESIAN_POINT('Ctrl Pts',(-19.666576535038,-7.24291130512414,1.78402242271751));
#9538=CARTESIAN_POINT('Ctrl Pts',(-19.7676726092431,-6.95595964680591,0.663416855142235));
#9539=CARTESIAN_POINT('Ctrl Pts',(-19.7727235136751,-6.94148268814106,0.0976507088085289));
#9540=CARTESIAN_POINT('Ctrl Pts',(-15.8735360092207,-13.6111634867877,-4.5151957792822E-16));
#9541=CARTESIAN_POINT('Ctrl Pts',(-15.8735360092207,-13.6111634867877,0.563317622146429));
#9542=CARTESIAN_POINT('Ctrl Pts',(-16.1373629936033,-13.3141214821627,2.26298699679473));
#9543=CARTESIAN_POINT('Ctrl Pts',(-17.6849457415343,-11.3729644678995,4.13723728498382));
#9544=CARTESIAN_POINT('Ctrl Pts',(-19.0793678058182,-8.67050277564853,3.52195416535197));
#9545=CARTESIAN_POINT('Ctrl Pts',(-19.6187014822037,-7.24225663825037,1.77562559480214));
#9546=CARTESIAN_POINT('Ctrl Pts',(-19.7189406982349,-6.95693986835463,0.660298831727221));
#9547=CARTESIAN_POINT('Ctrl Pts',(-19.7239492393786,-6.94254569823399,0.0971913759701048));
#9548=CARTESIAN_POINT('Ctrl Pts',(-15.8442797062768,-13.5924344340637,-4.52147711111635E-16));
#9549=CARTESIAN_POINT('Ctrl Pts',(-15.8442797062768,-13.5924344340637,0.564089954463618));
#9550=CARTESIAN_POINT('Ctrl Pts',(-16.1090670015461,-13.2949426878982,2.26619427973481));
#9551=CARTESIAN_POINT('Ctrl Pts',(-17.6575364394689,-11.3552735762481,4.13893045007024));
#9552=CARTESIAN_POINT('Ctrl Pts',(-19.0494598954819,-8.65609566783615,3.52453899440354));
#9553=CARTESIAN_POINT('Ctrl Pts',(-19.5880258020942,-7.22680217278229,1.77806323352445));
#9554=CARTESIAN_POINT('Ctrl Pts',(-19.6881007615108,-6.94099241375158,0.661204979109943));
#9555=CARTESIAN_POINT('Ctrl Pts',(-19.6931018789782,-6.92657551841381,0.0973265237397821));
#9556=CARTESIAN_POINT('Ctrl Pts',(-15.8259622022108,-13.5871256349008,-4.53150777248101E-16));
#9557=CARTESIAN_POINT('Ctrl Pts',(-15.8259622022108,-13.5871256349008,0.565352268678183));
#9558=CARTESIAN_POINT('Ctrl Pts',(-16.0917465359164,-13.2887976433514,2.2713137203905));
#9559=CARTESIAN_POINT('Ctrl Pts',(-17.6427973459901,-11.3470605608213,4.1451659256141));
#9560=CARTESIAN_POINT('Ctrl Pts',(-19.0350479152317,-8.64647181520092,3.53071638155434));
#9561=CARTESIAN_POINT('Ctrl Pts',(-19.5741692406305,-7.21436973186247,1.78201133333702));
#9562=CARTESIAN_POINT('Ctrl Pts',(-19.6743378679426,-6.92782387187793,0.662681923051854));
#9563=CARTESIAN_POINT('Ctrl Pts',(-19.6793450607077,-6.91336968104452,0.0975423937085278));
#9564=CARTESIAN_POINT('Origin',(-19.7485954617337,-6.84127015171835,0.1));
#9565=CARTESIAN_POINT('Ctrl Pts',(-19.6793450607077,-6.91336968104452,0.0975423937085278));
#9566=CARTESIAN_POINT('Ctrl Pts',(-19.6743378679426,-6.92782387187793,0.662681923051854));
#9567=CARTESIAN_POINT('Ctrl Pts',(-19.5741692406305,-7.21436973186247,1.78201133333702));
#9568=CARTESIAN_POINT('Ctrl Pts',(-19.0350479152317,-8.64647181520092,3.53071638155434));
#9569=CARTESIAN_POINT('Ctrl Pts',(-17.6427973459901,-11.3470605608213,4.1451659256141));
#9570=CARTESIAN_POINT('Ctrl Pts',(-16.0917465359164,-13.2887976433514,2.2713137203905));
#9571=CARTESIAN_POINT('Ctrl Pts',(-15.8259622022108,-13.5871256349008,0.565352268678183));
#9572=CARTESIAN_POINT('Ctrl Pts',(-15.8259622022108,-13.5871256349008,-4.53150777248101E-16));
#9573=CARTESIAN_POINT('Origin',(-19.7485954617337,-6.84127015171836,0.1));
#9574=CARTESIAN_POINT('Origin',(-19.7485954617337,-6.84127015171836,0.1));
#9575=CARTESIAN_POINT('Origin',(-17.1742325638364,-5.71451973863602,0.1));
#9576=CARTESIAN_POINT('Origin',(-17.1742325638364,-5.71451973863602,0.1));
#9577=CARTESIAN_POINT('Origin',(0.,0.,0.1));
#9578=CARTESIAN_POINT('',(-18.0954606358057,-0.40534476437506,0.));
#9579=CARTESIAN_POINT('Origin',(0.,0.,0.));
#9580=CARTESIAN_POINT('Ctrl Pts',(-17.9930306422733,-0.501242888550551,
0.100002301917115));
#9581=CARTESIAN_POINT('Ctrl Pts',(-17.9930382772635,-0.500966728468238,
0.0997180272243773));
#9582=CARTESIAN_POINT('Ctrl Pts',(-17.9930472019843,-0.500690622152269,
0.0994337676475994));
#9583=CARTESIAN_POINT('Ctrl Pts',(-17.9930574113131,-0.500414575574481,
0.0991495309001009));
#9584=CARTESIAN_POINT('Ctrl Pts',(-17.9933347826413,-0.492914826358745,
0.0914272677182369));
#9585=CARTESIAN_POINT('Ctrl Pts',(-17.9945577957492,-0.485425682203233,
0.0836860902324832));
#9586=CARTESIAN_POINT('Ctrl Pts',(-17.996671773387,-0.47807517544275,0.0760896976271043));
#9587=CARTESIAN_POINT('Ctrl Pts',(-17.9974231638069,-0.475462517549754,
0.0733896422778008));
#9588=CARTESIAN_POINT('Ctrl Pts',(-17.9982875133134,-0.472867623825575,
0.0707078217138316));
#9589=CARTESIAN_POINT('Ctrl Pts',(-17.9992635735144,-0.470297296652746,
0.0680513994549361));
#9590=CARTESIAN_POINT('Ctrl Pts',(-18.0015813340411,-0.464193776751021,
0.0617434374585215));
#9591=CARTESIAN_POINT('Ctrl Pts',(-18.0045462261364,-0.458178046120958,
0.0555255719698435));
#9592=CARTESIAN_POINT('Ctrl Pts',(-18.0081813174107,-0.452373021962783,
0.0495391148887528));
#9593=CARTESIAN_POINT('Ctrl Pts',(-18.0101285944627,-0.449263336544491,
0.0463322379171761));
#9594=CARTESIAN_POINT('Ctrl Pts',(-18.0122684158182,-0.446214855606454,
0.0431916963180295));
#9595=CARTESIAN_POINT('Ctrl Pts',(-18.0146054692318,-0.44325267542411,0.040138722416038));
#9596=CARTESIAN_POINT('Ctrl Pts',(-18.0182518973026,-0.438630882483933,
0.0353752670020578));
#9597=CARTESIAN_POINT('Ctrl Pts',(-18.0224024856587,-0.434185877137666,
0.0307895637933877));
#9598=CARTESIAN_POINT('Ctrl Pts',(-18.0270956102071,-0.430053771615307,
0.0265185686391558));
#9599=CARTESIAN_POINT('Ctrl Pts',(-18.0293697680578,-0.428051468007809,
0.0244489629723477));
#9600=CARTESIAN_POINT('Ctrl Pts',(-18.0317713365511,-0.426123346700842,
0.0224532094863387));
#9601=CARTESIAN_POINT('Ctrl Pts',(-18.0343046001562,-0.424289408185151,
0.0205466583733772));
#9602=CARTESIAN_POINT('Ctrl Pts',(-18.0364531778186,-0.422733960374154,
0.0189296244707468));
#9603=CARTESIAN_POINT('Ctrl Pts',(-18.0386965613421,-0.4212463635425,0.0173767539744431));
#9604=CARTESIAN_POINT('Ctrl Pts',(-18.0410317612531,-0.419836108473618,
0.0158973281027036));
#9605=CARTESIAN_POINT('Ctrl Pts',(-18.0462690856737,-0.4166732258113,0.0125793109984498));
#9606=CARTESIAN_POINT('Ctrl Pts',(-18.0519584070795,-0.413903891962381,
0.00964223642565958));
#9607=CARTESIAN_POINT('Ctrl Pts',(-18.058048696552,-0.411649710519905,0.00722118163770775));
#9608=CARTESIAN_POINT('Ctrl Pts',(-18.0613392837655,-0.410431774875799,
0.0059130842206062));
#9609=CARTESIAN_POINT('Ctrl Pts',(-18.0647464588872,-0.409364850373471,
0.00475561315071398));
#9610=CARTESIAN_POINT('Ctrl Pts',(-18.0682578683614,-0.408472994822015,
0.0037700927235021));
#9611=CARTESIAN_POINT('Ctrl Pts',(-18.0687709609332,-0.408342675512389,
0.00362608695767367));
#9612=CARTESIAN_POINT('Ctrl Pts',(-18.0692853935005,-0.408216323946605,
0.00348602110869734));
#9613=CARTESIAN_POINT('Ctrl Pts',(-18.0698011165974,-0.408093978661918,
0.00334992692652712));
#9614=CARTESIAN_POINT('Ctrl Pts',(-18.0769888945165,-0.406388818002787,
0.00145314401440992));
#9615=CARTESIAN_POINT('Ctrl Pts',(-18.0844291306007,-0.405458192826951,
0.000327401192340676));
#9616=CARTESIAN_POINT('Ctrl Pts',(-18.0920064534072,-0.405374427100681,
6.1370322739394E-5));
#9617=CARTESIAN_POINT('Ctrl Pts',(-18.0931686301042,-0.405361579479224,
2.05676691862054E-5));
#9618=CARTESIAN_POINT('Ctrl Pts',(-18.0943339817272,-0.40536873944876,4.43658746877276E-16));
#9619=CARTESIAN_POINT('Ctrl Pts',(-18.0955020293253,-0.405396262509176,
4.43658862688007E-16));
#9620=CARTESIAN_POINT('Origin',(-9.19216697549299E-16,0.,0.));
#9621=CARTESIAN_POINT('',(-20.8987662548609,-0.227088142990731,0.));
#9622=CARTESIAN_POINT('Origin',(0.,0.,0.));
#9623=CARTESIAN_POINT('',(-20.8570264113832,-0.235609675626562,-3.09102209661152E-17));
#9624=CARTESIAN_POINT('Origin',(-20.8974404915029,-0.327079354357088,-4.83307192740158E-18));
#9625=CARTESIAN_POINT('',(-18.1214543743038,-0.409463154262993,8.25827704553716E-17));
#9626=CARTESIAN_POINT('Origin',(-19.2529915713887,3.39482187338849,0.));
#9627=CARTESIAN_POINT('Origin',(-18.0929449967003,-0.505313117165552,1.69326930200456E-16));
#9628=CARTESIAN_POINT('',(-19.3339873169883,-2.64753364974598,0.));
#9629=CARTESIAN_POINT('Origin',(-19.2037511837381,-3.38613946450514,0.));
#9630=CARTESIAN_POINT('Origin',(0.,0.,0.1));
#9631=CARTESIAN_POINT('Ctrl Pts',(-20.9974693390876,-0.327253608065639,
0.100005342904146));
#9632=CARTESIAN_POINT('Ctrl Pts',(-20.9974739204346,-0.32695232275502,0.0996962528282075));
#9633=CARTESIAN_POINT('Ctrl Pts',(-20.9974770186662,-0.326651002330053,
0.0993871801286205));
#9634=CARTESIAN_POINT('Ctrl Pts',(-20.9974786380946,-0.326349655948424,
0.0990781346863083));
#9635=CARTESIAN_POINT('Ctrl Pts',(-20.9975183976544,-0.318951119877523,
0.0914905743508031));
#9636=CARTESIAN_POINT('Ctrl Pts',(-20.9966706346136,-0.311505746265095,
0.0838860294215854));
#9637=CARTESIAN_POINT('Ctrl Pts',(-20.9949542080588,-0.30415456063996,0.076419135594423));
#9638=CARTESIAN_POINT('Ctrl Pts',(-20.9943031915353,-0.301366359014922,
0.0735870474708834));
#9639=CARTESIAN_POINT('Ctrl Pts',(-20.9935267599427,-0.298591952918286,
0.0707746937791872));
#9640=CARTESIAN_POINT('Ctrl Pts',(-20.9926243613241,-0.295840255021385,
0.0679902646571888));
#9641=CARTESIAN_POINT('Ctrl Pts',(-20.9906106345814,-0.289699767293627,
0.0617767363219377));
#9642=CARTESIAN_POINT('Ctrl Pts',(-20.9879560050741,-0.283623608130527,
0.0556522588826833));
#9643=CARTESIAN_POINT('Ctrl Pts',(-20.9846118857945,-0.277741278449315,
0.0497510788025183));
#9644=CARTESIAN_POINT('Ctrl Pts',(-20.9838906650493,-0.276472646010891,
0.0484783809293293));
#9645=CARTESIAN_POINT('Ctrl Pts',(-20.9831373031602,-0.275213205259101,
0.0472160531006884));
#9646=CARTESIAN_POINT('Ctrl Pts',(-20.9823511985019,-0.273964566860692,
0.0459654151846445));
#9647=CARTESIAN_POINT('Ctrl Pts',(-20.9810978794573,-0.271973811217697,
0.0439714716283037));
#9648=CARTESIAN_POINT('Ctrl Pts',(-20.9797613207311,-0.270010480287863,
0.0420072454295837));
#9649=CARTESIAN_POINT('Ctrl Pts',(-20.9783416028756,-0.268080275008454,
0.0400780214919336));
#9650=CARTESIAN_POINT('Ctrl Pts',(-20.9748002254846,-0.263265525859501,
0.0352657202247927));
#9651=CARTESIAN_POINT('Ctrl Pts',(-20.9707178937695,-0.258622363699611,
0.0306357972551683));
#9652=CARTESIAN_POINT('Ctrl Pts',(-20.9660789975267,-0.254274250165332,
0.026329149541856));
#9653=CARTESIAN_POINT('Ctrl Pts',(-20.9620350438454,-0.250483786051965,
0.0225748332211052));
#9654=CARTESIAN_POINT('Ctrl Pts',(-20.9575679139047,-0.246917782680567,
0.0190661175300185));
#9655=CARTESIAN_POINT('Ctrl Pts',(-20.9526743287614,-0.243689700735151,
0.0158946059634313));
#9656=CARTESIAN_POINT('Ctrl Pts',(-20.9526678671749,-0.243685438311992,
0.0158904182369178));
#9657=CARTESIAN_POINT('Ctrl Pts',(-20.9526614048463,-0.243681176482926,
0.0158862310981283));
#9658=CARTESIAN_POINT('Ctrl Pts',(-20.9526549417757,-0.243676915248181,
0.015882044547272));
#9659=CARTESIAN_POINT('Ctrl Pts',(-20.9474506258168,-0.240245603223517,
0.0125108708952624));
#9660=CARTESIAN_POINT('Ctrl Pts',(-20.941774601881,-0.237203857248478,0.00953259391059529));
#9661=CARTESIAN_POINT('Ctrl Pts',(-20.9356634967578,-0.234681115937959,
0.0070898339834218));
#9662=CARTESIAN_POINT('Ctrl Pts',(-20.9325201030916,-0.23338348336623,0.00583334175681229));
#9663=CARTESIAN_POINT('Ctrl Pts',(-20.9292619788839,-0.232223814276116,
0.00471852563925518));
#9664=CARTESIAN_POINT('Ctrl Pts',(-20.9258972921608,-0.231224235582562,
0.00376482082659111));
#9665=CARTESIAN_POINT('Ctrl Pts',(-20.9216932326493,-0.229975296629296,
0.00257319969847463));
#9666=CARTESIAN_POINT('Ctrl Pts',(-20.9173820560591,-0.228993714376561,
0.00165131124377205));
#9667=CARTESIAN_POINT('Ctrl Pts',(-20.91298713455,-0.228305100106994,0.00101798846006153));
#9668=CARTESIAN_POINT('Ctrl Pts',(-20.9083315343911,-0.227575641640873,
0.000347101017291052));
#9669=CARTESIAN_POINT('Ctrl Pts',(-20.9035817452313,-0.227175030327189,
7.54726987175998E-17));
#9670=CARTESIAN_POINT('Ctrl Pts',(-20.8987717507045,-0.227117901538734,
7.54728766848993E-17));
#9671=CARTESIAN_POINT('Origin',(-6.68649380201683,-18.3709907363645,0.));
#9672=CARTESIAN_POINT('Ctrl Pts',(-13.2996160751905,-12.2438598093153,0.831396366813709));
#9673=CARTESIAN_POINT('Ctrl Pts',(-13.2968748918361,-12.2486648353953,0.805155372305357));
#9674=CARTESIAN_POINT('Ctrl Pts',(-13.2814597390067,-12.2757192358819,0.763682285025475));
#9675=CARTESIAN_POINT('Ctrl Pts',(-13.2555574158529,-12.3186984549887,0.75));
#9676=CARTESIAN_POINT('Ctrl Pts',(-13.2443160655608,-12.3368590798277,0.75));
#9677=CARTESIAN_POINT('Ctrl Pts',(-13.2851037182414,-12.2228907587639,0.830280963316865));
#9678=CARTESIAN_POINT('Ctrl Pts',(-13.281758088455,-12.2278909311341,0.802563773979224));
#9679=CARTESIAN_POINT('Ctrl Pts',(-13.2628247721864,-12.256186843746,0.759586395082975));
#9680=CARTESIAN_POINT('Ctrl Pts',(-13.2341586135967,-12.2989404480032,0.74871958442989));
#9681=CARTESIAN_POINT('Ctrl Pts',(-13.2224227500894,-12.316465822341,0.75));
#9682=CARTESIAN_POINT('Ctrl Pts',(-13.2744489639227,-12.1764738651761,0.824997173008659));
#9683=CARTESIAN_POINT('Ctrl Pts',(-13.2696118442812,-12.182122421479,0.78979798712497));
#9684=CARTESIAN_POINT('Ctrl Pts',(-13.2423020469847,-12.2139850305449,0.735690018466663));
#9685=CARTESIAN_POINT('Ctrl Pts',(-13.2012206762713,-12.2617354634584,0.722918258321189));
#9686=CARTESIAN_POINT('Ctrl Pts',(-13.1845142181953,-12.2811546583982,0.724892620983577));
#9687=CARTESIAN_POINT('Ctrl Pts',(-13.2942870928044,-12.1351672344836,0.816451172128025));
#9688=CARTESIAN_POINT('Ctrl Pts',(-13.2879878277069,-12.1420643337717,0.769147435249734));
#9689=CARTESIAN_POINT('Ctrl Pts',(-13.2525450834014,-12.1809247150963,0.694848861899999));
#9690=CARTESIAN_POINT('Ctrl Pts',(-13.1954090831752,-12.242664386302,0.67185186664029));
#9691=CARTESIAN_POINT('Ctrl Pts',(-13.171143048624,-12.2686996373977,0.672439947525639));
#9692=CARTESIAN_POINT('Ctrl Pts',(-13.3069412656647,-12.1212752692178,0.812792733627418));
#9693=CARTESIAN_POINT('Ctrl Pts',(-13.3000987180202,-12.1287871339012,0.760310744610712));
#9694=CARTESIAN_POINT('Ctrl Pts',(-13.2616004676822,-12.1710690965138,0.677364570050949));
#9695=CARTESIAN_POINT('Ctrl Pts',(-13.1983243301874,-12.2395189941106,0.649999999999998));
#9696=CARTESIAN_POINT('Ctrl Pts',(-13.171143048624,-12.2686996373977,0.649999999999997));
#9697=CARTESIAN_POINT('Ctrl Pts',(-13.2996160751905,-12.2438598093153,0.831396366813709));
#9698=CARTESIAN_POINT('Ctrl Pts',(-13.2968748918361,-12.2486648353953,0.805155372305357));
#9699=CARTESIAN_POINT('Ctrl Pts',(-13.2814597390067,-12.2757192358819,0.763682285025475));
#9700=CARTESIAN_POINT('Ctrl Pts',(-13.2555574158529,-12.3186984549887,0.75));
#9701=CARTESIAN_POINT('Ctrl Pts',(-13.2443160655608,-12.3368590798277,0.75));
#9702=CARTESIAN_POINT('Ctrl Pts',(-15.4929700428414,-14.0277538918966,0.75));
#9703=CARTESIAN_POINT('Ctrl Pts',(-15.5220634164337,-14.0107271704433,0.749999999999997));
#9704=CARTESIAN_POINT('Ctrl Pts',(-15.5736655126492,-13.980646979247,0.76747597843444));
#9705=CARTESIAN_POINT('Ctrl Pts',(-15.6020916353791,-13.9641755294836,0.811020837025543));
#9706=CARTESIAN_POINT('Ctrl Pts',(-15.6066082851321,-13.9615578070194,0.831396366819873));
#9707=CARTESIAN_POINT('Ctrl Pts',(-15.5151494007219,-14.0478356820871,0.750000000000002));
#9708=CARTESIAN_POINT('Ctrl Pts',(-15.5428077000686,-14.0295026074047,0.746873825317993));
#9709=CARTESIAN_POINT('Ctrl Pts',(-15.5939641020942,-13.9934028701596,0.760528927265525));
#9710=CARTESIAN_POINT('Ctrl Pts',(-15.6229032047629,-13.9719177965067,0.807341988568663));
#9711=CARTESIAN_POINT('Ctrl Pts',(-15.6274890311175,-13.968518269059,0.829603797121801));
#9712=CARTESIAN_POINT('Ctrl Pts',(-15.5535507668742,-14.0826053170898,0.724889864744692));
#9713=CARTESIAN_POINT('Ctrl Pts',(-15.5810533255376,-14.0559091815766,0.720069396521449));
#9714=CARTESIAN_POINT('Ctrl Pts',(-15.6332468726498,-14.0037083739535,0.736144336880844));
#9715=CARTESIAN_POINT('Ctrl Pts',(-15.6631156831503,-13.9730617923295,0.795610412367395));
#9716=CARTESIAN_POINT('Ctrl Pts',(-15.6678534365295,-13.968208958444,0.824003955704905));
#9717=CARTESIAN_POINT('Ctrl Pts',(-15.5670990861085,-14.0948723315707,0.672439947525643));
#9718=CARTESIAN_POINT('Ctrl Pts',(-15.6009936686793,-14.0573984677308,0.671004129641454));
#9719=CARTESIAN_POINT('Ctrl Pts',(-15.6616533433734,-13.9898577808162,0.700302445643195));
#9720=CARTESIAN_POINT('Ctrl Pts',(-15.6949970581583,-13.9523271678071,0.779107665635877));
#9721=CARTESIAN_POINT('Ctrl Pts',(-15.7002923963056,-13.9463644610996,0.816154476063159));
#9722=CARTESIAN_POINT('Ctrl Pts',(-15.5670990861085,-14.0948723315707,0.65));
#9723=CARTESIAN_POINT('Ctrl Pts',(-15.604521188777,-14.0535414442419,0.649999999999994));
#9724=CARTESIAN_POINT('Ctrl Pts',(-15.6700035370254,-13.980537349305,0.684951956868879));
#9725=CARTESIAN_POINT('Ctrl Pts',(-15.7054214812903,-13.9405813413854,0.772041674051086));
#9726=CARTESIAN_POINT('Ctrl Pts',(-15.7110533543139,-13.9342313206686,0.812792733639745));
#9727=CARTESIAN_POINT('',(-15.6066082851321,-13.9615578070194,0.831396366819873));
#9728=CARTESIAN_POINT('Ctrl Pts',(-15.4929700428414,-14.0277538918966,0.75));
#9729=CARTESIAN_POINT('Ctrl Pts',(-15.5220634164337,-14.0107271704433,0.749999999999997));
#9730=CARTESIAN_POINT('Ctrl Pts',(-15.5736655126492,-13.980646979247,0.76747597843444));
#9731=CARTESIAN_POINT('Ctrl Pts',(-15.6020916353791,-13.9641755294836,0.811020837025543));
#9732=CARTESIAN_POINT('Ctrl Pts',(-15.6066082851321,-13.9615578070194,0.831396366819873));
#9733=CARTESIAN_POINT('Origin',(-15.6362388145314,-13.8678778381893,0.812792733639746));
#9734=CARTESIAN_POINT('Origin',(-16.9307966439858,-9.775,0.85));
#9735=CARTESIAN_POINT('Origin',(-16.9307966439858,-9.775,0.831396366819873));
#9736=CARTESIAN_POINT('Ctrl Pts',(-19.9325160708066,-6.61020446635636,0.64999999996726));
#9737=CARTESIAN_POINT('Ctrl Pts',(-19.8747129884135,-6.78450480375236,1.76027776568222));
#9738=CARTESIAN_POINT('Ctrl Pts',(-19.4643182729223,-8.0847917685027,3.7901056103177));
#9739=CARTESIAN_POINT('Ctrl Pts',(-18.1174513234857,-10.7388482212295,4.40008376878681));
#9740=CARTESIAN_POINT('Ctrl Pts',(-16.5777531721489,-12.9555317643343,3.38571990500171));
#9741=CARTESIAN_POINT('Ctrl Pts',(-15.8633215531655,-13.7625466585391,1.91457368979597));
#9742=CARTESIAN_POINT('Ctrl Pts',(-15.7110533543139,-13.9342313206686,0.812792733639746));
#9743=CARTESIAN_POINT('Ctrl Pts',(-19.9393665088832,-6.58954754602204,0.65358239516969));
#9744=CARTESIAN_POINT('Ctrl Pts',(-19.8814813418452,-6.76470982388828,1.77000044815151));
#9745=CARTESIAN_POINT('Ctrl Pts',(-19.4707352412698,-8.0714529693539,3.81157892437292));
#9746=CARTESIAN_POINT('Ctrl Pts',(-18.1173636269193,-10.7403663177435,4.42565183638166));
#9747=CARTESIAN_POINT('Ctrl Pts',(-16.568453165842,-12.9680968808153,3.40480248624463));
#9748=CARTESIAN_POINT('Ctrl Pts',(-15.8498546174339,-13.7780927460615,1.92516050839357));
#9749=CARTESIAN_POINT('Ctrl Pts',(-15.6967054103029,-13.9504088412432,0.817275056870965));
#9750=CARTESIAN_POINT('Ctrl Pts',(-19.9387324341908,-6.54933844764806,0.659831830284136));
#9751=CARTESIAN_POINT('Ctrl Pts',(-19.8805372785079,-6.72582708160704,1.78693541650394));
#9752=CARTESIAN_POINT('Ctrl Pts',(-19.4678030195904,-8.0425443002681,3.8489860280526));
#9753=CARTESIAN_POINT('Ctrl Pts',(-18.1032699567724,-10.7347355093783,4.47010930098557));
#9754=CARTESIAN_POINT('Ctrl Pts',(-16.5406659843324,-12.9807822810241,3.43805849261841));
#9755=CARTESIAN_POINT('Ctrl Pts',(-15.8161222572544,-13.7963244913068,1.94360211588832));
#9756=CARTESIAN_POINT('Ctrl Pts',(-15.6617314481603,-13.9698099383679,0.82509428131466));
#9757=CARTESIAN_POINT('Ctrl Pts',(-19.9164523264224,-6.51655482531704,0.66379953986689));
#9758=CARTESIAN_POINT('Ctrl Pts',(-19.857793495696,-6.69379394166584,1.79767191611105));
#9759=CARTESIAN_POINT('Ctrl Pts',(-19.4414956597221,-8.01603272719219,3.87133003998394));
#9760=CARTESIAN_POINT('Ctrl Pts',(-18.0713112339861,-10.7171921919636,4.49519101813547));
#9761=CARTESIAN_POINT('Ctrl Pts',(-16.5040708342767,-12.972270983286,3.45815080296452));
#9762=CARTESIAN_POINT('Ctrl Pts',(-15.7771799204422,-13.7923245460059,1.95526155697617));
#9763=CARTESIAN_POINT('Ctrl Pts',(-15.6222688446212,-13.9667781535491,0.830051939546319));
#9764=CARTESIAN_POINT('Ctrl Pts',(-19.9041317763105,-6.50556930960624,0.66487754631579));
#9765=CARTESIAN_POINT('Ctrl Pts',(-19.845287219073,-6.68301012687395,1.80056794113844));
#9766=CARTESIAN_POINT('Ctrl Pts',(-19.4274981613635,-8.00672518764091,3.87685556706564));
#9767=CARTESIAN_POINT('Ctrl Pts',(-18.0563638547448,-10.7086014609871,4.50079523064963));
#9768=CARTESIAN_POINT('Ctrl Pts',(-16.4889239839998,-12.9652243992363,3.46321406625146));
#9769=CARTESIAN_POINT('Ctrl Pts',(-15.7616199968234,-13.7867797933006,1.95839547257912));
#9770=CARTESIAN_POINT('Ctrl Pts',(-15.6066082851321,-13.9615578070194,0.831396366819873));
#9771=CARTESIAN_POINT('Ctrl Pts',(-15.6066082851321,-13.9615578070194,0.831396366819873));
#9772=CARTESIAN_POINT('Ctrl Pts',(-15.7616199968234,-13.7867797933006,1.95839547257912));
#9773=CARTESIAN_POINT('Ctrl Pts',(-16.4889239839998,-12.9652243992363,3.46321406625146));
#9774=CARTESIAN_POINT('Ctrl Pts',(-18.0563638547448,-10.7086014609871,4.50079523064963));
#9775=CARTESIAN_POINT('Ctrl Pts',(-19.4032854498157,-8.05443732680086,3.88787364970325));
#9776=CARTESIAN_POINT('Ctrl Pts',(-19.8265120936261,-6.74185668403062,1.89146183369037));
#9777=CARTESIAN_POINT('Ctrl Pts',(-19.8954592743137,-6.53187856345758,0.814694414531412));
#9778=CARTESIAN_POINT('Origin',(-16.9307966439858,-9.775,0.));
#9779=CARTESIAN_POINT('Ctrl Pts',(-16.6393967528248,6.86516392390465,0.650000000000001));
#9780=CARTESIAN_POINT('Ctrl Pts',(-16.6393392837017,6.86530321432091,0.650385595584135));
#9781=CARTESIAN_POINT('Ctrl Pts',(-16.6392830626135,6.86544414035027,0.650774017824482));
#9782=CARTESIAN_POINT('Ctrl Pts',(-16.6282825302379,6.89195730924094,0.72421108982899));
#9783=CARTESIAN_POINT('Ctrl Pts',(-16.6413765737885,6.93104011097579,0.805979100867156));
#9784=CARTESIAN_POINT('Ctrl Pts',(-16.6848326590029,6.95761694696394,0.826445439481784));
#9785=CARTESIAN_POINT('Ctrl Pts',(-16.6393967528248,6.86516392390465,0.650000000000001));
#9786=CARTESIAN_POINT('Ctrl Pts',(-16.6392230097277,6.865418930185,0.650403831587885));
#9787=CARTESIAN_POINT('Ctrl Pts',(-16.6393185806454,6.86552249388223,0.650581660259587));
#9788=CARTESIAN_POINT('Ctrl Pts',(-16.6199586306044,6.90568471432042,0.714916973080326));
#9789=CARTESIAN_POINT('Ctrl Pts',(-16.6549981404088,6.95893884864611,0.778103329677459));
#9790=CARTESIAN_POINT('Ctrl Pts',(-16.6882377347447,6.96999271636516,0.783674854816302));
#9791=CARTESIAN_POINT('Ctrl Pts',(-16.6393967528248,6.86516392390465,0.650000000000001));
#9792=CARTESIAN_POINT('Ctrl Pts',(-16.6392050963657,6.86546190841718,0.650365093051289));
#9793=CARTESIAN_POINT('Ctrl Pts',(-16.6392570202799,6.86567205953152,0.650442874735136));
#9794=CARTESIAN_POINT('Ctrl Pts',(-16.6152736434149,6.91703665834226,0.70444357002485));
#9795=CARTESIAN_POINT('Ctrl Pts',(-16.6423253625856,6.98935860504557,0.750899058520324));
#9796=CARTESIAN_POINT('Ctrl Pts',(-16.6721530117003,7.00856425151626,0.749229117184855));
#9797=CARTESIAN_POINT('Ctrl Pts',(-16.6393967528248,6.86516392390465,0.65));
#9798=CARTESIAN_POINT('Ctrl Pts',(-16.6392601911143,6.86549491446926,0.650208649114657));
#9799=CARTESIAN_POINT('Ctrl Pts',(-16.6391242377875,6.86582900272781,0.650419012967935));
#9800=CARTESIAN_POINT('Ctrl Pts',(-16.6130686556894,6.92884684605143,0.690124256977829));
#9801=CARTESIAN_POINT('Ctrl Pts',(-16.6087712442004,7.00933242258455,0.735910287848477));
#9802=CARTESIAN_POINT('Ctrl Pts',(-16.6479540226259,7.0460527636956,0.747469144438607));
#9803=CARTESIAN_POINT('',(-16.6479540226259,7.0460527636956,0.747469144438607));
#9804=CARTESIAN_POINT('',(-16.6848326590029,6.95761694696394,0.826445439481782));
#9805=CARTESIAN_POINT('Origin',(-16.6273665835412,7.03733936973358,0.844938288877215));
#9806=CARTESIAN_POINT('Ctrl Pts',(-16.6848326590029,6.95761694696394,0.826445439481784));
#9807=CARTESIAN_POINT('Ctrl Pts',(-16.6413765737885,6.93104011097579,0.805979100867156));
#9808=CARTESIAN_POINT('Ctrl Pts',(-16.6282825302379,6.89195730924094,0.72421108982899));
#9809=CARTESIAN_POINT('Ctrl Pts',(-16.6392830626135,6.86544414035027,0.650774017824482));
#9810=CARTESIAN_POINT('Ctrl Pts',(-16.6393392837017,6.86530321432091,0.650385595584135));
#9811=CARTESIAN_POINT('Ctrl Pts',(-16.6393967528248,6.86516392390465,0.650000000000001));
#9812=CARTESIAN_POINT('Ctrl Pts',(-16.6393967528248,6.86516392390465,0.65));
#9813=CARTESIAN_POINT('Ctrl Pts',(-16.6392601911143,6.86549491446926,0.650208649114657));
#9814=CARTESIAN_POINT('Ctrl Pts',(-16.6391242377875,6.86582900272781,0.650419012967935));
#9815=CARTESIAN_POINT('Ctrl Pts',(-16.6130686556894,6.92884684605143,0.690124256977829));
#9816=CARTESIAN_POINT('Ctrl Pts',(-16.6087712442004,7.00933242258455,0.735910287848477));
#9817=CARTESIAN_POINT('Ctrl Pts',(-16.6479540226259,7.0460527636956,0.747469144438607));
#9818=CARTESIAN_POINT('Ctrl Pts',(-16.665040384835,7.06303256199615,0.75));
#9819=CARTESIAN_POINT('Ctrl Pts',(-16.6594126679791,7.05711992369279,0.75));
#9820=CARTESIAN_POINT('Ctrl Pts',(-16.65367009074,7.05140960615022,0.749155375335039));
#9821=CARTESIAN_POINT('Ctrl Pts',(-16.6479540226259,7.04605276369559,0.747469144438607));
#9822=CARTESIAN_POINT('Ctrl Pts',(-16.6802338411805,7.04149707119829,0.75));
#9823=CARTESIAN_POINT('Ctrl Pts',(-16.6742175696268,7.03568128648669,0.750428090760828));
#9824=CARTESIAN_POINT('Ctrl Pts',(-16.6679894796217,7.02998973909674,0.749908395200024));
#9825=CARTESIAN_POINT('Ctrl Pts',(-16.6617820163827,7.02463075673597,0.748474843150749));
#9826=CARTESIAN_POINT('Ctrl Pts',(-16.7066538110894,7.00404890891613,0.769213299799843));
#9827=CARTESIAN_POINT('Ctrl Pts',(-16.6986127695343,6.99780258896986,0.769893459784386));
#9828=CARTESIAN_POINT('Ctrl Pts',(-16.6903696903794,6.99165857080112,0.769416565607937));
#9829=CARTESIAN_POINT('Ctrl Pts',(-16.6821496999718,6.98578658868672,0.767725698777816));
#9830=CARTESIAN_POINT('Ctrl Pts',(-16.7195620066856,6.98575258968774,0.811974725174065));
#9831=CARTESIAN_POINT('Ctrl Pts',(-16.7085274229926,6.97791923115644,0.812196616641371));
#9832=CARTESIAN_POINT('Ctrl Pts',(-16.6973462618588,6.97023745813251,0.810914560761455));
#9833=CARTESIAN_POINT('Ctrl Pts',(-16.686291977178,6.96292084813589,0.808115188910863));
#9834=CARTESIAN_POINT('Ctrl Pts',(-16.72168190785,6.98274780190406,0.831396366819873));
#9835=CARTESIAN_POINT('Ctrl Pts',(-16.7094331813499,6.9741062300396,0.831396366819873));
#9836=CARTESIAN_POINT('Ctrl Pts',(-16.6970472010895,6.96565634589023,0.829744089460402));
#9837=CARTESIAN_POINT('Ctrl Pts',(-16.6848326590029,6.95761694696394,0.826445439481784));
#9838=CARTESIAN_POINT('',(-16.665040384835,7.06303256199615,0.75));
#9839=CARTESIAN_POINT('Origin',(-16.6538350752861,7.0893175582429,0.651052354116803));
#9840=CARTESIAN_POINT('',(-16.72168190785,6.98274780190406,0.831396366819873));
#9841=CARTESIAN_POINT('Origin',(-16.665040384835,7.06303256199615,0.85));
#9842=CARTESIAN_POINT('Origin',(-16.7104590852398,7.00901658211686,0.636306189451517));
#9843=CARTESIAN_POINT('Origin',(-19.2529915713887,3.39482187338849,0.85));
#9844=CARTESIAN_POINT('',(-19.3564040199589,7.88286898382314,0.75));
#9845=CARTESIAN_POINT('',(-19.3541406702418,7.78464076954353,0.831396366819873));
#9846=CARTESIAN_POINT('Origin',(-19.3564040199589,7.88286898382313,0.85));
#9847=CARTESIAN_POINT('Origin',(-19.2529915713887,3.39482187338849,0.831396366819873));
#9848=CARTESIAN_POINT('Origin',(-19.2529915713887,3.39482187338849,0.75));
#9849=CARTESIAN_POINT('Ctrl Pts',(-19.4060288716615,7.86803737549356,0.74147994152174));
#9850=CARTESIAN_POINT('Ctrl Pts',(-19.3905230226111,7.87192165729355,0.747180154212906));
#9851=CARTESIAN_POINT('Ctrl Pts',(-19.3735179369176,7.87703514042469,0.75));
#9852=CARTESIAN_POINT('Ctrl Pts',(-19.3564040199589,7.88286898382312,0.75));
#9853=CARTESIAN_POINT('Ctrl Pts',(-19.4080795532158,7.84483688322689,0.74448974758757));
#9854=CARTESIAN_POINT('Ctrl Pts',(-19.3913924649619,7.84768885277208,0.749678219293084));
#9855=CARTESIAN_POINT('Ctrl Pts',(-19.3733613543992,7.85171512276156,0.75146688383703));
#9856=CARTESIAN_POINT('Ctrl Pts',(-19.3557969016596,7.85652036171499,0.750000000000001));
#9857=CARTESIAN_POINT('Ctrl Pts',(-19.4173065901377,7.80669116502998,0.763550787552265));
#9858=CARTESIAN_POINT('Ctrl Pts',(-19.3971552564649,7.80722279619936,0.769815978547708));
#9859=CARTESIAN_POINT('Ctrl Pts',(-19.3755877861611,7.80861843824304,0.771545738597928));
#9860=CARTESIAN_POINT('Ctrl Pts',(-19.3547412216404,7.81070439153851,0.769215121403597));
#9861=CARTESIAN_POINT('Ctrl Pts',(-19.4325614205003,7.78822350483866,0.798779073359569));
#9862=CARTESIAN_POINT('Ctrl Pts',(-19.4077116705372,7.78748570151647,0.808413265963587));
#9863=CARTESIAN_POINT('Ctrl Pts',(-19.3808358433791,7.78756849110246,0.812735052274647));
#9864=CARTESIAN_POINT('Ctrl Pts',(-19.3542253797879,7.7883171202973,0.811974725174065));
#9865=CARTESIAN_POINT('Ctrl Pts',(-19.4392914488265,7.78497787123581,0.814729200551827));
#9866=CARTESIAN_POINT('Ctrl Pts',(-19.4124158846385,7.78404896199599,0.825880109073088));
#9867=CARTESIAN_POINT('Ctrl Pts',(-19.3832448257023,7.78397015894038,0.831396366819872));
#9868=CARTESIAN_POINT('Ctrl Pts',(-19.3541406702419,7.78464076954354,0.831396366819873));
#9869=CARTESIAN_POINT('',(-19.4060288716615,7.86803737549356,0.74147994152174));
#9870=CARTESIAN_POINT('Origin',(-19.344486678462,7.91137311496937,0.650544788901535));
#9871=CARTESIAN_POINT('',(-19.4392914488251,7.78497787123647,0.814729200548614));
#9872=CARTESIAN_POINT('Origin',(-19.4434601639179,7.88321362862779,0.832959883043476));
#9873=CARTESIAN_POINT('Origin',(-19.3427334125726,7.81195781022729,0.636404660991179));
#9874=CARTESIAN_POINT('Ctrl Pts',(-19.4392914488258,7.78497787123588,0.814729200551595));
#9875=CARTESIAN_POINT('Ctrl Pts',(-19.4807636459437,7.78899992163364,0.783573211661883));
#9876=CARTESIAN_POINT('Ctrl Pts',(-19.5087547265454,7.77212102424213,0.71493243164395));
#9877=CARTESIAN_POINT('Ctrl Pts',(-19.5180557056491,7.74890084574876,0.650656307234834));
#9878=CARTESIAN_POINT('Ctrl Pts',(-19.5181036967459,7.74878236236518,0.650327497139831));
#9879=CARTESIAN_POINT('Ctrl Pts',(-19.5181507018916,7.74866396085471,0.649999999999999));
#9880=CARTESIAN_POINT('Ctrl Pts',(-19.4303180777244,7.78930538270644,0.793462364295372));
#9881=CARTESIAN_POINT('Ctrl Pts',(-19.4674938424322,7.79529108403595,0.770205862730746));
#9882=CARTESIAN_POINT('Ctrl Pts',(-19.5064905140849,7.77871130702029,0.709534767355629));
#9883=CARTESIAN_POINT('Ctrl Pts',(-19.5180300809307,7.74896123494587,0.650598514330375));
#9884=CARTESIAN_POINT('Ctrl Pts',(-19.5180913923576,7.74881335595419,0.650299077763049));
#9885=CARTESIAN_POINT('Ctrl Pts',(-19.5181507018916,7.74866396085471,0.649999999999999));
#9886=CARTESIAN_POINT('Ctrl Pts',(-19.4153073737083,7.81168337980034,0.759148208610356));
#9887=CARTESIAN_POINT('Ctrl Pts',(-19.4513556762394,7.81390862817126,0.747447289988798));
#9888=CARTESIAN_POINT('Ctrl Pts',(-19.5024691233139,7.7896294170673,0.699968097617212));
#9889=CARTESIAN_POINT('Ctrl Pts',(-19.5179857820483,7.74906924575468,0.650497805652073));
#9890=CARTESIAN_POINT('Ctrl Pts',(-19.5180698596779,7.74886759473497,0.650249343853678));
#9891=CARTESIAN_POINT('Ctrl Pts',(-19.5181507018916,7.74866396085471,0.649999999999999));
#9892=CARTESIAN_POINT('Ctrl Pts',(-19.4075668828275,7.85063700629352,0.743737296071037));
#9893=CARTESIAN_POINT('Ctrl Pts',(-19.45127420934,7.84260936762665,0.729867027551659));
#9894=CARTESIAN_POINT('Ctrl Pts',(-19.4979543378425,7.79996787646171,0.689844882575133));
#9895=CARTESIAN_POINT('Ctrl Pts',(-19.5179438389048,7.7491795762683,0.650399101470148));
#9896=CARTESIAN_POINT('Ctrl Pts',(-19.5180483269983,7.74892183351574,0.650199609944308));
#9897=CARTESIAN_POINT('Ctrl Pts',(-19.5181507018916,7.74866396085471,0.649999999999999));
#9898=CARTESIAN_POINT('Ctrl Pts',(-19.406028871662,7.86803737549343,0.741479941521558));
#9899=CARTESIAN_POINT('Ctrl Pts',(-19.4539761876939,7.85602636684544,0.723853696195455));
#9900=CARTESIAN_POINT('Ctrl Pts',(-19.4959538859265,7.80437202676448,0.685333496699437));
#9901=CARTESIAN_POINT('Ctrl Pts',(-19.5179262054905,7.74922699897351,0.650357418677793));
#9902=CARTESIAN_POINT('Ctrl Pts',(-19.5180390987071,7.7489450787075,0.650178295411721));
#9903=CARTESIAN_POINT('Ctrl Pts',(-19.5181507018916,7.74866396085471,0.649999999999999));
#9904=CARTESIAN_POINT('Ctrl Pts',(-19.406028871662,7.86803737549343,0.741479941521558));
#9905=CARTESIAN_POINT('Ctrl Pts',(-19.4539761876939,7.85602636684544,0.723853696195455));
#9906=CARTESIAN_POINT('Ctrl Pts',(-19.4959538859265,7.80437202676448,0.685333496699437));
#9907=CARTESIAN_POINT('Ctrl Pts',(-19.5179262054905,7.74922699897351,0.650357418677793));
#9908=CARTESIAN_POINT('Ctrl Pts',(-19.5180390987071,7.7489450787075,0.650178295411721));
#9909=CARTESIAN_POINT('Ctrl Pts',(-19.5181507018916,7.74866396085471,0.649999999999999));
#9910=CARTESIAN_POINT('Ctrl Pts',(-19.5181507018916,7.74866396085471,0.649999999999999));
#9911=CARTESIAN_POINT('Ctrl Pts',(-19.5181036967459,7.74878236236518,0.650327497139831));
#9912=CARTESIAN_POINT('Ctrl Pts',(-19.5180557056491,7.74890084574876,0.650656307234834));
#9913=CARTESIAN_POINT('Ctrl Pts',(-19.5087547265454,7.77212102424213,0.71493243164395));
#9914=CARTESIAN_POINT('Ctrl Pts',(-19.4807636459437,7.78899992163364,0.783573211661883));
#9915=CARTESIAN_POINT('Ctrl Pts',(-19.4392914488258,7.78497787123588,0.814729200551595));
#9916=CARTESIAN_POINT('Origin',(0.,0.,0.65));
#9917=CARTESIAN_POINT('',(-16.5049668046747,12.821703115288,0.75));
#9918=CARTESIAN_POINT('Origin',(0.,0.,0.75));
#9919=CARTESIAN_POINT('Origin',(-16.5049668046747,12.821703115288,0.65));
#9920=CARTESIAN_POINT('Origin',(-9.19216697549299E-16,0.,0.75));
#9921=CARTESIAN_POINT('',(-14.4492858188629,10.9008320473626,0.75));
#9922=CARTESIAN_POINT('Origin',(0.,0.,0.75));
#9923=CARTESIAN_POINT('Origin',(-12.5664977693718,14.976168862976,0.75));
#9924=CARTESIAN_POINT('',(-17.2624953737966,9.10048094716168,0.75));
#9925=CARTESIAN_POINT('Origin',(-16.8874953737966,9.75000000000001,0.750000000000002));
#9926=CARTESIAN_POINT('Origin',(0.,0.,0.65));
#9927=CARTESIAN_POINT('Origin',(-14.4492858188629,10.9008320473626,0.65));
#9928=CARTESIAN_POINT('Ctrl Pts',(-17.9851139681262,-0.731898595102763,
0.812792733633719));
#9929=CARTESIAN_POINT('Ctrl Pts',(-17.9933880293046,-0.528578170294734,
1.86380693508135));
#9930=CARTESIAN_POINT('Ctrl Pts',(-18.0697679869442,0.705148151119981,3.8206281894491));
#9931=CARTESIAN_POINT('Ctrl Pts',(-17.6382540240445,4.1140548951957,4.48782908093857));
#9932=CARTESIAN_POINT('Ctrl Pts',(-16.8728655061148,6.30155956875578,2.72030328659456));
#9933=CARTESIAN_POINT('Ctrl Pts',(-16.6704190070652,6.7899739354071,1.17909948129594));
#9934=CARTESIAN_POINT('Ctrl Pts',(-16.6393967528217,6.86516392391216,0.649999999947163));
#9935=CARTESIAN_POINT('Ctrl Pts',(-17.9840952005864,-0.7569330061982,0.817670651632869));
#9936=CARTESIAN_POINT('Ctrl Pts',(-17.9927170929991,-0.552184338261214,
1.8749787974674));
#9937=CARTESIAN_POINT('Ctrl Pts',(-18.0714119200744,0.690186905790273,3.8427220405425));
#9938=CARTESIAN_POINT('Ctrl Pts',(-17.6382858505553,4.12015938360024,4.5131424740825));
#9939=CARTESIAN_POINT('Ctrl Pts',(-16.8657299755278,6.32118244678694,2.73656405339416));
#9940=CARTESIAN_POINT('Ctrl Pts',(-16.6611147709368,6.81283082861855,1.18617961977626));
#9941=CARTESIAN_POINT('Ctrl Pts',(-16.6297645321966,6.88850995648592,0.653904016902895));
#9942=CARTESIAN_POINT('Ctrl Pts',(-18.0002756514524,-0.801228750776438,
0.826159254730916));
#9943=CARTESIAN_POINT('Ctrl Pts',(-18.0091802249238,-0.593797140093772,
1.89437643710525));
#9944=CARTESIAN_POINT('Ctrl Pts',(-18.0898972640542,0.664863243031299,3.88118026361123));
#9945=CARTESIAN_POINT('Ctrl Pts',(-17.6524642632899,4.13404412117492,4.55723491209672));
#9946=CARTESIAN_POINT('Ctrl Pts',(-16.8693016944691,6.36123817263604,2.76482174695636));
#9947=CARTESIAN_POINT('Ctrl Pts',(-16.6614790008853,6.85935625677174,1.19847754186996));
#9948=CARTESIAN_POINT('Ctrl Pts',(-16.6296529932319,6.93600549146511,0.660697650627027));
#9949=CARTESIAN_POINT('Ctrl Pts',(-18.0398515529731,-0.825461196469638,
0.830559814191349));
#9950=CARTESIAN_POINT('Ctrl Pts',(-18.0485055321475,-0.616588376237986,
1.90452363043659));
#9951=CARTESIAN_POINT('Ctrl Pts',(-18.127873915639,0.650795187583634,3.9030806026691));
#9952=CARTESIAN_POINT('Ctrl Pts',(-17.6857267259424,4.14843031271151,4.5838585670143));
#9953=CARTESIAN_POINT('Ctrl Pts',(-16.8988598383777,6.39356006504618,2.7796834733779));
#9954=CARTESIAN_POINT('Ctrl Pts',(-16.6904472760709,6.89528795396327,1.20487467786777));
#9955=CARTESIAN_POINT('Ctrl Pts',(-16.658519043152,6.97251142126509,0.664212424236971));
#9956=CARTESIAN_POINT('Ctrl Pts',(-18.0582983701821,-0.830512342533344,
0.831396366813708));
#9957=CARTESIAN_POINT('Ctrl Pts',(-18.0668088316054,-0.621382799664976,
1.90646674133179));
#9958=CARTESIAN_POINT('Ctrl Pts',(-18.1453710598743,0.647592621106148,3.90807676325201));
#9959=CARTESIAN_POINT('Ctrl Pts',(-17.7015282049926,4.15389608148186,4.59054890426058));
#9960=CARTESIAN_POINT('Ctrl Pts',(-16.9142715827302,6.40390049120101,2.78256703771826));
#9961=CARTESIAN_POINT('Ctrl Pts',(-16.706040934769,6.90626946531945,1.20608733850116));
#9962=CARTESIAN_POINT('Ctrl Pts',(-16.6741323360396,6.98360772555173,0.664877546295233));
#9963=CARTESIAN_POINT('',(-18.0582983701827,-0.830512342532289,0.831396366819873));
#9964=CARTESIAN_POINT('Ctrl Pts',(-16.6848028128563,6.95774472530545,0.826470310668973));
#9965=CARTESIAN_POINT('Ctrl Pts',(-16.7201931485429,6.87189334972923,1.31047217176599));
#9966=CARTESIAN_POINT('Ctrl Pts',(-16.9299913595467,6.35897287019815,2.81866844433293));
#9967=CARTESIAN_POINT('Ctrl Pts',(-17.7015282049926,4.15389608148186,4.59054890426058));
#9968=CARTESIAN_POINT('Ctrl Pts',(-18.1453710598743,0.647592621106148,3.90807676325201));
#9969=CARTESIAN_POINT('Ctrl Pts',(-18.0668088316054,-0.621382799664976,
1.90646674133179));
#9970=CARTESIAN_POINT('Ctrl Pts',(-18.0582983701821,-0.830512342533344,
0.831396366813708));
#9971=CARTESIAN_POINT('Origin',(-18.0850312679491,-0.735964698408889,0.81279273363372));
#9972=CARTESIAN_POINT('Ctrl Pts',(-16.7364675285059,6.62500223903864,0.0999999999999991));
#9973=CARTESIAN_POINT('Ctrl Pts',(-16.7416225587586,6.61197930058215,0.653449709983823));
#9974=CARTESIAN_POINT('Ctrl Pts',(-16.8406664194246,6.36783446829122,1.75434383697723));
#9975=CARTESIAN_POINT('Ctrl Pts',(-17.1923225738027,5.38483512384733,3.09306961045946));
#9976=CARTESIAN_POINT('Ctrl Pts',(-17.5958692274403,3.91527754619449,3.84575277837621));
#9977=CARTESIAN_POINT('Ctrl Pts',(-17.8860007552093,2.23935790674375,3.82097491400178));
#9978=CARTESIAN_POINT('Ctrl Pts',(-17.9999557659439,0.740744288890401,3.02677027911398));
#9979=CARTESIAN_POINT('Ctrl Pts',(-18.0018437631706,-0.267119984986051,
1.66079357258904));
#9980=CARTESIAN_POINT('Ctrl Pts',(-17.992983974619,-0.502521331989068,0.553643367225502));
#9981=CARTESIAN_POINT('Ctrl Pts',(-17.992983974619,-0.502521331989068,1.69326930200508E-16));
#9982=CARTESIAN_POINT('Ctrl Pts',(-16.747702161146,6.59662065400793,0.0992232326699377));
#9983=CARTESIAN_POINT('Ctrl Pts',(-16.7527987260454,6.58367889288928,0.648348488182363));
#9984=CARTESIAN_POINT('Ctrl Pts',(-16.850782601249,6.34094841186371,1.74069118920502));
#9985=CARTESIAN_POINT('Ctrl Pts',(-17.1982986934037,5.36483133748676,3.06780695334293));
#9986=CARTESIAN_POINT('Ctrl Pts',(-17.5969775891989,3.90780914742407,3.81298258829518));
#9987=CARTESIAN_POINT('Ctrl Pts',(-17.8844267290648,2.24773180609218,3.78848109227179));
#9988=CARTESIAN_POINT('Ctrl Pts',(-17.9988052927901,0.762266547660338,3.0021254701469));
#9989=CARTESIAN_POINT('Ctrl Pts',(-18.0022317468375,-0.238106793974418,
1.64788924994139));
#9990=CARTESIAN_POINT('Ctrl Pts',(-17.9938363899733,-0.472000247941002,
0.549318152368682));
#9991=CARTESIAN_POINT('Ctrl Pts',(-17.9938363899733,-0.472000247941002,
1.68011729084559E-16));
#9992=CARTESIAN_POINT('Ctrl Pts',(-16.7834321782576,6.56447485197499,0.0981279730257536));
#9993=CARTESIAN_POINT('Ctrl Pts',(-16.7884721957624,6.55163944449858,0.641215815972987));
#9994=CARTESIAN_POINT('Ctrl Pts',(-16.8853360680993,6.3109124755455,1.7214214914776));
#9995=CARTESIAN_POINT('Ctrl Pts',(-17.2287117118142,5.34371070729973,3.03234729538611));
#9996=CARTESIAN_POINT('Ctrl Pts',(-17.6222123144485,3.90262833093889,3.76712804293855));
#9997=CARTESIAN_POINT('Ctrl Pts',(-17.9062537423209,2.26232268262412,3.74296827324511));
#9998=CARTESIAN_POINT('Ctrl Pts',(-18.0202062212187,0.793287701728764,2.96754990567628));
#9999=CARTESIAN_POINT('Ctrl Pts',(-18.0244802914273,-0.197685742211004,
1.629677849129));
#10000=CARTESIAN_POINT('Ctrl Pts',(-18.0164187006753,-0.429561866174127,
0.543279615268213));
#10001=CARTESIAN_POINT('Ctrl Pts',(-18.0164187006753,-0.429561866174127,
1.66157261883385E-16));
#10002=CARTESIAN_POINT('Ctrl Pts',(-16.8457339890628,6.55968185373054,0.0974310394641416));
#10003=CARTESIAN_POINT('Ctrl Pts',(-16.8507640006472,6.54691686650684,0.6366561189305));
#10004=CARTESIAN_POINT('Ctrl Pts',(-16.9474446543983,6.30751650528148,1.70921192886455));
#10005=CARTESIAN_POINT('Ctrl Pts',(-17.2902211402496,5.34524783347567,3.01133542374504));
#10006=CARTESIAN_POINT('Ctrl Pts',(-17.6830242910905,3.9103487441986,3.74163842037305));
#10007=CARTESIAN_POINT('Ctrl Pts',(-17.9659573955076,2.27625944586815,3.71762425852877));
#10008=CARTESIAN_POINT('Ctrl Pts',(-18.0784422049945,0.813232285843188,
2.94694558891377));
#10009=CARTESIAN_POINT('Ctrl Pts',(-18.0816368667422,-0.173040838086347,
1.61810937519006));
#10010=CARTESIAN_POINT('Ctrl Pts',(-18.0733226012372,-0.403743173354996,
0.539415166063774));
#10011=CARTESIAN_POINT('Ctrl Pts',(-18.0733226012372,-0.403743173354996,
1.64977131220003E-16));
#10012=CARTESIAN_POINT('Ctrl Pts',(-16.8749944460938,6.57112521880147,0.0974277467160173));
#10013=CARTESIAN_POINT('Ctrl Pts',(-16.8800386592366,6.55836250025307,0.636629604853755));
#10014=CARTESIAN_POINT('Ctrl Pts',(-16.9769760413821,6.31903953269482,1.70919186042437));
#10015=CARTESIAN_POINT('Ctrl Pts',(-17.3209195479164,5.35621605634771,3.0125083527324));
#10016=CARTESIAN_POINT('Ctrl Pts',(-17.7153514676397,3.91835553273744,3.74451052257305));
#10017=CARTESIAN_POINT('Ctrl Pts',(-17.9990748490033,2.27953881572556,3.72043071518927));
#10018=CARTESIAN_POINT('Ctrl Pts',(-18.1109811348585,0.813309108464373,
2.94800036932671));
#10019=CARTESIAN_POINT('Ctrl Pts',(-18.1132876108906,-0.173779026360704,
1.61806688548448));
#10020=CARTESIAN_POINT('Ctrl Pts',(-18.1047310286129,-0.404489003385385,
0.53939114542517));
#10021=CARTESIAN_POINT('Ctrl Pts',(-18.1047310286129,-0.404489003385385,
1.64971474792876E-16));
#10022=CARTESIAN_POINT('Ctrl Pts',(-16.8890090653189,6.58151815518653,0.0975423937085269));
#10023=CARTESIAN_POINT('Ctrl Pts',(-16.8940653404454,6.56874469769655,0.637390488799646));
#10024=CARTESIAN_POINT('Ctrl Pts',(-16.9912118138077,6.32927695797801,1.71122897246563));
#10025=CARTESIAN_POINT('Ctrl Pts',(-17.3361312768037,5.36510897231992,3.01705413711319));
#10026=CARTESIAN_POINT('Ctrl Pts',(-17.7319471706352,3.92370376949579,3.75123931614037));
#10027=CARTESIAN_POINT('Ctrl Pts',(-18.0165206368191,2.27988979136114,3.72707039411971));
#10028=CARTESIAN_POINT('Ctrl Pts',(-18.1282926067361,0.809985176091149,
2.95238418230607));
#10029=CARTESIAN_POINT('Ctrl Pts',(-18.1301444355225,-0.17857140052586,
1.61997780526073));
#10030=CARTESIAN_POINT('Ctrl Pts',(-18.1214543743038,-0.409463154262994,
0.54003699300025));
#10031=CARTESIAN_POINT('Ctrl Pts',(-18.1214543743038,-0.409463154262994,
1.65165540910743E-16));
#10032=CARTESIAN_POINT('',(-16.8890090653189,6.58151815518653,0.0975423937085271));
#10033=CARTESIAN_POINT('Ctrl Pts',(-18.1214543743038,-0.409463154262994,
1.65165540910743E-16));
#10034=CARTESIAN_POINT('Ctrl Pts',(-18.1214543743038,-0.409463154262994,
0.54003699300025));
#10035=CARTESIAN_POINT('Ctrl Pts',(-18.1301444355225,-0.17857140052586,
1.61997780526073));
#10036=CARTESIAN_POINT('Ctrl Pts',(-18.1282926067361,0.809985176091149,
2.95238418230607));
#10037=CARTESIAN_POINT('Ctrl Pts',(-18.0165206368191,2.27988979136114,3.72707039411971));
#10038=CARTESIAN_POINT('Ctrl Pts',(-17.7319471706352,3.92370376949579,3.75123931614037));
#10039=CARTESIAN_POINT('Ctrl Pts',(-17.3361312768037,5.36510897231992,3.01705413711319));
#10040=CARTESIAN_POINT('Ctrl Pts',(-16.9912118138077,6.32927695797801,1.71122897246563));
#10041=CARTESIAN_POINT('Ctrl Pts',(-16.8940653404454,6.56874469769655,0.637390488799646));
#10042=CARTESIAN_POINT('Ctrl Pts',(-16.8890090653189,6.58151815518653,0.0975423937085269));
#10043=CARTESIAN_POINT('Origin',(-16.8294479036643,6.66180780703329,0.099999999999999));
#10044=CARTESIAN_POINT('Origin',(-19.2529915713887,3.39482187338849,0.1));
#10045=CARTESIAN_POINT('',(-19.519081300134,7.3536907443775,0.0975423937085279));
#10046=CARTESIAN_POINT('',(-19.5257855009087,7.45343548791463,0.));
#10047=CARTESIAN_POINT('Origin',(-19.5257855009087,7.45343548791464,0.1));
#10048=CARTESIAN_POINT('',(-16.8294479036643,6.66180780703329,0.));
#10049=CARTESIAN_POINT('Origin',(-19.2529915713887,3.39482187338849,0.));
#10050=CARTESIAN_POINT('Origin',(-16.8294479036643,6.66180780703329,0.1));
#10051=CARTESIAN_POINT('Origin',(-19.2529915713887,3.39482187338849,0.0975423937085279));
#10052=CARTESIAN_POINT('Ctrl Pts',(-20.9974282450518,-0.328644327349516,
-7.85543173218568E-17));
#10053=CARTESIAN_POINT('Ctrl Pts',(-20.9974282450518,-0.328644327349516,
0.579596467939412));
#10054=CARTESIAN_POINT('Ctrl Pts',(-21.0060901195269,-0.0476723388329439,
1.73933528402343));
#10055=CARTESIAN_POINT('Ctrl Pts',(-20.9853904392171,1.10069469038826,3.10382392378813));
#10056=CARTESIAN_POINT('Ctrl Pts',(-20.8092563984664,3.257894074271,4.11690862330027));
#10057=CARTESIAN_POINT('Ctrl Pts',(-20.258486658723,5.69273305263755,3.62217220369755));
#10058=CARTESIAN_POINT('Ctrl Pts',(-19.7354089848138,7.18290752324188,1.82573407038282));
#10059=CARTESIAN_POINT('Ctrl Pts',(-19.6248297600503,7.47437657490167,0.679378368581));
#10060=CARTESIAN_POINT('Ctrl Pts',(-19.6192103119178,7.48909785867021,0.1));
#10061=CARTESIAN_POINT('Ctrl Pts',(-20.9977267056714,-0.309575367623917,
-7.8148946640215E-17));
#10062=CARTESIAN_POINT('Ctrl Pts',(-20.9977267056714,-0.309575367623917,
0.576603421208601));
#10063=CARTESIAN_POINT('Ctrl Pts',(-21.0060672332043,-0.0302014871675092,
1.73039545018269));
#10064=CARTESIAN_POINT('Ctrl Pts',(-20.9846373294697,1.11221078366201,3.08858078793721));
#10065=CARTESIAN_POINT('Ctrl Pts',(-20.808448391191,3.25947213459525,4.09765686477938));
#10066=CARTESIAN_POINT('Ctrl Pts',(-20.2605550300796,5.68385073596326,3.6046653932679));
#10067=CARTESIAN_POINT('Ctrl Pts',(-19.7412624116793,7.16671933958176,1.81632894092137));
#10068=CARTESIAN_POINT('Ctrl Pts',(-19.6315834409111,7.45664350563012,0.675871000042186));
#10069=CARTESIAN_POINT('Ctrl Pts',(-19.6260088780649,7.47128763618732,0.0994839933628412));
#10070=CARTESIAN_POINT('Ctrl Pts',(-20.9884051182557,-0.276111245321311,
-7.74408365205634E-17));
#10071=CARTESIAN_POINT('Ctrl Pts',(-20.9884051182557,-0.276111245321311,
0.571380741666516));
#10072=CARTESIAN_POINT('Ctrl Pts',(-20.9963229464065,0.000337884362109727,
1.71478371591591));
#10073=CARTESIAN_POINT('Ctrl Pts',(-20.9740846824604,1.13183743481602,3.06196114442118));
#10074=CARTESIAN_POINT('Ctrl Pts',(-20.7983524285833,3.26086005269471,4.06402461670016));
#10075=CARTESIAN_POINT('Ctrl Pts',(-20.2554419240731,5.66590229795905,3.57409123580348));
#10076=CARTESIAN_POINT('Ctrl Pts',(-19.7423827548679,7.13512976523048,1.79990607262617));
#10077=CARTESIAN_POINT('Ctrl Pts',(-19.6341894680568,7.4221661434451,0.669749882978195));
#10078=CARTESIAN_POINT('Ctrl Pts',(-19.6286884939202,7.43666593012151,0.0985826217942452));
#10079=CARTESIAN_POINT('Ctrl Pts',(-20.9543918524169,-0.241132071774181,
-7.67087406375493E-17));
#10080=CARTESIAN_POINT('Ctrl Pts',(-20.9543918524169,-0.241132071774181,
0.565976975281657));
#10081=CARTESIAN_POINT('Ctrl Pts',(-20.9621746061148,0.0321561062830417,
1.69861354440025));
#10082=CARTESIAN_POINT('Ctrl Pts',(-20.9400261536541,1.15141830054012,3.03389552322551));
#10083=CARTESIAN_POINT('Ctrl Pts',(-20.7659137989328,3.25901617408438,4.02789095385744));
#10084=CARTESIAN_POINT('Ctrl Pts',(-20.2283838725176,5.64061431800874,3.54165538793097));
#10085=CARTESIAN_POINT('Ctrl Pts',(-19.7210251026436,7.09405215483738,1.78290769222301));
#10086=CARTESIAN_POINT('Ctrl Pts',(-19.6141208839974,7.37784045619613,0.663416842280556));
#10087=CARTESIAN_POINT('Ctrl Pts',(-19.6086844916146,7.39217710872118,0.0976506959468497));
#10088=CARTESIAN_POINT('Ctrl Pts',(-20.9089216270254,-0.223442994977907,
-7.63479211750567E-17));
#10089=CARTESIAN_POINT('Ctrl Pts',(-20.9089216270254,-0.223442994977907,
0.563317622146429));
#10090=CARTESIAN_POINT('Ctrl Pts',(-20.916902657162,0.0482140586599776,
1.69060361505317));
#10091=CARTESIAN_POINT('Ctrl Pts',(-20.8956261151568,1.16048416432849,3.0191794544994));
#10092=CARTESIAN_POINT('Ctrl Pts',(-20.7234072109136,3.25425658953609,4.00781357102823));
#10093=CARTESIAN_POINT('Ctrl Pts',(-20.1890675102966,5.61977035172409,3.5243173192521));
#10094=CARTESIAN_POINT('Ctrl Pts',(-19.6839284433237,7.06376583468524,1.77451129562288));
#10095=CARTESIAN_POINT('Ctrl Pts',(-19.5774203107082,7.34576490739214,0.660298807516172));
#10096=CARTESIAN_POINT('Ctrl Pts',(-19.5720046816141,7.36001090961613,0.0971913517590556));
#10097=CARTESIAN_POINT('Ctrl Pts',(-20.8744708639089,-0.227902187070959,
-7.64541519249801E-17));
#10098=CARTESIAN_POINT('Ctrl Pts',(-20.8744708639089,-0.227902187070959,
0.564089954463617));
#10099=CARTESIAN_POINT('Ctrl Pts',(-20.882735090184,0.0441751662601275,
1.69287622091128));
#10100=CARTESIAN_POINT('Ctrl Pts',(-20.8622922360955,1.15694540331637,3.0218864669685));
#10101=CARTESIAN_POINT('Ctrl Pts',(-20.6910641349673,3.24917746972586,4.00959455677358));
#10102=CARTESIAN_POINT('Ctrl Pts',(-20.1569011417334,5.61165491786517,3.52694305249695));
#10103=CARTESIAN_POINT('Ctrl Pts',(-19.650492466139,7.05585367611974,1.77693354572253));
#10104=CARTESIAN_POINT('Ctrl Pts',(-19.5435441064097,7.33815855947389,0.661204979109943));
#10105=CARTESIAN_POINT('Ctrl Pts',(-19.5381081829617,7.35241719837704,0.0973265237397821));
#10106=CARTESIAN_POINT('Ctrl Pts',(-20.8570264113832,-0.235609675626562,
-7.6623761477132E-17));
#10107=CARTESIAN_POINT('Ctrl Pts',(-20.8570264113832,-0.235609675626562,
0.565352268678183));
#10108=CARTESIAN_POINT('Ctrl Pts',(-20.8654351777542,0.0371520476074815,
1.69658927065348));
#10109=CARTESIAN_POINT('Ctrl Pts',(-20.8453403615361,1.15196271414144,3.02754415176089));
#10110=CARTESIAN_POINT('Ctrl Pts',(-20.6743531228117,3.24612670683625,4.01573121795988));
#10111=CARTESIAN_POINT('Ctrl Pts',(-20.1396773919294,5.60981740441446,3.53315347173152));
#10112=CARTESIAN_POINT('Ctrl Pts',(-19.63188453872,7.05644757800358,1.78086471500354));
#10113=CARTESIAN_POINT('Ctrl Pts',(-19.5245365427165,7.3393996303411,0.662681923051854));
#10114=CARTESIAN_POINT('Ctrl Pts',(-19.519081300134,7.3536907443775,0.0975423937085278));
#10115=CARTESIAN_POINT('Origin',(-19.5257855009087,7.45343548791464,0.1));
#10116=CARTESIAN_POINT('Ctrl Pts',(-19.519081300134,7.3536907443775,0.0975423937085278));
#10117=CARTESIAN_POINT('Ctrl Pts',(-19.5245365427165,7.3393996303411,0.662681923051854));
#10118=CARTESIAN_POINT('Ctrl Pts',(-19.63188453872,7.05644757800358,1.78086471500354));
#10119=CARTESIAN_POINT('Ctrl Pts',(-20.1396773919294,5.60981740441446,3.53315347173152));
#10120=CARTESIAN_POINT('Ctrl Pts',(-20.6743531228117,3.24612670683625,4.01573121795988));
#10121=CARTESIAN_POINT('Ctrl Pts',(-20.8453403615361,1.15196271414144,3.02754415176089));
#10122=CARTESIAN_POINT('Ctrl Pts',(-20.8654351777542,0.0371520476074815,
1.69658927065348));
#10123=CARTESIAN_POINT('Ctrl Pts',(-20.8570264113832,-0.235609675626562,
0.565352268678183));
#10124=CARTESIAN_POINT('Ctrl Pts',(-20.8570264113832,-0.235609675626562,
-7.6623761477132E-17));
#10125=CARTESIAN_POINT('Origin',(-19.5257855009087,7.45343548791464,0.1));
#10126=CARTESIAN_POINT('Origin',(-19.5257855009087,7.45343548791464,0.1));
#10127=CARTESIAN_POINT('Origin',(-16.8294479036643,6.66180780703329,0.1));
#10128=CARTESIAN_POINT('Origin',(-16.8294479036643,6.66180780703329,0.1));
#10129=CARTESIAN_POINT('Origin',(0.,0.,0.1));
#10130=CARTESIAN_POINT('',(-14.1224776579288,11.3210257839695,0.));
#10131=CARTESIAN_POINT('Origin',(0.,0.,0.));
#10132=CARTESIAN_POINT('Ctrl Pts',(-14.1056538667716,11.1817228408847,0.100002307239031));
#10133=CARTESIAN_POINT('Ctrl Pts',(-14.1054822030973,11.1819392994372,0.0997180324561853));
#10134=CARTESIAN_POINT('Ctrl Pts',(-14.105311562398,11.182156545875,0.0994337727940733));
#10135=CARTESIAN_POINT('Ctrl Pts',(-14.1051419445772,11.182374572334,0.0991495359615928));
#10136=CARTESIAN_POINT('Ctrl Pts',(-14.1005336430949,11.1882980752386,0.0914271810218901));
#10137=CARTESIAN_POINT('Ctrl Pts',(-14.0966568845462,11.1948213525308,0.0836859130766466));
#10138=CARTESIAN_POINT('Ctrl Pts',(-14.0935519406787,11.2018111562258,0.0760894355391801));
#10139=CARTESIAN_POINT('Ctrl Pts',(-14.0924483708201,11.2042954963635,0.0733894692919481));
#10140=CARTESIAN_POINT('Ctrl Pts',(-14.0914427655875,11.2068388353611,0.0707077369240647));
#10141=CARTESIAN_POINT('Ctrl Pts',(-14.0905385342788,11.2094351595319,0.0680514012203515));
#10142=CARTESIAN_POINT('Ctrl Pts',(-14.088391073418,11.2156011753348,0.0617428639001694));
#10143=CARTESIAN_POINT('Ctrl Pts',(-14.08679595918,11.2221159817386,0.0555244396500914));
#10144=CARTESIAN_POINT('Ctrl Pts',(-14.0858498041517,11.2289002097816,0.0495374786780845));
#10145=CARTESIAN_POINT('Ctrl Pts',(-14.0853430921569,11.232533493569,0.046331170149376));
#10146=CARTESIAN_POINT('Ctrl Pts',(-14.0850231551535,11.236243626987,0.0431911780191245));
#10147=CARTESIAN_POINT('Ctrl Pts',(-14.0849096878,11.2400144038299,0.0401387237448438));
#10148=CARTESIAN_POINT('Ctrl Pts',(-14.0847326035212,11.2458993150145,0.0353748718789045));
#10149=CARTESIAN_POINT('Ctrl Pts',(-14.0850553998629,11.2519728899147,0.030788801787074));
#10150=CARTESIAN_POINT('Ctrl Pts',(-14.0859949051419,11.2581554936226,0.0265175034418092));
#10151=CARTESIAN_POINT('Ctrl Pts',(-14.0864500472876,11.261150648179,0.0244482783539285));
#10152=CARTESIAN_POINT('Ctrl Pts',(-14.0870503947622,11.2641708579289,0.0224528827354557));
#10153=CARTESIAN_POINT('Ctrl Pts',(-14.0878120643412,11.2672035599762,0.0205466588676464));
#10154=CARTESIAN_POINT('Ctrl Pts',(-14.0884581823586,11.2697761760922,0.0189296248937425));
#10155=CARTESIAN_POINT('Ctrl Pts',(-14.0892205061295,11.2723577502204,0.017376754332562));
#10156=CARTESIAN_POINT('Ctrl Pts',(-14.09010284689,11.2749390913705,0.0158973284048736));
#10157=CARTESIAN_POINT('Ctrl Pts',(-14.0920817945142,11.2807286220879,0.0125792153176517));
#10158=CARTESIAN_POINT('Ctrl Pts',(-14.0946598296577,11.2865071932576,0.00964206682243388));
#10159=CARTESIAN_POINT('Ctrl Pts',(-14.0978760461544,11.2921488533094,0.00722097186358542));
#10160=CARTESIAN_POINT('Ctrl Pts',(-14.0996136268253,11.2951967947236,0.00591296047597767));
#10161=CARTESIAN_POINT('Ctrl Pts',(-14.1015375239548,11.2982039973019,0.00475556047640641));
#10162=CARTESIAN_POINT('Ctrl Pts',(-14.1036537409003,11.3011440981161,0.00377009273724933));
#10163=CARTESIAN_POINT('Ctrl Pts',(-14.1039629823216,11.3015737331574,0.0036260869702609));
#10164=CARTESIAN_POINT('Ctrl Pts',(-14.1042757998785,11.3020011900972,0.00348602112024143));
#10165=CARTESIAN_POINT('Ctrl Pts',(-14.1045921804694,11.3024264076282,0.00334992693712006));
#10166=CARTESIAN_POINT('Ctrl Pts',(-14.1090015431709,11.3083526192083,0.00145319675724773));
#10167=CARTESIAN_POINT('Ctrl Pts',(-14.1141019734945,11.3138478113657,0.000327463828849741));
#10168=CARTESIAN_POINT('Ctrl Pts',(-14.1198518158845,11.3187824378147,6.13925179937453E-5));
#10169=CARTESIAN_POINT('Ctrl Pts',(-14.1207338860315,11.3195394475521,2.05751278157009E-5));
#10170=CARTESIAN_POINT('Ctrl Pts',(-14.1216312565211,11.3202831669912,4.43657319401725E-16));
#10171=CARTESIAN_POINT('Ctrl Pts',(-14.1225437898268,11.3210130156479,4.43657211633521E-16));
#10172=CARTESIAN_POINT('Origin',(-9.19216697549299E-16,0.,0.));
#10173=CARTESIAN_POINT('',(-16.1553532021998,13.2595083963235,0.));
#10174=CARTESIAN_POINT('Origin',(0.,0.,0.));
#10175=CARTESIAN_POINT('',(-16.1288561626409,13.2261506693832,1.77332087102821E-17));
#10176=CARTESIAN_POINT('Origin',(-16.2186107203066,13.1820585002223,-2.66793234173909E-18));
#10177=CARTESIAN_POINT('',(-14.1450372668529,11.3345793673173,1.68252115596621E-16));
#10178=CARTESIAN_POINT('Origin',(-12.5664977693718,14.976168862976,0.));
#10179=CARTESIAN_POINT('Origin',(-14.1848089851945,11.2428285610323,3.44982543911369E-16));
#10180=CARTESIAN_POINT('',(-16.5124953737966,10.3995190528383,0.));
#10181=CARTESIAN_POINT('Origin',(-16.8874953737966,9.75000000000001,0.));
#10182=CARTESIAN_POINT('Origin',(0.,0.,0.1));
#10183=CARTESIAN_POINT('Ctrl Pts',(-16.1553767309202,13.2594885511267,2.90419576614586E-17));
#10184=CARTESIAN_POINT('Ctrl Pts',(-16.1590981456886,13.2625365116872,2.90418782615892E-17));
#10185=CARTESIAN_POINT('Ctrl Pts',(-16.162994220768,13.265282662342,0.000347101016859983));
#10186=CARTESIAN_POINT('Ctrl Pts',(-16.1670295100284,13.2677163850399,0.00101798846135461));
#10187=CARTESIAN_POINT('Ctrl Pts',(-16.1708388533915,13.2700138375416,0.00165131124669154));
#10188=CARTESIAN_POINT('Ctrl Pts',(-16.1747723502397,13.2720330572802,0.00257319970508069));
#10189=CARTESIAN_POINT('Ctrl Pts',(-16.1787956377814,13.273778628542,0.003764820844643));
#10190=CARTESIAN_POINT('Ctrl Pts',(-16.1850559149038,13.2764947555208,0.0056189956908082));
#10191=CARTESIAN_POINT('Ctrl Pts',(-16.1913932085642,13.2784892568245,0.00808210714082129));
#10192=CARTESIAN_POINT('Ctrl Pts',(-16.1976704718506,13.2798449189044,0.0110114922303089));
#10193=CARTESIAN_POINT('Ctrl Pts',(-16.2008989887438,13.2805421619108,0.0125181311613923));
#10194=CARTESIAN_POINT('Ctrl Pts',(-16.2041125396198,13.2810702089241,0.0141481227462973));
#10195=CARTESIAN_POINT('Ctrl Pts',(-16.207297478385,13.2814388496725,0.0158820448601289));
#10196=CARTESIAN_POINT('Ctrl Pts',(-16.2073051684124,13.2814397397548,0.0158862314111489));
#10197=CARTESIAN_POINT('Ctrl Pts',(-16.2073128582534,13.2814406289047,0.0158904185501021));
#10198=CARTESIAN_POINT('Ctrl Pts',(-16.2073205479078,13.2814415171226,0.0158946062767795));
#10199=CARTESIAN_POINT('Ctrl Pts',(-16.2140007476931,13.2822131346819,0.0195325917210104));
#10200=CARTESIAN_POINT('Ctrl Pts',(-16.2205359683628,13.2822840908474,0.0236143207350517));
#10201=CARTESIAN_POINT('Ctrl Pts',(-16.2268229422285,13.281786663853,0.0280013703336659));
#10202=CARTESIAN_POINT('Ctrl Pts',(-16.2323039812833,13.2813530026288,0.0318260387192411));
#10203=CARTESIAN_POINT('Ctrl Pts',(-16.2375975972589,13.2804867011171,0.0358827502939088));
#10204=CARTESIAN_POINT('Ctrl Pts',(-16.2426606416375,13.2792558019049,0.0400780234812572));
#10205=CARTESIAN_POINT('Ctrl Pts',(-16.2449889160872,13.2786897647598,0.0420072476083507));
#10206=CARTESIAN_POINT('Ctrl Pts',(-16.2472747809876,13.2780449038285,0.0439714740119401));
#10207=CARTESIAN_POINT('Ctrl Pts',(-16.2495145102399,13.2773255360235,0.0459654177869868));
#10208=CARTESIAN_POINT('Ctrl Pts',(-16.2560285829153,13.2752333125296,0.0517646431387868));
#10209=CARTESIAN_POINT('Ctrl Pts',(-16.2621511412987,13.2725147770828,0.0578155738281716));
#10210=CARTESIAN_POINT('Ctrl Pts',(-16.267832617954,13.2693109593404,0.0639848833442715));
#10211=CARTESIAN_POINT('Ctrl Pts',(-16.2690575383999,13.2686202195739,0.0653149800466638));
#10212=CARTESIAN_POINT('Ctrl Pts',(-16.2702620180026,13.2679067392135,0.0666505631572718));
#10213=CARTESIAN_POINT('Ctrl Pts',(-16.2714456471512,13.2671716428561,0.0679902700789375));
#10214=CARTESIAN_POINT('Ctrl Pts',(-16.2779317445326,13.2631434330369,0.0753316485561926));
#10215=CARTESIAN_POINT('Ctrl Pts',(-16.2838491270766,13.2584352701141,0.0828676147048427));
#10216=CARTESIAN_POINT('Ctrl Pts',(-16.2890980555734,13.25316184955,0.0904460217018001));
#10217=CARTESIAN_POINT('Ctrl Pts',(-16.2910887643569,13.2511618519044,0.093320208573046));
#10218=CARTESIAN_POINT('Ctrl Pts',(-16.2929832202543,13.2490800078182,0.0962004327345021));
#10219=CARTESIAN_POINT('Ctrl Pts',(-16.2947753451088,13.2469207817488,0.0990781459491606));
#10220=CARTESIAN_POINT('Ctrl Pts',(-16.2949678063144,13.2466888965364,0.0993871914675879));
#10221=CARTESIAN_POINT('Ctrl Pts',(-16.2951591179896,13.2464560804871,0.0996962642457856));
#10222=CARTESIAN_POINT('Ctrl Pts',(-16.2953492709407,13.2462223378437,0.10000535439941));
#10223=CARTESIAN_POINT('Origin',(-16.9307966439858,-9.775,0.));
#10224=CARTESIAN_POINT('Ctrl Pts',(-18.0582983701824,-0.830512342533422,
0.831396366813714));
#10225=CARTESIAN_POINT('Ctrl Pts',(-18.0590399275742,-0.834594490179274,
0.811715616216883));
#10226=CARTESIAN_POINT('Ctrl Pts',(-18.0636409158578,-0.859721134350084,
0.768749123174295));
#10227=CARTESIAN_POINT('Ctrl Pts',(-18.0716321486431,-0.909116542609014,
0.75));
#10228=CARTESIAN_POINT('Ctrl Pts',(-18.0757148838964,-0.937300077929048,
0.75));
#10229=CARTESIAN_POINT('Ctrl Pts',(-18.0337026139037,-0.823777481115276,
0.83028096331687));
#10230=CARTESIAN_POINT('Ctrl Pts',(-18.0341909748251,-0.828263144914178,
0.809493066332796));
#10231=CARTESIAN_POINT('Ctrl Pts',(-18.0372182763752,-0.856036262252885,
0.764593958603228));
#10232=CARTESIAN_POINT('Ctrl Pts',(-18.0428018966718,-0.907792170540015,
0.748292778830798));
#10233=CARTESIAN_POINT('Ctrl Pts',(-18.0458350980045,-0.935750688274204,
0.75));
#10234=CARTESIAN_POINT('Ctrl Pts',(-17.995700049923,-0.795071454113224,
0.824997719460115));
#10235=CARTESIAN_POINT('Ctrl Pts',(-17.9956440799461,-0.800648669754251,
0.798598323721973));
#10236=CARTESIAN_POINT('Ctrl Pts',(-17.9952933859906,-0.835117314099392,
0.74183321061558));
#10237=CARTESIAN_POINT('Ctrl Pts',(-17.9945113304253,-0.89891462638996,
0.722266143437342));
#10238=CARTESIAN_POINT('Ctrl Pts',(-17.9940907016899,-0.933067528741675,
0.724898627617944));
#10239=CARTESIAN_POINT('Ctrl Pts',(-17.9843498924713,-0.750674403425358,
0.816451172128034));
#10240=CARTESIAN_POINT('Ctrl Pts',(-17.9840557821069,-0.75767383570599,
0.780973360968725));
#10241=CARTESIAN_POINT('Ctrl Pts',(-17.9822769524142,-0.800784601618133,
0.703782849896299));
#10242=CARTESIAN_POINT('Ctrl Pts',(-17.9783206885409,-0.884732192074722,
0.671655839490633));
#10243=CARTESIAN_POINT('Ctrl Pts',(-17.9758490558086,-0.932121624459826,
0.67243994752564));
#10244=CARTESIAN_POINT('Ctrl Pts',(-17.9851139681261,-0.731898595103979,
0.812792733627428));
#10245=CARTESIAN_POINT('Ctrl Pts',(-17.9848040965101,-0.739513142210536,
0.773431232433764));
#10246=CARTESIAN_POINT('Ctrl Pts',(-17.9829186424605,-0.786364404177006,
0.687498246348588));
#10247=CARTESIAN_POINT('Ctrl Pts',(-17.9786025414694,-0.87902099754868,
0.649999999999999));
#10248=CARTESIAN_POINT('Ctrl Pts',(-17.9758490558086,-0.932121624459826,
0.649999999999999));
#10249=CARTESIAN_POINT('Ctrl Pts',(-18.0582983701824,-0.830512342533422,
0.831396366813714));
#10250=CARTESIAN_POINT('Ctrl Pts',(-18.0590399275742,-0.834594490179274,
0.811715616216883));
#10251=CARTESIAN_POINT('Ctrl Pts',(-18.0636409158578,-0.859721134350084,
0.768749123174295));
#10252=CARTESIAN_POINT('Ctrl Pts',(-18.0716321486431,-0.909116542609014,
0.75));
#10253=CARTESIAN_POINT('Ctrl Pts',(-18.0757148838964,-0.937300077929048,
0.75));
#10254=CARTESIAN_POINT('Ctrl Pts',(-20.8851700021707,-0.787193737544826,
0.75));
#10255=CARTESIAN_POINT('Ctrl Pts',(-20.8936766908669,-0.763385673463551,
0.750000000000001));
#10256=CARTESIAN_POINT('Ctrl Pts',(-20.9079928142601,-0.723469328782624,
0.759232665473322));
#10257=CARTESIAN_POINT('Ctrl Pts',(-20.9234871781271,-0.680521895042417,
0.792026240157861));
#10258=CARTESIAN_POINT('Ctrl Pts',(-20.9284870464476,-0.666711699269902,
0.817812680282303));
#10259=CARTESIAN_POINT('Ctrl Pts',(-20.9296719230345,-0.663439340437382,
0.831396366819871));
#10260=CARTESIAN_POINT('Ctrl Pts',(-20.9150687019418,-0.788320664891749,
0.749999999999999));
#10261=CARTESIAN_POINT('Ctrl Pts',(-20.9221211118965,-0.764453893294548,
0.747655368987113));
#10262=CARTESIAN_POINT('Ctrl Pts',(-20.9336233091518,-0.722237515124696,
0.753824003830528));
#10263=CARTESIAN_POINT('Ctrl Pts',(-20.9454937795024,-0.674691201876786,
0.786786627248297));
#10264=CARTESIAN_POINT('Ctrl Pts',(-20.9492564194384,-0.659050746553787,
0.814762591410951));
#10265=CARTESIAN_POINT('Ctrl Pts',(-20.9501416012215,-0.655349478903944,
0.829603797121799));
#10266=CARTESIAN_POINT('Ctrl Pts',(-20.9668425647458,-0.790272100315234,
0.724895885625549));
#10267=CARTESIAN_POINT('Ctrl Pts',(-20.9697737425735,-0.761675552643747,
0.72128053445599));
#10268=CARTESIAN_POINT('Ctrl Pts',(-20.9744326366184,-0.710567060130589,
0.728024515600857));
#10269=CARTESIAN_POINT('Ctrl Pts',(-20.9791028551759,-0.652690132049439,
0.769611304684372));
#10270=CARTESIAN_POINT('Ctrl Pts',(-20.9805262206371,-0.633676841422529,
0.805075218728031));
#10271=CARTESIAN_POINT('Ctrl Pts',(-20.980866212741,-0.629168271018978,
0.824004247630873));
#10272=CARTESIAN_POINT('Ctrl Pts',(-20.9850990452433,-0.790960214757953,
0.672439947525641));
#10273=CARTESIAN_POINT('Ctrl Pts',(-20.9865068111942,-0.753089967584033,
0.671363084111871));
#10274=CARTESIAN_POINT('Ctrl Pts',(-20.9887518760362,-0.688893318399542,
0.686317873586418));
#10275=CARTESIAN_POINT('Ctrl Pts',(-20.9908686671532,-0.619319086698278,
0.744717144636215));
#10276=CARTESIAN_POINT('Ctrl Pts',(-20.9915228810535,-0.596895893732378,
0.791456602430396));
#10277=CARTESIAN_POINT('Ctrl Pts',(-20.9916720213006,-0.591581576336273,
0.816154476063157));
#10278=CARTESIAN_POINT('Ctrl Pts',(-20.9850990452433,-0.790960214757952,
0.65));
#10279=CARTESIAN_POINT('Ctrl Pts',(-20.9866740538892,-0.749173394364926,
0.650000000000003));
#10280=CARTESIAN_POINT('Ctrl Pts',(-20.9890729102919,-0.679434322454088,
0.668465330946644));
#10281=CARTESIAN_POINT('Ctrl Pts',(-20.9913049382619,-0.604900764481154,
0.734052480315722));
#10282=CARTESIAN_POINT('Ctrl Pts',(-20.9919613274523,-0.581026371913964,
0.785625360564606));
#10283=CARTESIAN_POINT('Ctrl Pts',(-20.9921163610498,-0.575370041055541,
0.812792733639742));
#10284=CARTESIAN_POINT('',(-20.9296719230345,-0.663439340437385,0.831396366819872));
#10285=CARTESIAN_POINT('Ctrl Pts',(-20.8851700021707,-0.787193737544826,
0.75));
#10286=CARTESIAN_POINT('Ctrl Pts',(-20.8936766908669,-0.763385673463551,
0.750000000000001));
#10287=CARTESIAN_POINT('Ctrl Pts',(-20.9079928142601,-0.723469328782624,
0.759232665473322));
#10288=CARTESIAN_POINT('Ctrl Pts',(-20.9234871781271,-0.680521895042417,
0.792026240157861));
#10289=CARTESIAN_POINT('Ctrl Pts',(-20.9284870464476,-0.666711699269902,
0.817812680282303));
#10290=CARTESIAN_POINT('Ctrl Pts',(-20.9296719230345,-0.663439340437382,
0.831396366819871));
#10291=CARTESIAN_POINT('Origin',(-20.8921539021877,-0.57263018371718,0.812792733639745));
#10292=CARTESIAN_POINT('Origin',(-19.2529915713887,3.39482187338849,0.85));
#10293=CARTESIAN_POINT('Origin',(-19.2529915713887,3.39482187338849,0.831396366819873));
#10294=CARTESIAN_POINT('Ctrl Pts',(-19.5181507018896,7.74866396085975,0.64999999996726));
#10295=CARTESIAN_POINT('Ctrl Pts',(-19.5520298854796,7.66332550582978,1.20513888282474));
#10296=CARTESIAN_POINT('Ctrl Pts',(-19.7860714376468,7.0802638110601,2.81847542388244));
#10297=CARTESIAN_POINT('Ctrl Pts',(-20.5849026302519,4.6686726298746,4.49890355101872));
#10298=CARTESIAN_POINT('Ctrl Pts',(-21.0525477698246,1.09325095737208,3.88399031601942));
#10299=CARTESIAN_POINT('Ctrl Pts',(-20.9984037950538,-0.345975848091312,
1.91457368979598));
#10300=CARTESIAN_POINT('Ctrl Pts',(-20.9921163610498,-0.57537004105554,
0.812792733639745));
#10301=CARTESIAN_POINT('Ctrl Pts',(-19.510120429466,7.7688914566104,0.65358239516969));
#10302=CARTESIAN_POINT('Ctrl Pts',(-19.5442451951402,7.68319647773031,1.2117914216606));
#10303=CARTESIAN_POINT('Ctrl Pts',(-19.779920646681,7.0978343977869,2.83407711127473));
#10304=CARTESIAN_POINT('Ctrl Pts',(-20.5848117363102,4.6744668241775,4.52507096687216));
#10305=CARTESIAN_POINT('Ctrl Pts',(-21.0541575486318,1.07926829925612,3.90609832394112));
#10306=CARTESIAN_POINT('Ctrl Pts',(-20.9980803562092,-0.366541221478803,
1.92516050839357));
#10307=CARTESIAN_POINT('Ctrl Pts',(-20.9915239080508,-0.59698542142985,
0.817275056870964));
#10308=CARTESIAN_POINT('Ctrl Pts',(-19.4837893031968,7.79928666500792,0.659831925687138));
#10309=CARTESIAN_POINT('Ctrl Pts',(-19.5182216189628,7.7129840338406,1.22338371879704));
#10310=CARTESIAN_POINT('Ctrl Pts',(-19.7559782132329,7.12361900365386,2.86127975102801));
#10311=CARTESIAN_POINT('Ctrl Pts',(-20.568698716056,4.68085079885552,4.57057149221778));
#10312=CARTESIAN_POINT('Ctrl Pts',(-21.0416045756005,1.05430660991719,3.94459830209007));
#10313=CARTESIAN_POINT('Ctrl Pts',(-20.9839597786425,-0.402190891609614,
1.94360223580911));
#10314=CARTESIAN_POINT('Ctrl Pts',(-20.9772038530992,-0.634328953427963,
0.825094401235445));
#10315=CARTESIAN_POINT('Ctrl Pts',(-19.4456483308568,7.8100781721227,0.663799539866891));
#10316=CARTESIAN_POINT('Ctrl Pts',(-19.4801442491682,7.72333906723671,1.23073572798897));
#10317=CARTESIAN_POINT('Ctrl Pts',(-19.7183975259054,7.13084463052578,2.87840342719846));
#10318=CARTESIAN_POINT('Ctrl Pts',(-20.5321786609805,4.67789669602106,4.59618022358976));
#10319=CARTESIAN_POINT('Ctrl Pts',(-21.007630866631,1.03904837369965,3.96735676804283));
#10320=CARTESIAN_POINT('Ctrl Pts',(-20.9515563330912,-0.424157807505827,
1.95526155697618));
#10321=CARTESIAN_POINT('Ctrl Pts',(-20.9450241816748,-0.657371944287306,
0.830051939546319));
#10322=CARTESIAN_POINT('Ctrl Pts',(-19.4291488885224,7.81057406843129,0.66487754631579));
#10323=CARTESIAN_POINT('Ctrl Pts',(-19.4636384948788,7.72369801626119,1.23272274372711));
#10324=CARTESIAN_POINT('Ctrl Pts',(-19.7018969223241,7.13013092865209,2.88298619119493));
#10325=CARTESIAN_POINT('Ctrl Pts',(-20.5151211638397,4.67508857762694,4.6018768527129));
#10326=CARTESIAN_POINT('Ctrl Pts',(-20.9911921628793,1.03524626220937,3.97288915593747));
#10327=CARTESIAN_POINT('Ctrl Pts',(-20.9360726417299,-0.429912006617246,
1.95839547257913));
#10328=CARTESIAN_POINT('Ctrl Pts',(-20.9296719230345,-0.663439340437386,
0.831396366819873));
#10329=CARTESIAN_POINT('Ctrl Pts',(-20.9296719230345,-0.663439340437386,
0.831396366819873));
#10330=CARTESIAN_POINT('Ctrl Pts',(-20.9360726417299,-0.429912006617246,
1.95839547257913));
#10331=CARTESIAN_POINT('Ctrl Pts',(-20.9911921628793,1.03524626220937,3.97288915593747));
#10332=CARTESIAN_POINT('Ctrl Pts',(-20.5151211638397,4.67508857762694,4.6018768527129));
#10333=CARTESIAN_POINT('Ctrl Pts',(-19.7162470865078,7.08680922349793,2.91331775529174));
#10334=CARTESIAN_POINT('Ctrl Pts',(-19.4778688217442,7.68802369095825,1.3292559598657));
#10335=CARTESIAN_POINT('Ctrl Pts',(-19.4393154184826,7.78499616280285,0.814730851912366));
#10336=CARTESIAN_POINT('Origin',(-19.2529915713887,3.39482187338849,0.));
#10337=CARTESIAN_POINT('Ctrl Pts',(-8.3336751106005,15.9546187403823,0.650000000000002));
#10338=CARTESIAN_POINT('Ctrl Pts',(-8.33354155254428,15.9546885025914,0.650385595585102));
#10339=CARTESIAN_POINT('Ctrl Pts',(-8.33340789918606,15.9547603199828,0.650774017836814));
#10340=CARTESIAN_POINT('Ctrl Pts',(-8.30793866620528,15.9679995773398,0.724211086445663));
#10341=CARTESIAN_POINT('Ctrl Pts',(-8.2928473446254,16.0063554318069,0.805979100867167));
#10342=CARTESIAN_POINT('Ctrl Pts',(-8.30905337634573,16.0546475024726,0.826445439481784));
#10343=CARTESIAN_POINT('Ctrl Pts',(-8.3336751106005,15.9546187403823,0.650000000000002));
#10344=CARTESIAN_POINT('Ctrl Pts',(-8.3333781007888,15.9547024066163,0.650403831588763));
#10345=CARTESIAN_POINT('Ctrl Pts',(-8.33338474289744,15.9548431728213,0.650581660271906));
#10346=CARTESIAN_POINT('Ctrl Pts',(-8.29273838324778,15.9731648801708,0.714916969696985));
#10347=CARTESIAN_POINT('Ctrl Pts',(-8.28534910714105,16.0364828790173,0.778103329677457));
#10348=CARTESIAN_POINT('Ctrl Pts',(-8.30370682446469,16.0663166323486,0.783674854816302));
#10349=CARTESIAN_POINT('Ctrl Pts',(-8.3336751106005,15.9546187403823,0.650000000000001));
#10350=CARTESIAN_POINT('Ctrl Pts',(-8.33333675248204,15.9547238153652,0.65036509305218));
#10351=CARTESIAN_POINT('Ctrl Pts',(-8.3332414459694,15.9549181765187,0.650442874742466));
#10352=CARTESIAN_POINT('Ctrl Pts',(-8.28185258756317,15.9788495212491,0.704443568009193));
#10353=CARTESIAN_POINT('Ctrl Pts',(-8.25608775360746,16.0516398598031,0.750899058520318));
#10354=CARTESIAN_POINT('Ctrl Pts',(-8.26659190687565,16.0855250818354,0.749229117184855));
#10355=CARTESIAN_POINT('Ctrl Pts',(-8.3336751106005,15.9546187403823,0.650000000000001));
#10356=CARTESIAN_POINT('Ctrl Pts',(-8.3333577416266,15.9547845136898,0.650208649115459));
#10357=CARTESIAN_POINT('Ctrl Pts',(-8.33303884753692,15.9549530510412,0.650419012975254));
#10358=CARTESIAN_POINT('Ctrl Pts',(-8.27257202664137,15.9864793111265,0.690124254962163));
#10359=CARTESIAN_POINT('Ctrl Pts',(-8.21754488524247,16.0453725201847,0.735910287848483));
#10360=CARTESIAN_POINT('Ctrl Pts',(-8.22395725463172,16.0986881379273,0.747469144438607));
#10361=CARTESIAN_POINT('',(-8.22395725463172,16.0986881379273,0.747469144438607));
#10362=CARTESIAN_POINT('',(-8.30905337634573,16.0546475024726,0.82644543948178));
#10363=CARTESIAN_POINT('Origin',(-8.21378722299988,16.0787799401431,0.844938288877214));
#10364=CARTESIAN_POINT('Ctrl Pts',(-8.30905337634573,16.0546475024726,0.826445439481784));
#10365=CARTESIAN_POINT('Ctrl Pts',(-8.2928473446254,16.0063554318069,0.805979100867167));
#10366=CARTESIAN_POINT('Ctrl Pts',(-8.30793866620528,15.9679995773398,0.724211086445663));
#10367=CARTESIAN_POINT('Ctrl Pts',(-8.33340789918606,15.9547603199828,0.650774017836814));
#10368=CARTESIAN_POINT('Ctrl Pts',(-8.33354155254428,15.9546885025914,0.650385595585102));
#10369=CARTESIAN_POINT('Ctrl Pts',(-8.3336751106005,15.9546187403823,0.650000000000002));
#10370=CARTESIAN_POINT('Ctrl Pts',(-8.3336751106005,15.9546187403823,0.650000000000001));
#10371=CARTESIAN_POINT('Ctrl Pts',(-8.3333577416266,15.9547845136898,0.650208649115459));
#10372=CARTESIAN_POINT('Ctrl Pts',(-8.33303884753692,15.9549530510412,0.650419012975254));
#10373=CARTESIAN_POINT('Ctrl Pts',(-8.27257202664137,15.9864793111265,0.690124254962163));
#10374=CARTESIAN_POINT('Ctrl Pts',(-8.21754488524247,16.0453725201847,0.735910287848483));
#10375=CARTESIAN_POINT('Ctrl Pts',(-8.22395725463172,16.0986881379273,0.747469144438607));
#10376=CARTESIAN_POINT('Ctrl Pts',(-8.22613176349251,16.1226783199833,0.75));
#10377=CARTESIAN_POINT('Ctrl Pts',(-8.22562125290955,16.114531549601,0.75));
#10378=CARTESIAN_POINT('Ctrl Pts',(-8.22489270489007,16.1064659350821,0.749155375335037));
#10379=CARTESIAN_POINT('Ctrl Pts',(-8.22395725463172,16.0986881379273,0.747469144438607));
#10380=CARTESIAN_POINT('Ctrl Pts',(-8.25161337295112,16.1159473424149,0.75));
#10381=CARTESIAN_POINT('Ctrl Pts',(-8.2507429559123,16.107625008043,0.750428090760828));
#10382=CARTESIAN_POINT('Ctrl Pts',(-8.24963041831489,16.0992616907049,0.749908395200022));
#10383=CARTESIAN_POINT('Ctrl Pts',(-8.24831991305682,16.0911663915891,0.748474843150749));
#10384=CARTESIAN_POINT('Ctrl Pts',(-8.29592308344764,16.1042429142509,0.769213699722988));
#10385=CARTESIAN_POINT('Ctrl Pts',(-8.29377834531512,16.0942892736856,0.769893859707531));
#10386=CARTESIAN_POINT('Ctrl Pts',(-8.29141309881478,16.0842840608885,0.769416904803574));
#10387=CARTESIAN_POINT('Ctrl Pts',(-8.28889065818794,16.0745021536339,0.767726037973454));
#10388=CARTESIAN_POINT('Ctrl Pts',(-8.31757235761772,16.0985242496176,0.811974725174065));
#10389=CARTESIAN_POINT('Ctrl Pts',(-8.31415456190376,16.0854306551678,0.812196616641371));
#10390=CARTESIAN_POINT('Ctrl Pts',(-8.31052704406976,16.0723589637908,0.810914560761452));
#10391=CARTESIAN_POINT('Ctrl Pts',(-8.30676199696814,16.0596485581337,0.808115188910863));
#10392=CARTESIAN_POINT('Ctrl Pts',(-8.32112773648177,16.0975850948354,0.831396366819873));
#10393=CARTESIAN_POINT('Ctrl Pts',(-8.31729936293381,16.0830919371001,0.831396366819873));
#10394=CARTESIAN_POINT('Ctrl Pts',(-8.31324263241726,16.0686573956573,0.829744089460399));
#10395=CARTESIAN_POINT('Ctrl Pts',(-8.30905337634574,16.0546475024726,0.826445439481784));
#10396=CARTESIAN_POINT('',(-8.22613176349251,16.1226783199833,0.75));
#10397=CARTESIAN_POINT('Origin',(-8.20065232844796,16.1356111611798,0.651052354021729));
#10398=CARTESIAN_POINT('',(-8.32112773648177,16.0975850948354,0.831396366819873));
#10399=CARTESIAN_POINT('Origin',(-8.22613176349251,16.1226783199833,0.85));
#10400=CARTESIAN_POINT('Origin',(-8.29564530912583,16.1104942566552,0.636306189285151));
#10401=CARTESIAN_POINT('Origin',(-12.5664977693718,14.976168862976,0.85));
#10402=CARTESIAN_POINT('',(-9.76085522667151,18.4806846530089,0.75));
#10403=CARTESIAN_POINT('',(-9.82226127925851,18.4039826221481,0.831396366819873));
#10404=CARTESIAN_POINT('Origin',(-9.7608552266715,18.4806846530089,0.85));
#10405=CARTESIAN_POINT('Origin',(-12.5664977693718,14.976168862976,0.831396366819873));
#10406=CARTESIAN_POINT('Origin',(-12.5664977693718,14.976168862976,0.75));
#10407=CARTESIAN_POINT('Ctrl Pts',(-9.80840364262491,18.5012212216726,0.741479941521735));
#10408=CARTESIAN_POINT('Ctrl Pts',(-9.79402870491041,18.4942297865137,0.747180154212905));
#10409=CARTESIAN_POINT('Ctrl Pts',(-9.7777151699111,18.4872162834658,0.75));
#10410=CARTESIAN_POINT('Ctrl Pts',(-9.76085522667151,18.4806846530089,0.75));
#10411=CARTESIAN_POINT('Ctrl Pts',(-9.82488754480183,18.4847667661886,0.744489747587564));
#10412=CARTESIAN_POINT('Ctrl Pts',(-9.81027128288622,18.4762252480392,0.749678219293082));
#10413=CARTESIAN_POINT('Ctrl Pts',(-9.79387061437393,18.4677193753326,0.751466883837031));
#10414=CARTESIAN_POINT('Ctrl Pts',(-9.77732671489547,18.4601101893388,0.750000000000001));
#10415=CARTESIAN_POINT('Ctrl Pts',(-9.85647532269334,18.4614768076795,0.763551076497493));
#10416=CARTESIAN_POINT('Ctrl Pts',(-9.84069677958322,18.448931033179,0.769816267492941));
#10417=CARTESIAN_POINT('Ctrl Pts',(-9.82327786159404,18.436136913715,0.771546254971115));
#10418=CARTESIAN_POINT('Ctrl Pts',(-9.80596764175216,18.4243349332672,0.769215637776784));
#10419=CARTESIAN_POINT('Ctrl Pts',(-9.88003212136276,18.4571350432205,0.798779073359564));
#10420=CARTESIAN_POINT('Ctrl Pts',(-9.86147035932452,18.4405967417054,0.808413265963591));
#10421=CARTESIAN_POINT('Ctrl Pts',(-9.8408290651557,18.4233847135103,0.812735052274648));
#10422=CARTESIAN_POINT('Ctrl Pts',(-9.81996305782214,18.4068533204605,0.811974725174066));
#10423=CARTESIAN_POINT('Ctrl Pts',(-9.88727387522952,18.4589747224556,0.814729200551823));
#10424=CARTESIAN_POINT('Ctrl Pts',(-9.86728308997749,18.4409878570308,0.825880109073093));
#10425=CARTESIAN_POINT('Ctrl Pts',(-9.84498741600732,18.4221766951424,0.831396366819874));
#10426=CARTESIAN_POINT('Ctrl Pts',(-9.82226127925851,18.4039826221481,0.831396366819874));
#10427=CARTESIAN_POINT('',(-9.80840364262491,18.5012212216726,0.741479941521735));
#10428=CARTESIAN_POINT('Origin',(-9.73340391110373,18.4948597648254,0.650544788882186));
#10429=CARTESIAN_POINT('',(-9.88727387522805,18.4589747224552,0.814729200548592));
#10430=CARTESIAN_POINT('Origin',(-9.82732256858055,18.5369072769304,0.832959883043474));
#10431=CARTESIAN_POINT('Origin',(-9.79596375761929,18.417576245475,0.636404660972152));
#10432=CARTESIAN_POINT('Ctrl Pts',(-9.88727387522897,18.4589747224552,0.814729200551587));
#10433=CARTESIAN_POINT('Ctrl Pts',(-9.91645809721382,18.4887136062662,0.783573211661933));
#10434=CARTESIAN_POINT('Ctrl Pts',(-9.94875005195661,18.4937759393335,0.714932437860308));
#10435=CARTESIAN_POINT('Ctrl Pts',(-9.97080066147341,18.4819668059327,0.65065630721389));
#10436=CARTESIAN_POINT('Ctrl Pts',(-9.97091358442658,18.4819068904733,0.650327497141289));
#10437=CARTESIAN_POINT('Ctrl Pts',(-9.9710256994808,18.4818464039796,0.65));
#10438=CARTESIAN_POINT('Ctrl Pts',(-9.87761820340661,18.4565218168086,0.793462364295365));
#10439=CARTESIAN_POINT('Ctrl Pts',(-9.90224895672982,18.485003250985,0.770205862730782));
#10440=CARTESIAN_POINT('Ctrl Pts',(-9.94277941427072,18.4973689744791,0.709534769152098));
#10441=CARTESIAN_POINT('Ctrl Pts',(-9.97074221436627,18.4819965955132,0.650598514324784));
#10442=CARTESIAN_POINT('Ctrl Pts',(-9.97088423642313,18.4819227238317,0.650299077764549));
#10443=CARTESIAN_POINT('Ctrl Pts',(-9.9710256994808,18.4818464039796,0.65));
#10444=CARTESIAN_POINT('Ctrl Pts',(-9.85173494314764,18.4640159736954,0.7591485408664));
#10445=CARTESIAN_POINT('Ctrl Pts',(-9.87791918290407,18.4888920150617,0.747447622244864));
#10446=CARTESIAN_POINT('Ctrl Pts',(-9.93268081054204,18.5031478671494,0.699968135761213));
#10447=CARTESIAN_POINT('Ctrl Pts',(-9.97063885149083,18.4820508617018,0.650497805524443));
#10448=CARTESIAN_POINT('Ctrl Pts',(-9.97083287741711,18.4819504322087,0.650249343855253));
#10449=CARTESIAN_POINT('Ctrl Pts',(-9.9710256994808,18.4818464039796,0.650000000000001));
#10450=CARTESIAN_POINT('Ctrl Pts',(-9.82076656925783,18.4888803800597,0.743737296071031));
#10451=CARTESIAN_POINT('Ctrl Pts',(-9.85940839052634,18.5108253800023,0.729867027551679));
#10452=CARTESIAN_POINT('Ctrl Pts',(-9.92257686014315,18.5081655066844,0.689844881910111));
#10453=CARTESIAN_POINT('Ctrl Pts',(-9.9705358020599,18.4821084193516,0.650399101472893));
#10454=CARTESIAN_POINT('Ctrl Pts',(-9.97078151841108,18.4819781405858,0.650199609945957));
#10455=CARTESIAN_POINT('Ctrl Pts',(-9.9710256994808,18.4818464039796,0.65));
#10456=CARTESIAN_POINT('Ctrl Pts',(-9.80840364262537,18.5012212216728,0.741479941521552));
#10457=CARTESIAN_POINT('Ctrl Pts',(-9.85285394517274,18.5228401959047,0.723853696195481));
#10458=CARTESIAN_POINT('Ctrl Pts',(-9.91821349108783,18.510253420531,0.685333500473927));
#10459=CARTESIAN_POINT('Ctrl Pts',(-9.97049181135608,18.4821334126948,0.650357418664992));
#10460=CARTESIAN_POINT('Ctrl Pts',(-9.9707595074085,18.4819900156045,0.650178295413401));
#10461=CARTESIAN_POINT('Ctrl Pts',(-9.9710256994808,18.4818464039796,0.65));
#10462=CARTESIAN_POINT('Ctrl Pts',(-9.80840364262537,18.5012212216728,0.741479941521552));
#10463=CARTESIAN_POINT('Ctrl Pts',(-9.85285394517274,18.5228401959047,0.723853696195481));
#10464=CARTESIAN_POINT('Ctrl Pts',(-9.91821349108783,18.510253420531,0.685333500473927));
#10465=CARTESIAN_POINT('Ctrl Pts',(-9.97049181135608,18.4821334126948,0.650357418664992));
#10466=CARTESIAN_POINT('Ctrl Pts',(-9.9707595074085,18.4819900156045,0.650178295413401));
#10467=CARTESIAN_POINT('Ctrl Pts',(-9.9710256994808,18.4818464039796,0.65));
#10468=CARTESIAN_POINT('Ctrl Pts',(-9.9710256994808,18.4818464039796,0.65));
#10469=CARTESIAN_POINT('Ctrl Pts',(-9.97091358442658,18.4819068904733,0.650327497141289));
#10470=CARTESIAN_POINT('Ctrl Pts',(-9.97080066147341,18.4819668059327,0.65065630721389));
#10471=CARTESIAN_POINT('Ctrl Pts',(-9.94875005195661,18.4937759393335,0.714932437860308));
#10472=CARTESIAN_POINT('Ctrl Pts',(-9.91645809721382,18.4887136062662,0.783573211661933));
#10473=CARTESIAN_POINT('Ctrl Pts',(-9.88727387522897,18.4589747224552,0.814729200551587));
#10474=CARTESIAN_POINT('Origin',(0.,0.,0.65));
#10475=CARTESIAN_POINT('',(-4.40190620699778,20.4311825831202,0.75));
#10476=CARTESIAN_POINT('Origin',(0.,0.,0.75));
#10477=CARTESIAN_POINT('Origin',(-4.4019062069978,20.4311825831202,0.65));
#10478=CARTESIAN_POINT('Origin',(-9.19216697549299E-16,0.,0.75));
#10479=CARTESIAN_POINT('',(-4.06187533325909,17.6383437084399,0.75));
#10480=CARTESIAN_POINT('Origin',(0.,0.,0.75));
#10481=CARTESIAN_POINT('Origin',(-6.93889390390723E-16,19.55,0.75));
#10482=CARTESIAN_POINT('',(-7.37416226043997,18.067490997831,0.75));
#10483=CARTESIAN_POINT('Origin',(-6.66939279485054,18.3240061053252,0.750000000000002));
#10484=CARTESIAN_POINT('Origin',(0.,0.,0.65));
#10485=CARTESIAN_POINT('Origin',(-4.06187533325909,17.6383437084399,0.65));
#10486=CARTESIAN_POINT('Ctrl Pts',(-14.2478519626236,10.9999415658067,0.812792733633719));
#10487=CARTESIAN_POINT('Ctrl Pts',(-14.1234984113485,11.1610125114108,1.86380693508134));
#10488=CARTESIAN_POINT('Ctrl Pts',(-13.3889988904896,12.1552913016237,3.82066608320315));
#10489=CARTESIAN_POINT('Ctrl Pts',(-10.8672156797935,14.4892321786199,4.48783754539945));
#10490=CARTESIAN_POINT('Ctrl Pts',(-8.87480654256376,15.6729752784561,2.72032157627751));
#10491=CARTESIAN_POINT('Ctrl Pts',(-8.40577072905307,15.9169605881658,1.17909948129594));
#10492=CARTESIAN_POINT('Ctrl Pts',(-8.3336751105933,15.954618740386,0.649999999947162));
#10493=CARTESIAN_POINT('Ctrl Pts',(-14.2631633506789,10.9801092431486,0.817670651632868));
#10494=CARTESIAN_POINT('Ctrl Pts',(-14.1381581966011,11.1424978680727,1.87497879746739));
#10495=CARTESIAN_POINT('Ctrl Pts',(-13.3998758764262,12.144888461139,3.84275975343461));
#10496=CARTESIAN_POINT('Ctrl Pts',(-10.8633166885152,14.4939297523787,4.51315114282452));
#10497=CARTESIAN_POINT('Ctrl Pts',(-8.85672745287631,15.6834212542581,2.73658251145105));
#10498=CARTESIAN_POINT('Ctrl Pts',(-8.38395114291719,15.9284893364965,1.18617961977626));
#10499=CARTESIAN_POINT('Ctrl Pts',(-8.31128986103479,15.9663113668365,0.653904016902894));
#10500=CARTESIAN_POINT('Ctrl Pts',(-14.3040314178817,10.9565793846746,0.826158981369201));
#10501=CARTESIAN_POINT('Ctrl Pts',(-14.1775182477036,11.1212049668622,1.89437616374352));
#10502=CARTESIAN_POINT('Ctrl Pts',(-13.4303143919438,12.1373734207154,3.8812155188684));
#10503=CARTESIAN_POINT('Ctrl Pts',(-10.865253500348,14.5136804811539,4.55724218083705));
#10504=CARTESIAN_POINT('Ctrl Pts',(-8.83371756369108,15.716402389213,2.76483892705926));
#10505=CARTESIAN_POINT('Ctrl Pts',(-8.35432616942629,15.9643647234169,1.19847732215903));
#10506=CARTESIAN_POINT('Ctrl Pts',(-8.28067685476389,16.0026240803376,0.660697430916096));
#10507=CARTESIAN_POINT('Ctrl Pts',(-14.349924266214,10.9634530962697,0.830559814191348));
#10508=CARTESIAN_POINT('Ctrl Pts',(-14.2222927380263,11.1290216301145,1.90452363043658));
#10509=CARTESIAN_POINT('Ctrl Pts',(-13.4684484226695,12.1510069120508,3.90311855583611));
#10510=CARTESIAN_POINT('Ctrl Pts',(-10.8814856873259,14.5460810025028,4.58386722976029));
#10511=CARTESIAN_POINT('Ctrl Pts',(-8.83558276759004,15.7601614869972,2.77970205862779));
#10512=CARTESIAN_POINT('Ctrl Pts',(-8.35341872697598,16.0105097300236,1.20487467786777));
#10513=CARTESIAN_POINT('Ctrl Pts',(-8.27932199361119,16.0491432655091,0.66421242423697));
#10514=CARTESIAN_POINT('Ctrl Pts',(-14.3673021621347,10.9714410794363,0.831396366813708));
#10515=CARTESIAN_POINT('Ctrl Pts',(-14.2393956748412,11.1371140227982,1.90646674133177));
#10516=CARTESIAN_POINT('Ctrl Pts',(-13.4839105868118,12.15980059783,3.90811552433849));
#10517=CARTESIAN_POINT('Ctrl Pts',(-10.8900768853332,14.5604250759112,4.59055756246055));
#10518=CARTESIAN_POINT('Ctrl Pts',(-8.84074213468524,15.7779891921384,2.78258574602522));
#10519=CARTESIAN_POINT('Ctrl Pts',(-8.3583053831341,16.0289454663759,1.20608733850116));
#10520=CARTESIAN_POINT('Ctrl Pts',(-8.28414990295772,16.0676795589616,0.664877546295232));
#10521=CARTESIAN_POINT('',(-14.3673021621344,10.9714410794375,0.831396366819873));
#10522=CARTESIAN_POINT('Ctrl Pts',(-8.30894841112041,16.054726525953,0.826470334026998));
#10523=CARTESIAN_POINT('Ctrl Pts',(-8.39124351784949,16.0117108531684,1.31047329016386));
#10524=CARTESIAN_POINT('Ctrl Pts',(-8.88166278641373,15.7536771478804,2.81868691739895));
#10525=CARTESIAN_POINT('Ctrl Pts',(-10.8900768853332,14.5604250759112,4.59055756246055));
#10526=CARTESIAN_POINT('Ctrl Pts',(-13.4839105868118,12.15980059783,3.90811552433849));
#10527=CARTESIAN_POINT('Ctrl Pts',(-14.2393956748412,11.1371140227982,1.90646674133177));
#10528=CARTESIAN_POINT('Ctrl Pts',(-14.3673021621347,10.9714410794363,0.831396366813708));
#10529=CARTESIAN_POINT('Origin',(-14.3270066957493,11.0610523522835,0.81279273363372));
#10530=CARTESIAN_POINT('Ctrl Pts',(-8.56240859425356,15.833040108111,0.0999999999999994));
#10531=CARTESIAN_POINT('Ctrl Pts',(-8.5747285600143,15.8263775480474,0.653449709983823));
#10532=CARTESIAN_POINT('Ctrl Pts',(-8.80753821870855,15.7030169067517,1.75434334845495));
#10533=CARTESIAN_POINT('Ctrl Pts',(-9.70878133674514,15.1760361523092,3.09306939566108));
#10534=CARTESIAN_POINT('Ctrl Pts',(-10.9625290847859,14.3096853099898,3.84575320145171));
#10535=CARTESIAN_POINT('Ctrl Pts',(-12.2620413874847,13.2123494427988,3.82097513404997));
#10536=CARTESIAN_POINT('Ctrl Pts',(-13.3126279123311,12.1375919595067,3.02677193711786));
#10537=CARTESIAN_POINT('Ctrl Pts',(-13.9619157201214,11.3667387732143,1.66079457695305));
#10538=CARTESIAN_POINT('Ctrl Pts',(-14.1064398746915,11.1807134862546,0.553643367225503));
#10539=CARTESIAN_POINT('Ctrl Pts',(-14.1064398746915,11.1807134862546,3.44982543896523E-16));
#10540=CARTESIAN_POINT('Ctrl Pts',(-8.589258153359,15.8185200352718,0.0992232326699379));
#10541=CARTESIAN_POINT('Ctrl Pts',(-8.60148115227371,15.8118820798519,0.648348488182363));
#10542=CARTESIAN_POINT('Ctrl Pts',(-8.83257014518435,15.688922554094,1.74068939583261));
#10543=CARTESIAN_POINT('Ctrl Pts',(-9.72621761179703,15.1645523477186,3.06780467916256));
#10544=CARTESIAN_POINT('Ctrl Pts',(-10.9681778146255,14.3046753866971,3.81298021102962));
#10545=CARTESIAN_POINT('Ctrl Pts',(-12.2554507733601,13.2177520319701,3.78847822109838));
#10546=CARTESIAN_POINT('Ctrl Pts',(-13.2979105306166,12.1533398063426,3.00212521908536));
#10547=CARTESIAN_POINT('Ctrl Pts',(-13.9435619666129,11.3892145342057,1.64788903203089));
#10548=CARTESIAN_POINT('Ctrl Pts',(-14.0874742880765,11.2046419151156,0.549318152368684));
#10549=CARTESIAN_POINT('Ctrl Pts',(-14.0874742880765,11.2046419151156,3.42302985327911E-16));
#10550=CARTESIAN_POINT('Ctrl Pts',(-8.63729151497964,15.8168687350237,0.0981280654381177));
#10551=CARTESIAN_POINT('Ctrl Pts',(-8.64940283327358,15.810275903256,0.641215908385351));
#10552=CARTESIAN_POINT('Ctrl Pts',(-8.87834707143709,15.6881317839028,1.7214228267571));
#10553=CARTESIAN_POINT('Ctrl Pts',(-9.76309309210238,15.167930007626,3.03234954448073));
#10554=CARTESIAN_POINT('Ctrl Pts',(-10.9908432270355,14.3169340487777,3.76713149265333));
#10555=CARTESIAN_POINT('Ctrl Pts',(-12.2627994529801,13.2429644783609,3.74297184943736));
#10556=CARTESIAN_POINT('Ctrl Pts',(-13.294372207264,12.1908623375068,2.96755378244792));
#10557=CARTESIAN_POINT('Ctrl Pts',(-13.9346312487545,11.4344810083872,1.62968050631944));
#10558=CARTESIAN_POINT('Ctrl Pts',(-14.0775014290989,11.2516681078911,0.543279615268212));
#10559=CARTESIAN_POINT('Ctrl Pts',(-14.0775014290989,11.2516681078911,3.38525057976838E-16));
#10560=CARTESIAN_POINT('Ctrl Pts',(-8.68809819771827,15.8532408077626,0.0974310976611911));
#10561=CARTESIAN_POINT('Ctrl Pts',(-8.70015658576651,15.8466954893564,0.636656177127548));
#10562=CARTESIAN_POINT('Ctrl Pts',(-8.9281072038193,15.7254497072098,1.70921228768097));
#10563=CARTESIAN_POINT('Ctrl Pts',(-9.80922295775951,15.2086416587696,3.0113362718103));
#10564=CARTESIAN_POINT('Ctrl Pts',(-11.0324633503799,14.3619344204845,3.74164007246539));
#10565=CARTESIAN_POINT('Ctrl Pts',(-12.2995738602751,13.2920150092824,3.7176258490768));
#10566=CARTESIAN_POINT('Ctrl Pts',(-13.3261602983266,12.2435726207322,2.94694817217106));
#10567=CARTESIAN_POINT('Ctrl Pts',(-13.962570997154,11.4900986907049,1.61811111958041));
#10568=CARTESIAN_POINT('Ctrl Pts',(-14.1044933744229,11.3080228061192,0.539415166063777));
#10569=CARTESIAN_POINT('Ctrl Pts',(-14.1044933744229,11.3080228061192,3.36120570630492E-16));
#10570=CARTESIAN_POINT('Ctrl Pts',(-8.70315785074942,15.8808113023801,0.0974277467160175));
#10571=CARTESIAN_POINT('Ctrl Pts',(-8.71522565954618,15.8742768504658,0.636629604853754));
#10572=CARTESIAN_POINT('Ctrl Pts',(-8.94332239070561,15.7532556353254,1.70919080416526));
#10573=CARTESIAN_POINT('Ctrl Pts',(-9.82568843004053,15.2367728240974,3.01250722904251));
#10574=CARTESIAN_POINT('Ctrl Pts',(-11.0520791285391,14.3888445985706,3.74450971046183));
#10575=CARTESIAN_POINT('Ctrl Pts',(-12.3228328184053,13.3158124448686,3.72042958287315));
#10576=CARTESIAN_POINT('Ctrl Pts',(-13.3510339319459,12.264545800861,2.94800115342162));
#10577=CARTESIAN_POINT('Ctrl Pts',(-13.9872876664968,11.5098771731906,1.61806731679185));
#10578=CARTESIAN_POINT('Ctrl Pts',(-14.1290291182632,11.3276402285537,0.539391145425169));
#10579=CARTESIAN_POINT('Ctrl Pts',(-14.1290291182632,11.3276402285537,3.36108845633799E-16));
#10580=CARTESIAN_POINT('Ctrl Pts',(-8.70721322119264,15.8977811771379,0.0975423937085271));
#10581=CARTESIAN_POINT('Ctrl Pts',(-8.71929717286367,15.8912462520108,0.637390488799645));
#10582=CARTESIAN_POINT('Ctrl Pts',(-8.94764688737133,15.7702488355835,1.7112284959493));
#10583=CARTESIAN_POINT('Ctrl Pts',(-9.83162485400685,15.2533634730821,3.01705392759371));
#10584=CARTESIAN_POINT('Ctrl Pts',(-11.0613545049821,14.4036093494058,3.75123972881834));
#10585=CARTESIAN_POINT('Ctrl Pts',(-12.3359719971635,13.3272951904595,3.72707060875998));
#10586=CARTESIAN_POINT('Ctrl Pts',(-13.3664323928352,12.2731268803851,2.95238579956274));
#10587=CARTESIAN_POINT('Ctrl Pts',(-14.0032817674435,11.5170409602198,1.61997878494143));
#10588=CARTESIAN_POINT('Ctrl Pts',(-14.1450372668529,11.3345793673173,0.540036993000251));
#10589=CARTESIAN_POINT('Ctrl Pts',(-14.1450372668529,11.3345793673173,3.36504231193242E-16));
#10590=CARTESIAN_POINT('',(-8.70721322119264,15.8977811771379,0.0975423937085271));
#10591=CARTESIAN_POINT('Ctrl Pts',(-14.1450372668529,11.3345793673173,3.36504231193242E-16));
#10592=CARTESIAN_POINT('Ctrl Pts',(-14.1450372668529,11.3345793673173,0.540036993000251));
#10593=CARTESIAN_POINT('Ctrl Pts',(-14.0032817674435,11.5170409602198,1.61997878494143));
#10594=CARTESIAN_POINT('Ctrl Pts',(-13.3664323928352,12.2731268803851,2.95238579956274));
#10595=CARTESIAN_POINT('Ctrl Pts',(-12.3359719971635,13.3272951904595,3.72707060875998));
#10596=CARTESIAN_POINT('Ctrl Pts',(-11.0613545049821,14.4036093494058,3.75123972881834));
#10597=CARTESIAN_POINT('Ctrl Pts',(-9.83162485400685,15.2533634730821,3.01705392759371));
#10598=CARTESIAN_POINT('Ctrl Pts',(-8.94764688737133,15.7702488355835,1.7112284959493));
#10599=CARTESIAN_POINT('Ctrl Pts',(-8.71929717286367,15.8912462520108,0.637390488799645));
#10600=CARTESIAN_POINT('Ctrl Pts',(-8.70721322119264,15.8977811771379,0.0975423937085271));
#10601=CARTESIAN_POINT('Origin',(-8.6099775308883,15.921001442045,0.0999999999999993));
#10602=CARTESIAN_POINT('Origin',(-12.5664977693718,14.976168862976,0.1));
#10603=CARTESIAN_POINT('',(-10.2256224688028,18.1798775433362,0.0975423937085279));
#10604=CARTESIAN_POINT('',(-10.1666434992747,18.260595827044,0.));
#10605=CARTESIAN_POINT('Origin',(-10.1666434992747,18.260595827044,0.1));
#10606=CARTESIAN_POINT('',(-8.6099775308883,15.921001442045,0.));
#10607=CARTESIAN_POINT('Origin',(-12.5664977693718,14.976168862976,0.));
#10608=CARTESIAN_POINT('Origin',(-8.6099775308883,15.921001442045,0.1));
#10609=CARTESIAN_POINT('Origin',(-12.5664977693718,14.976168862976,0.0975423937085279));
#10610=CARTESIAN_POINT('Ctrl Pts',(-16.2962117285255,13.2451305504728,-2.21924432359498E-17));
#10611=CARTESIAN_POINT('Ctrl Pts',(-16.2962117285255,13.2451305504728,0.579596467939414));
#10612=CARTESIAN_POINT('Ctrl Pts',(-16.1222417072048,13.4659394368022,1.73933761701288));
#10613=CARTESIAN_POINT('Ctrl Pts',(-15.3682322613128,14.3323354711283,3.10383414399005));
#10614=CARTESIAN_POINT('Ctrl Pts',(-13.8466743235361,15.8716081328837,4.11689374874894));
#10615=CARTESIAN_POINT('Ctrl Pts',(-11.8596718684671,17.3827686000122,3.62214872035773));
#10616=CARTESIAN_POINT('Ctrl Pts',(-10.5011160389073,18.1880952277577,1.82572643023392));
#10617=CARTESIAN_POINT('Ctrl Pts',(-10.2290551323643,18.3403020529501,0.679378368580999));
#10618=CARTESIAN_POINT('Ctrl Pts',(-10.215287726544,18.3479670989437,0.0999999999999995));
#10619=CARTESIAN_POINT('Ctrl Pts',(-16.2841830715833,13.2599300678949,-2.20779216393201E-17));
#10620=CARTESIAN_POINT('Ctrl Pts',(-16.2841830715833,13.2599300678949,0.576603421208605));
#10621=CARTESIAN_POINT('Ctrl Pts',(-16.1109940789104,13.4793080573583,1.73039766061182));
#10622=CARTESIAN_POINT('Ctrl Pts',(-15.3602528395627,14.3406730524138,3.08859083849398));
#10623=CARTESIAN_POINT('Ctrl Pts',(-13.8450409840484,15.8722974619678,4.097641676609));
#10624=CARTESIAN_POINT('Ctrl Pts',(-11.8669658142331,17.3772938482522,3.60464163747732));
#10625=CARTESIAN_POINT('Ctrl Pts',(-10.5160055454838,18.1794568363955,1.81632115360594));
#10626=CARTESIAN_POINT('Ctrl Pts',(-10.2456273492679,18.3310589161523,0.675871000042187));
#10627=CARTESIAN_POINT('Ctrl Pts',(-10.2319439206999,18.3386937110629,0.0994839933628405));
#10628=CARTESIAN_POINT('Ctrl Pts',(-16.2555318705015,13.2795721576025,-2.18778775902409E-17));
#10629=CARTESIAN_POINT('Ctrl Pts',(-16.2555318705015,13.2795721576025,0.571380741666517));
#10630=CARTESIAN_POINT('Ctrl Pts',(-16.0838989946368,13.4964380812602,1.71478624196097));
#10631=CARTESIAN_POINT('Ctrl Pts',(-15.3395530001098,14.3489239211149,3.06197149586323));
#10632=CARTESIAN_POINT('Ctrl Pts',(-13.8364147764714,15.8668705390177,4.06400975904644));
#10633=CARTESIAN_POINT('Ctrl Pts',(-11.8745854976486,17.3602576387431,3.57406762886809));
#10634=CARTESIAN_POINT('Ctrl Pts',(-10.5371683144342,18.1559776327466,1.79989853147099));
#10635=CARTESIAN_POINT('Ctrl Pts',(-10.2697842282195,18.3063225271193,0.669749904194629));
#10636=CARTESIAN_POINT('Ctrl Pts',(-10.2562499543316,18.3138940501129,0.09858264301068));
#10637=CARTESIAN_POINT('Ctrl Pts',(-16.2069922208318,13.2845049035111,-2.1671051265439E-17));
#10638=CARTESIAN_POINT('Ctrl Pts',(-16.2069922208318,13.2845049035111,0.565976975281659));
#10639=CARTESIAN_POINT('Ctrl Pts',(-16.0372876868973,13.4988624456422,1.69861585791581));
#10640=CARTESIAN_POINT('Ctrl Pts',(-15.3008764832416,14.3420316049265,3.03390557101089));
#10641=CARTESIAN_POINT('Ctrl Pts',(-13.8127509408254,15.8446071909716,4.02787567499266));
#10642=CARTESIAN_POINT('Ctrl Pts',(-11.87011310741,17.3234937047948,3.54163147170525));
#10643=CARTESIAN_POINT('Ctrl Pts',(-10.5472119478999,18.1107822183098,1.7828999482591));
#10644=CARTESIAN_POINT('Ctrl Pts',(-10.2829032115187,18.2594675215924,0.66341685750814));
#10645=CARTESIAN_POINT('Ctrl Pts',(-10.2695232707358,18.266955588927,0.0976507111744313));
#10646=CARTESIAN_POINT('Ctrl Pts',(-16.1607899865943,13.2688274316578,-2.15691188335185E-17));
#10647=CARTESIAN_POINT('Ctrl Pts',(-16.1607899865943,13.2688274316578,0.56331762214643));
#10648=CARTESIAN_POINT('Ctrl Pts',(-15.9922857474623,13.4820630182361,1.69060622863167));
#10649=CARTESIAN_POINT('Ctrl Pts',(-15.2610368192427,14.3204364549411,3.0191898051448));
#10650=CARTESIAN_POINT('Ctrl Pts',(-13.7832484509069,15.8136384929965,4.0077990014889));
#10651=CARTESIAN_POINT('Ctrl Pts',(-11.8533930717965,17.2822544830076,3.52429402962513));
#10652=CARTESIAN_POINT('Ctrl Pts',(-10.5382616034724,18.0637365096147,1.77450392590462));
#10653=CARTESIAN_POINT('Ctrl Pts',(-10.2754062676194,18.2113057775841,0.660298836097792));
#10654=CARTESIAN_POINT('Ctrl Pts',(-10.2621005013288,18.2187377491442,0.0971913803406778));
#10655=CARTESIAN_POINT('Ctrl Pts',(-16.1372651104161,13.243268026103,-2.1599123824041E-17));
#10656=CARTESIAN_POINT('Ctrl Pts',(-16.1372651104161,13.243268026103,0.564089954463619));
#10657=CARTESIAN_POINT('Ctrl Pts',(-15.9687077235677,13.4570075117802,1.69287794316481));
#10658=CARTESIAN_POINT('Ctrl Pts',(-15.2377761342263,14.2962997908498,3.02189579717043));
#10659=CARTESIAN_POINT('Ctrl Pts',(-13.7617370152061,15.7889585262387,4.00957885409798));
#10660=CARTESIAN_POINT('Ctrl Pts',(-11.8339692867347,17.2553617037699,3.52691915936709));
#10661=CARTESIAN_POINT('Ctrl Pts',(-10.5177349344801,18.0361831326236,1.77692546990717));
#10662=CARTESIAN_POINT('Ctrl Pts',(-10.2543459616207,18.1837035881735,0.661204979109944));
#10663=CARTESIAN_POINT('Ctrl Pts',(-10.2410165262522,18.1911321950321,0.0973265237397816));
#10664=CARTESIAN_POINT('Ctrl Pts',(-16.1288561626409,13.2261506693832,-2.16470403547517E-17));
#10665=CARTESIAN_POINT('Ctrl Pts',(-16.1288561626409,13.2261506693832,0.565352268678184));
#10666=CARTESIAN_POINT('Ctrl Pts',(-15.9599697086672,13.4405073127574,1.69659154630723));
#10667=CARTESIAN_POINT('Ctrl Pts',(-15.2279931266525,14.2815864415831,3.02755412079049));
#10668=CARTESIAN_POINT('Ctrl Pts',(-13.7508965402647,15.7758801110842,4.01571670896647));
#10669=CARTESIAN_POINT('Ctrl Pts',(-11.8219561623418,17.2428830506773,3.53313056551974));
#10670=CARTESIAN_POINT('Ctrl Pts',(-10.5030986095416,18.0246772783149,1.78085726261942));
#10671=CARTESIAN_POINT('Ctrl Pts',(-10.2389875781002,18.1724364771825,0.662681923051854));
#10672=CARTESIAN_POINT('Ctrl Pts',(-10.2256224688028,18.1798775433362,0.0975423937085274));
#10673=CARTESIAN_POINT('Origin',(-10.1666434992747,18.260595827044,0.0999999999999995));
#10674=CARTESIAN_POINT('Ctrl Pts',(-10.2256224688028,18.1798775433362,0.0975423937085274));
#10675=CARTESIAN_POINT('Ctrl Pts',(-10.2389875781002,18.1724364771825,0.662681923051854));
#10676=CARTESIAN_POINT('Ctrl Pts',(-10.5030986095416,18.0246772783149,1.78085726261942));
#10677=CARTESIAN_POINT('Ctrl Pts',(-11.8219561623418,17.2428830506773,3.53313056551974));
#10678=CARTESIAN_POINT('Ctrl Pts',(-13.7508965402647,15.7758801110842,4.01571670896647));
#10679=CARTESIAN_POINT('Ctrl Pts',(-15.2279931266525,14.2815864415831,3.02755412079049));
#10680=CARTESIAN_POINT('Ctrl Pts',(-15.9599697086672,13.4405073127574,1.69659154630723));
#10681=CARTESIAN_POINT('Ctrl Pts',(-16.1288561626409,13.2261506693832,0.565352268678184));
#10682=CARTESIAN_POINT('Ctrl Pts',(-16.1288561626409,13.2261506693832,-2.16470403547517E-17));
#10683=CARTESIAN_POINT('Origin',(-10.1666434992747,18.260595827044,0.1));
#10684=CARTESIAN_POINT('Origin',(-10.1666434992747,18.260595827044,0.1));
#10685=CARTESIAN_POINT('Origin',(-8.6099775308883,15.921001442045,0.1));
#10686=CARTESIAN_POINT('Origin',(-8.6099775308883,15.921001442045,0.1));
#10687=CARTESIAN_POINT('Origin',(0.,0.,0.1));
#10688=CARTESIAN_POINT('Origin',(0.,0.,0.));
#10689=CARTESIAN_POINT('Origin',(-9.19216697549299E-16,0.,0.));
#10690=CARTESIAN_POINT('Origin',(0.,0.,0.));
#10691=CARTESIAN_POINT('',(-5.96462332926111,18.5805212128195,0.));
#10692=CARTESIAN_POINT('Origin',(-6.66939279485054,18.3240061053252,0.));
#10693=CARTESIAN_POINT('Origin',(-19.2529915713887,3.39482187338849,0.));
#10694=CARTESIAN_POINT('Origin',(0.,0.,0.1));
#10695=CARTESIAN_POINT('Ctrl Pts',(-14.3673021621349,10.9714410794364,0.831396366813709));
#10696=CARTESIAN_POINT('Ctrl Pts',(-14.3704941812167,10.968790637455,0.811715620934724));
#10697=CARTESIAN_POINT('Ctrl Pts',(-14.3901698563018,10.9524999541843,0.76874911372368));
#10698=CARTESIAN_POINT('Ctrl Pts',(-14.4280422400009,10.9197975518011,0.750000000000001));
#10699=CARTESIAN_POINT('Ctrl Pts',(-14.4492858188629,10.9008320473626,0.75));
#10700=CARTESIAN_POINT('Ctrl Pts',(-14.3441316342408,10.9607904352141,0.830280963316865));
#10701=CARTESIAN_POINT('Ctrl Pts',(-14.3473890687412,10.9576681304851,0.809493071316041));
#10702=CARTESIAN_POINT('Ctrl Pts',(-14.367560354015,10.9383385777051,0.764593952025246));
#10703=CARTESIAN_POINT('Ctrl Pts',(-14.4051056955006,10.9022803507935,0.748292779240051));
#10704=CARTESIAN_POINT('Ctrl Pts',(-14.4254006464461,10.8828125925465,0.749999999999999));
#10705=CARTESIAN_POINT('Ctrl Pts',(-14.2965696969448,10.9583576362347,0.824997187019519));
#10706=CARTESIAN_POINT('Ctrl Pts',(-14.3001117857166,10.9540492654099,0.79859779760981));
#10707=CARTESIAN_POINT('Ctrl Pts',(-14.3220005772097,10.9274191485494,0.741830808280776));
#10708=CARTESIAN_POINT('Ctrl Pts',(-14.3624122064529,10.8780445940778,0.722260291442425));
#10709=CARTESIAN_POINT('Ctrl Pts',(-14.3840430434288,10.851611584412,0.724892774991971));
#10710=CARTESIAN_POINT('Ctrl Pts',(-14.2593355036657,10.9850673238123,0.816451172128025));
#10711=CARTESIAN_POINT('Ctrl Pts',(-14.2636093493757,10.9795163984414,0.780973369473416));
#10712=CARTESIAN_POINT('Ctrl Pts',(-14.2899577774039,10.945348195589,0.703782834153996));
#10713=CARTESIAN_POINT('Ctrl Pts',(-14.3408875578724,10.8784975930947,0.671655839678599));
#10714=CARTESIAN_POINT('Ctrl Pts',(-14.3694555104714,10.8406064559408,0.67243994752564));
#10715=CARTESIAN_POINT('Ctrl Pts',(-14.2478519626243,10.9999415658058,0.812792733627418));
#10716=CARTESIAN_POINT('Ctrl Pts',(-14.2525091226119,10.9939093041186,0.773431241869447));
#10717=CARTESIAN_POINT('Ctrl Pts',(-14.2811802183584,10.9568071739296,0.687498227447357));
#10718=CARTESIAN_POINT('Ctrl Pts',(-14.3374323854925,10.883053792403,0.649999999999999));
#10719=CARTESIAN_POINT('Ctrl Pts',(-14.3694555104714,10.8406064559408,0.649999999999998));
#10720=CARTESIAN_POINT('Ctrl Pts',(-14.3673021621349,10.9714410794364,0.831396366813709));
#10721=CARTESIAN_POINT('Ctrl Pts',(-14.3704941812167,10.968790637455,0.811715620934724));
#10722=CARTESIAN_POINT('Ctrl Pts',(-14.3901698563018,10.9524999541843,0.76874911372368));
#10723=CARTESIAN_POINT('Ctrl Pts',(-14.4280422400009,10.9197975518011,0.750000000000001));
#10724=CARTESIAN_POINT('Ctrl Pts',(-14.4492858188629,10.9008320473626,0.75));
#10725=CARTESIAN_POINT('Ctrl Pts',(-16.5049668046747,12.821703115288,0.75));
#10726=CARTESIAN_POINT('Ctrl Pts',(-16.4932507686851,12.8533111543163,0.750000000000002));
#10727=CARTESIAN_POINT('Ctrl Pts',(-16.4725881731467,12.9093526691468,0.767475978362859));
#10728=CARTESIAN_POINT('Ctrl Pts',(-16.4613031061349,12.9402071724121,0.81102083702475));
#10729=CARTESIAN_POINT('Ctrl Pts',(-16.4595094607557,12.9451097668423,0.831396366819871));
#10730=CARTESIAN_POINT('Ctrl Pts',(-16.5285949124265,12.8400583526148,0.749999999999999));
#10731=CARTESIAN_POINT('Ctrl Pts',(-16.5153431716211,12.8704799652573,0.746873825317874));
#10732=CARTESIAN_POINT('Ctrl Pts',(-16.488675086445,12.9271278402444,0.760528927209507));
#10733=CARTESIAN_POINT('Ctrl Pts',(-16.4725416418231,12.959358136734,0.807341988567797));
#10734=CARTESIAN_POINT('Ctrl Pts',(-16.4699900812255,12.9644646158284,0.829603797121799));
#10735=CARTESIAN_POINT('Ctrl Pts',(-16.5695047294351,12.8718386969434,0.724889953011309));
#10736=CARTESIAN_POINT('Ctrl Pts',(-16.5479899373984,12.9035591652266,0.720069484787887));
#10737=CARTESIAN_POINT('Ctrl Pts',(-16.5056454646291,12.9640243125099,0.736144370382277));
#10738=CARTESIAN_POINT('Ctrl Pts',(-16.4806511234144,12.9987610514323,0.79561041664595));
#10739=CARTESIAN_POINT('Ctrl Pts',(-16.4766947172203,13.004269513453,0.824003959984562));
#10740=CARTESIAN_POINT('Ctrl Pts',(-16.5839379377114,12.8830509770837,0.672439947525641));
#10741=CARTESIAN_POINT('Ctrl Pts',(-16.5529191185615,12.922937892952,0.671004129641406));
#10742=CARTESIAN_POINT('Ctrl Pts',(-16.4969379684096,12.9944043281204,0.700302445493993));
#10743=CARTESIAN_POINT('Ctrl Pts',(-16.4657676050565,13.0337585994753,0.779107665634437));
#10744=CARTESIAN_POINT('Ctrl Pts',(-16.4608150110812,13.0400089026916,0.816154476063157));
#10745=CARTESIAN_POINT('Ctrl Pts',(-16.5839379377114,12.8830509770837,0.65));
#10746=CARTESIAN_POINT('Ctrl Pts',(-16.5497332393626,12.9270815871933,0.650000000000003));
#10747=CARTESIAN_POINT('Ctrl Pts',(-16.489209131087,13.0042461395118,0.684951956725719));
#10748=CARTESIAN_POINT('Ctrl Pts',(-16.456010406211,13.0460642935497,0.772041674049501));
#10749=CARTESIAN_POINT('Ctrl Pts',(-16.4507348210645,13.0527132752932,0.812792733639742));
#10750=CARTESIAN_POINT('',(-16.4595094607557,12.9451097668423,0.831396366819872));
#10751=CARTESIAN_POINT('Ctrl Pts',(-16.5049668046747,12.821703115288,0.75));
#10752=CARTESIAN_POINT('Ctrl Pts',(-16.4932507686851,12.8533111543163,0.750000000000002));
#10753=CARTESIAN_POINT('Ctrl Pts',(-16.4725881731467,12.9093526691468,0.767475978362859));
#10754=CARTESIAN_POINT('Ctrl Pts',(-16.4613031061349,12.9402071724121,0.81102083702475));
#10755=CARTESIAN_POINT('Ctrl Pts',(-16.4595094607557,12.9451097668423,0.831396366819871));
#10756=CARTESIAN_POINT('Origin',(-16.3723979885833,12.9905574977918,0.812792733639745));
#10757=CARTESIAN_POINT('Origin',(-12.5664977693718,14.976168862976,0.85));
#10758=CARTESIAN_POINT('Origin',(-12.5664977693718,14.976168862976,0.831396366819873));
#10759=CARTESIAN_POINT('Ctrl Pts',(-9.97102569947604,18.4818464039822,0.64999999996726));
#10760=CARTESIAN_POINT('Ctrl Pts',(-10.1326406231752,18.3946545443379,1.76027776568221));
#10761=CARTESIAN_POINT('Ctrl Pts',(-11.3419300032827,17.7647067070875,3.79008047121494));
#10762=CARTESIAN_POINT('Ctrl Pts',(-13.7217648422038,15.9774294282209,4.40006698727803));
#10763=CARTESIAN_POINT('Ctrl Pts',(-15.6374058021066,14.076207890511,3.38569571825734));
#10764=CARTESIAN_POINT('Ctrl Pts',(-16.3080995299733,13.2324809067717,1.91457368979597));
#10765=CARTESIAN_POINT('Ctrl Pts',(-16.4507348210645,13.0527132752932,0.812792733639745));
#10766=CARTESIAN_POINT('Ctrl Pts',(-9.95187217026568,18.4921798050839,0.65358239516969));
#10767=CARTESIAN_POINT('Ctrl Pts',(-10.1143216857735,18.4047574334529,1.7700004481515));
#10768=CARTESIAN_POINT('Ctrl Pts',(-11.3299083465583,17.77334274192,3.81155397834956));
#10769=CARTESIAN_POINT('Ctrl Pts',(-13.7232447671311,15.9770795912007,4.42563514553601));
#10770=CARTESIAN_POINT('Ctrl Pts',(-15.648165258065,14.0648674689244,3.40477842746364));
#10771=CARTESIAN_POINT('Ctrl Pts',(-16.3210709286458,13.2165190142857,1.92516050839357));
#10772=CARTESIAN_POINT('Ctrl Pts',(-16.4641750744201,13.0357741118245,0.817275056870964));
#10773=CARTESIAN_POINT('Ctrl Pts',(-9.91216385780308,18.4985374242994,0.659831812885179));
#10774=CARTESIAN_POINT('Ctrl Pts',(-10.0758657501111,18.4105794541293,1.78693539910497));
#10775=CARTESIAN_POINT('Ctrl Pts',(-11.3009297996415,17.7754747987653,3.84896090272845));
#10776=CARTESIAN_POINT('Ctrl Pts',(-13.7152519782068,15.9641776462437,4.47009234019856));
#10777=CARTESIAN_POINT('Ctrl Pts',(-15.6558324726869,14.0352996693279,3.43803420068252));
#10778=CARTESIAN_POINT('Ctrl Pts',(-16.3331679520129,13.1801332087027,1.94360209401798));
#10779=CARTESIAN_POINT('Ctrl Pts',(-16.4772080826659,12.9979625111792,0.825094259444314));
#10780=CARTESIAN_POINT('Ctrl Pts',(-9.87600936697488,18.4822887934759,0.663799539866891));
#10781=CARTESIAN_POINT('Ctrl Pts',(-10.0403698238325,18.3937438726286,1.79767191611103));
#10782=CARTESIAN_POINT('Ctrl Pts',(-11.2702528317776,17.7541708894377,3.87130472598121));
#10783=CARTESIAN_POINT('Ctrl Pts',(-13.6924257208732,15.9357509307091,4.49517405789317));
#10784=CARTESIAN_POINT('Ctrl Pts',(-15.641095963048,14.0007384838814,3.45812637939657));
#10785=CARTESIAN_POINT('Ctrl Pts',(-16.3224666868753,13.1424770831152,1.95526155697618));
#10786=CARTESIAN_POINT('Ctrl Pts',(-16.467369926108,12.9596259035819,0.830051939546318));
#10787=CARTESIAN_POINT('Ctrl Pts',(-9.86305130485727,18.4720630349882,0.66487754631579));
#10788=CARTESIAN_POINT('Ctrl Pts',(-10.0275781472734,18.3833001842358,1.80056794113843));
#10789=CARTESIAN_POINT('Ctrl Pts',(-11.2586560621253,17.7420021767409,3.87682985256571));
#10790=CARTESIAN_POINT('Ctrl Pts',(-13.6813698966999,15.9225223880956,4.50077806503674));
#10791=CARTESIAN_POINT('Ctrl Pts',(-15.6315261763426,13.9870453345327,3.463189325908));
#10792=CARTESIAN_POINT('Ctrl Pts',(-16.3143042190415,13.1281163859021,1.95839547257913));
#10793=CARTESIAN_POINT('Ctrl Pts',(-16.4595094607557,12.9451097668423,0.831396366819872));
#10794=CARTESIAN_POINT('Ctrl Pts',(-16.4595094607557,12.9451097668423,0.831396366819872));
#10795=CARTESIAN_POINT('Ctrl Pts',(-16.3143042190415,13.1281163859021,1.95839547257913));
#10796=CARTESIAN_POINT('Ctrl Pts',(-15.6315261763426,13.9870453345327,3.463189325908));
#10797=CARTESIAN_POINT('Ctrl Pts',(-13.6813698966999,15.9225223880956,4.50077806503674));
#10798=CARTESIAN_POINT('Ctrl Pts',(-11.3014385196163,17.7098721679868,3.88784809066536));
#10799=CARTESIAN_POINT('Ctrl Pts',(-10.082271374354,18.354591886757,1.89146075112112));
#10800=CARTESIAN_POINT('Ctrl Pts',(-9.88745496962804,18.4589537410515,0.814694402071131));
#10801=CARTESIAN_POINT('Origin',(-12.5664977693718,14.976168862976,0.));
#10802=CARTESIAN_POINT('Origin',(-12.5664977693718,14.976168862976,0.));
#10803=CARTESIAN_POINT('Ctrl Pts',(-3.95368559764706,17.6397352863525,0.831396366813931));
#10804=CARTESIAN_POINT('Ctrl Pts',(-3.95783449788906,17.6397567203191,0.811715618580653));
#10805=CARTESIAN_POINT('Ctrl Pts',(-3.9833783771931,17.6399246131784,0.768749118381376));
#10806=CARTESIAN_POINT('Ctrl Pts',(-4.03341101305042,17.6392170185526,0.75));
#10807=CARTESIAN_POINT('Ctrl Pts',(-4.0618753332591,17.6383437084399,0.75));
#10808=CARTESIAN_POINT('Ctrl Pts',(-3.94278204565087,17.6166826912901,0.8302809633171));
#10809=CARTESIAN_POINT('Ctrl Pts',(-3.94728436458072,17.6163847056033,0.80949306882954));
#10810=CARTESIAN_POINT('Ctrl Pts',(-3.97516124724632,17.6145432628579,0.764593955280106));
#10811=CARTESIAN_POINT('Ctrl Pts',(-4.027100440404,17.6110547375668,0.748292779035826));
#10812=CARTESIAN_POINT('Ctrl Pts',(-4.05516091194535,17.6091869123252,0.75));
#10813=CARTESIAN_POINT('Ctrl Pts',(-3.90791221733832,17.5842443708238,0.824997471381913));
#10814=CARTESIAN_POINT('Ctrl Pts',(-3.91339498279883,17.5832207779471,0.798598078814196));
#10815=CARTESIAN_POINT('Ctrl Pts',(-3.94727963647297,17.576890355076,0.741832090986613));
#10816=CARTESIAN_POINT('Ctrl Pts',(-4.00997293218576,17.5650425707955,0.722263416856518));
#10817=CARTESIAN_POINT('Ctrl Pts',(-4.04353392976572,17.5586977438623,0.724895900720972));
#10818=CARTESIAN_POINT('Ctrl Pts',(-3.86221955783312,17.580773964814,0.816451172128426));
#10819=CARTESIAN_POINT('Ctrl Pts',(-3.8690615804592,17.5792688841675,0.780973365229812));
#10820=CARTESIAN_POINT('Ctrl Pts',(-3.91120852597973,17.5700309690602,0.703782841917399));
#10821=CARTESIAN_POINT('Ctrl Pts',(-3.9931937527247,17.5515574660572,0.671655839584801));
#10822=CARTESIAN_POINT('Ctrl Pts',(-4.03943403307534,17.5408942956861,0.672439947525641));
#10823=CARTESIAN_POINT('Ctrl Pts',(-3.84386167657421,17.584786817342,0.812792733627862));
#10824=CARTESIAN_POINT('Ctrl Pts',(-3.85130673206479,17.5831594013387,0.773431237161304));
#10825=CARTESIAN_POINT('Ctrl Pts',(-3.89711883424554,17.5731669504515,0.687498236762752));
#10826=CARTESIAN_POINT('Ctrl Pts',(-3.98761826799349,17.5528267753757,0.649999999999999));
#10827=CARTESIAN_POINT('Ctrl Pts',(-4.03943403307534,17.5408942956861,0.65));
#10828=CARTESIAN_POINT('',(-3.95368559764604,17.639735286353,0.831396366819873));
#10829=CARTESIAN_POINT('Origin',(-3.86521646366514,17.6824800774386,0.812792733633934));
#10830=CARTESIAN_POINT('Ctrl Pts',(-3.95368559764706,17.6397352863525,0.831396366813931));
#10831=CARTESIAN_POINT('Ctrl Pts',(-3.95783449788906,17.6397567203191,0.811715618580653));
#10832=CARTESIAN_POINT('Ctrl Pts',(-3.9833783771931,17.6399246131784,0.768749118381376));
#10833=CARTESIAN_POINT('Ctrl Pts',(-4.03341101305042,17.6392170185526,0.75));
#10834=CARTESIAN_POINT('Ctrl Pts',(-4.0618753332591,17.6383437084399,0.75));
#10835=CARTESIAN_POINT('Ctrl Pts',(-4.40190620699779,20.4311825831202,0.75));
#10836=CARTESIAN_POINT('Ctrl Pts',(-4.37261394685659,20.4478648230196,0.749999999999998));
#10837=CARTESIAN_POINT('Ctrl Pts',(-4.32076268777039,20.4775134543338,0.767475974747039));
#10838=CARTESIAN_POINT('Ctrl Pts',(-4.29228493375188,20.4938954731507,0.811020837009323));
#10839=CARTESIAN_POINT('Ctrl Pts',(-4.2877595947177,20.4964981453468,0.831396366819872));
#10840=CARTESIAN_POINT('Ctrl Pts',(-4.408207868516,20.4604313655797,0.750000000000002));
#10841=CARTESIAN_POINT('Ctrl Pts',(-4.37850181041453,20.4752176181099,0.746873825315506));
#10842=CARTESIAN_POINT('Ctrl Pts',(-4.32166031548387,20.5014704946751,0.760528924413277));
#10843=CARTESIAN_POINT('Ctrl Pts',(-4.28858414898545,20.5157899544415,0.807341988550943));
#10844=CARTESIAN_POINT('Ctrl Pts',(-4.28334715867337,20.5180616328399,0.8296037971218));
#10845=CARTESIAN_POINT('Ctrl Pts',(-4.41911941120858,20.5110766339094,0.724893183061036));
#10846=CARTESIAN_POINT('Ctrl Pts',(-4.38224860031022,20.5215464806327,0.720072714833958));
#10847=CARTESIAN_POINT('Ctrl Pts',(-4.31094473238064,20.540645275593,0.736145593981588));
#10848=CARTESIAN_POINT('Ctrl Pts',(-4.26946968079788,20.5511881979087,0.795610573235324));
#10849=CARTESIAN_POINT('Ctrl Pts',(-4.2628981266778,20.5528647957506,0.824004116595435));
#10850=CARTESIAN_POINT('Ctrl Pts',(-4.42296795918439,20.5289394375849,0.672439947525642));
#10851=CARTESIAN_POINT('Ctrl Pts',(-4.37356734979633,20.5395560752303,0.671004129640312));
#10852=CARTESIAN_POINT('Ctrl Pts',(-4.28474556014862,20.5583185523874,0.700302437908223));
#10853=CARTESIAN_POINT('Ctrl Pts',(-4.23557124015978,20.5684297485893,0.779107665606386));
#10854=CARTESIAN_POINT('Ctrl Pts',(-4.22775971559587,20.5700342925941,0.816154476063157));
#10855=CARTESIAN_POINT('Ctrl Pts',(-4.42296795918439,20.5289394375849,0.65));
#10856=CARTESIAN_POINT('Ctrl Pts',(-4.36846330941902,20.5406824855037,0.649999999999995));
#10857=CARTESIAN_POINT('Ctrl Pts',(-4.27249873213113,20.5608898156499,0.684951949494078));
#10858=CARTESIAN_POINT('Ctrl Pts',(-4.22018684452456,20.5715846506306,0.772041674018645));
#10859=CARTESIAN_POINT('Ctrl Pts',(-4.2118716287509,20.5732869853828,0.812792733639742));
#10860=CARTESIAN_POINT('',(-4.2877595947177,20.4964981453468,0.831396366819872));
#10861=CARTESIAN_POINT('Ctrl Pts',(-4.40190620699779,20.4311825831202,0.75));
#10862=CARTESIAN_POINT('Ctrl Pts',(-4.37261394685659,20.4478648230196,0.749999999999998));
#10863=CARTESIAN_POINT('Ctrl Pts',(-4.32076268777039,20.4775134543338,0.767475974747039));
#10864=CARTESIAN_POINT('Ctrl Pts',(-4.29228493375188,20.4938954731507,0.811020837009323));
#10865=CARTESIAN_POINT('Ctrl Pts',(-4.2877595947177,20.4964981453468,0.831396366819872));
#10866=CARTESIAN_POINT('Origin',(-4.19181509718542,20.4753189521191,0.812792733639745));
#10867=CARTESIAN_POINT('Origin',(-6.93889390390723E-16,19.55,0.85));
#10868=CARTESIAN_POINT('Origin',(-6.93889390390723E-16,19.55,0.831396366819873));
#10869=CARTESIAN_POINT('Ctrl Pts',(4.21187162874734,20.5732869853836,0.812792733657209));
#10870=CARTESIAN_POINT('Ctrl Pts',(3.99020218047708,20.6186683219096,1.89914637117218));
#10871=CARTESIAN_POINT('Ctrl Pts',(2.95953762554268,20.8287837079799,3.35333703479169));
#10872=CARTESIAN_POINT('Ctrl Pts',(0.323410238384789,21.0560629576221,4.38831116142588));
#10873=CARTESIAN_POINT('Ctrl Pts',(-2.61372366886182,20.9139607416631,3.84923188584483));
#10874=CARTESIAN_POINT('Ctrl Pts',(-3.9902021804775,20.6186683219095,1.89914637119442));
#10875=CARTESIAN_POINT('Ctrl Pts',(-4.2118716287509,20.5732869853828,0.812792733639745));
#10876=CARTESIAN_POINT('Ctrl Pts',(4.23305574454062,20.5689500616653,0.817275056888525));
#10877=CARTESIAN_POINT('Ctrl Pts',(4.01041277998104,20.6147723946214,1.90964771361907));
#10878=CARTESIAN_POINT('Ctrl Pts',(2.97519732717221,20.8269522683635,3.37222398921494));
#10879=CARTESIAN_POINT('Ctrl Pts',(0.325222087500434,21.0567063782526,4.41379731277264));
#10880=CARTESIAN_POINT('Ctrl Pts',(-2.62788397856914,20.9130101544159,3.87109003682077));
#10881=CARTESIAN_POINT('Ctrl Pts',(-4.01041277998146,20.6147723946214,1.90964771364143));
#10882=CARTESIAN_POINT('Ctrl Pts',(-4.2330557445442,20.5689500616646,0.817275056870964));
#10883=CARTESIAN_POINT('Ctrl Pts',(4.26734597257364,20.5483635376065,0.825094513772789));
#10884=CARTESIAN_POINT('Ctrl Pts',(4.04309239098711,20.5946695842417,1.9279408171952));
#10885=CARTESIAN_POINT('Ctrl Pts',(3.0002902561291,20.8091672147482,3.40514327604713));
#10886=CARTESIAN_POINT('Ctrl Pts',(0.328113563235094,21.0416448140231,4.4581166274053));
#10887=CARTESIAN_POINT('Ctrl Pts',(-2.65048899909809,20.8961991274614,3.90916650881119));
#10888=CARTESIAN_POINT('Ctrl Pts',(-4.04309239098753,20.5946695842416,1.92794081721777));
#10889=CARTESIAN_POINT('Ctrl Pts',(-4.26734597257724,20.5483635376058,0.825094513755059));
#10890=CARTESIAN_POINT('Ctrl Pts',(4.28445026768084,20.5126707609674,0.830051939564155));
#10891=CARTESIAN_POINT('Ctrl Pts',(4.05911348372586,20.5589437608609,1.93950618637402));
#10892=CARTESIAN_POINT('Ctrl Pts',(3.01135174239865,20.7732264825781,3.42505865859452));
#10893=CARTESIAN_POINT('Ctrl Pts',(0.32918184216878,21.0052028776686,4.4831470170436));
#10894=CARTESIAN_POINT('Ctrl Pts',(-2.65983370291482,20.8601255795913,3.93178765314198));
#10895=CARTESIAN_POINT('Ctrl Pts',(-4.05911348372629,20.5589437608608,1.93950618639673));
#10896=CARTESIAN_POINT('Ctrl Pts',(-4.28445026768446,20.5126707609666,0.830051939546318));
#10897=CARTESIAN_POINT('Ctrl Pts',(4.28775959471408,20.4964981453476,0.831396366837737));
#10898=CARTESIAN_POINT('Ctrl Pts',(4.06209618721881,20.5426971462341,1.94261504526631));
#10899=CARTESIAN_POINT('Ctrl Pts',(3.01286149445444,20.7565983146531,3.43008999965302));
#10900=CARTESIAN_POINT('Ctrl Pts',(0.329237326037776,20.9879725988743,4.48875316557845));
#10901=CARTESIAN_POINT('Ctrl Pts',(-2.66081678810013,20.8433100370455,3.93733515629218));
#10902=CARTESIAN_POINT('Ctrl Pts',(-4.06209618721923,20.542697146234,1.94261504528905));
#10903=CARTESIAN_POINT('Ctrl Pts',(-4.2877595947177,20.4964981453468,0.831396366819872));
#10904=CARTESIAN_POINT('Ctrl Pts',(-4.2877595947177,20.4964981453468,0.831396366819872));
#10905=CARTESIAN_POINT('Ctrl Pts',(-4.06209618721923,20.542697146234,1.94261504528905));
#10906=CARTESIAN_POINT('Ctrl Pts',(-2.66081678810013,20.8433100370455,3.93733515629218));
#10907=CARTESIAN_POINT('Ctrl Pts',(0.329237326037776,20.9879725988743,4.48875316557845));
#10908=CARTESIAN_POINT('Ctrl Pts',(3.01286149445444,20.7565983146531,3.43008999965302));
#10909=CARTESIAN_POINT('Ctrl Pts',(4.06209618721881,20.5426971462341,1.94261504526631));
#10910=CARTESIAN_POINT('Ctrl Pts',(4.28775959442472,20.4964981454068,0.831396368262617));
#10911=CARTESIAN_POINT('Ctrl Pts',(-3.84386167657307,17.5847868173422,0.812792733633934));
#10912=CARTESIAN_POINT('Ctrl Pts',(-3.64798522460429,17.6276034858004,1.84837806733822));
#10913=CARTESIAN_POINT('Ctrl Pts',(-2.76363654500107,17.8234162014026,3.27706443550354));
#10914=CARTESIAN_POINT('Ctrl Pts',(-0.311745347912952,18.0590968922541,
4.37426479539511));
#10915=CARTESIAN_POINT('Ctrl Pts',(2.47064849569866,17.906902711135,3.77822498038177));
#10916=CARTESIAN_POINT('Ctrl Pts',(3.64798522459805,17.6276034858018,1.84837806736347));
#10917=CARTESIAN_POINT('Ctrl Pts',(3.84386167657197,17.5847868173425,0.812792733639747));
#10918=CARTESIAN_POINT('Ctrl Pts',(-3.8683388515852,17.5794363473048,0.817670651633084));
#10919=CARTESIAN_POINT('Ctrl Pts',(-3.67113601634667,17.6228349050857,1.85945753474483));
#10920=CARTESIAN_POINT('Ctrl Pts',(-2.78084838232065,17.8212352371517,3.29624551682394));
#10921=CARTESIAN_POINT('Ctrl Pts',(-0.313633526535785,18.0598551230632,
4.39898243462472));
#10922=CARTESIAN_POINT('Ctrl Pts',(2.48587209460466,17.905797708846,3.80013038012221));
#10923=CARTESIAN_POINT('Ctrl Pts',(3.67113601634039,17.6228349050871,1.85945753477024));
#10924=CARTESIAN_POINT('Ctrl Pts',(3.86833885158409,17.5794363473051,0.817670651638932));
#10925=CARTESIAN_POINT('Ctrl Pts',(-3.9147721708676,17.5876776772438,0.826159470219787));
#10926=CARTESIAN_POINT('Ctrl Pts',(-3.71501430645761,17.6318095837047,1.87869524543014));
#10927=CARTESIAN_POINT('Ctrl Pts',(-2.81324829326342,17.8335397089236,3.32962622120736));
#10928=CARTESIAN_POINT('Ctrl Pts',(-0.317162045265487,18.0758073841512,
4.44203506718458));
#10929=CARTESIAN_POINT('Ctrl Pts',(2.51443064530034,17.9194557432066,3.83826296226819));
#10930=CARTESIAN_POINT('Ctrl Pts',(3.71501430645125,17.6318095837061,1.87869524545581));
#10931=CARTESIAN_POINT('Ctrl Pts',(3.91477217086648,17.5876776772441,0.826159470225696));
#10932=CARTESIAN_POINT('Ctrl Pts',(-3.94550793364972,17.6224458400555,0.830559814191568));
#10933=CARTESIAN_POINT('Ctrl Pts',(-3.74430871396857,17.6665811716911,1.88875786280097));
#10934=CARTESIAN_POINT('Ctrl Pts',(-2.83601028847022,17.8683787403928,3.34808295071667));
#10935=CARTESIAN_POINT('Ctrl Pts',(-0.31980791392934,18.1110431973745,4.46792059440329));
#10936=CARTESIAN_POINT('Ctrl Pts',(2.53504420550656,17.954379152851,3.85983709726885));
#10937=CARTESIAN_POINT('Ctrl Pts',(3.74430871396216,17.6665811716925,1.88875786282678));
#10938=CARTESIAN_POINT('Ctrl Pts',(3.94550793364858,17.6224458400558,0.830559814197508));
#10939=CARTESIAN_POINT('Ctrl Pts',(-3.95368559764695,17.6397352863522,0.831396366813928));
#10940=CARTESIAN_POINT('Ctrl Pts',(-3.75221271120386,17.6837752804171,1.89068472944255));
#10941=CARTESIAN_POINT('Ctrl Pts',(-2.8425970871155,17.8851826094661,3.35207163247089));
#10942=CARTESIAN_POINT('Ctrl Pts',(-0.320652301223214,18.1275969915294,
4.47438529883744));
#10943=CARTESIAN_POINT('Ctrl Pts',(2.54123800391291,17.9710544328823,3.8647030069412));
#10944=CARTESIAN_POINT('Ctrl Pts',(3.75221271119744,17.6837752804185,1.89068472946838));
#10945=CARTESIAN_POINT('Ctrl Pts',(3.95368559764581,17.6397352863525,0.831396366819874));
#10946=CARTESIAN_POINT('Ctrl Pts',(3.95368559764581,17.6397352863525,0.831396366819874));
#10947=CARTESIAN_POINT('Ctrl Pts',(3.75221271119744,17.6837752804185,1.89068472946838));
#10948=CARTESIAN_POINT('Ctrl Pts',(2.54123800391291,17.9710544328823,3.8647030069412));
#10949=CARTESIAN_POINT('Ctrl Pts',(-0.320652301223214,18.1275969915294,
4.47438529883744));
#10950=CARTESIAN_POINT('Ctrl Pts',(-2.8425970871155,17.8851826094661,3.35207163247089));
#10951=CARTESIAN_POINT('Ctrl Pts',(-3.75221271120386,17.6837752804171,1.89068472944255));
#10952=CARTESIAN_POINT('Ctrl Pts',(-3.95368559764695,17.6397352863522,0.831396366813928));
#10953=CARTESIAN_POINT('Origin',(-6.93889390390723E-16,19.55,0.));
#10954=CARTESIAN_POINT('Origin',(-12.5343583888875,-14.9378666408201,-58.8285337819318));
#10955=CARTESIAN_POINT('Origin',(-19.2037511837381,-3.38613946450514,-58.8285337819318));
#10956=CARTESIAN_POINT('Origin',(-16.8874953737966,9.75000000000001,-58.8285337819318));
#10957=CARTESIAN_POINT('Origin',(-6.66939279485054,18.3240061053252,-58.8285337819318));
#10958=CARTESIAN_POINT('Origin',(6.66939279485054,18.3240061053252,-58.8285337819318));
#10959=CARTESIAN_POINT('',(7.37416226043998,18.067490997831,0.));
#10960=CARTESIAN_POINT('Origin',(6.66939279485054,18.3240061053252,0.));
#10961=CARTESIAN_POINT('Origin',(16.8874953737966,9.75,-58.8285337819318));
#10962=CARTESIAN_POINT('Origin',(19.2037511837381,-3.38613946450514,-58.8285337819318));
#10963=CARTESIAN_POINT('Origin',(12.5343583888875,-14.9378666408201,-58.8285337819318));
#10964=CARTESIAN_POINT('Origin',(0.,-19.5,-58.8285337819318));
#10965=CARTESIAN_POINT('Origin',(-9.19216697549299E-16,0.,0.));
#10966=CARTESIAN_POINT('Origin',(12.5664977693719,14.976168862976,0.));
#10967=CARTESIAN_POINT('',(0.,0.,0.));
#10968=CARTESIAN_POINT('Origin',(0.8,1.25,0.));
#10969=CARTESIAN_POINT('',(0.8,1.25,0.));
#10970=CARTESIAN_POINT('Origin',(-5.55111512312578E-16,1.25,0.));
#10971=CARTESIAN_POINT('Origin',(-5.10702591327572E-16,1.05,0.));
#10972=CARTESIAN_POINT('',(1.,1.05,0.));
#10973=CARTESIAN_POINT('Origin',(-5.10702591327572E-16,1.05,0.));
#10974=CARTESIAN_POINT('Origin',(-4.77395900588817E-16,0.9,0.));
#10975=CARTESIAN_POINT('',(1.,0.75,0.));
#10976=CARTESIAN_POINT('Origin',(-4.44089209850063E-16,0.75,0.));
#10977=CARTESIAN_POINT('Origin',(0.75,0.75,0.));
#10978=CARTESIAN_POINT('',(0.75,0.75,0.));
#10979=CARTESIAN_POINT('Origin',(-4.44089209850063E-16,0.75,0.));
#10980=CARTESIAN_POINT('Origin',(-2.77555756156289E-16,0.,0.));
#10981=CARTESIAN_POINT('',(0.75,-0.75,0.));
#10982=CARTESIAN_POINT('Origin',(-1.11022302462516E-16,-0.75,0.));
#10983=CARTESIAN_POINT('Origin',(1.,-0.75,0.));
#10984=CARTESIAN_POINT('',(1.,-0.75,0.));
#10985=CARTESIAN_POINT('Origin',(-1.11022302462516E-16,-0.75,0.));
#10986=CARTESIAN_POINT('Origin',(-7.7715611723761E-17,-0.9,0.));
#10987=CARTESIAN_POINT('',(1.,-1.05,0.));
#10988=CARTESIAN_POINT('Origin',(-4.44089209850063E-17,-1.05,0.));
#10989=CARTESIAN_POINT('Origin',(-4.44089209850063E-17,-1.05,0.));
#10990=CARTESIAN_POINT('',(0.8,-1.25,0.));
#10991=CARTESIAN_POINT('Origin',(8.62816615085482E-33,-1.25,0.));
#10992=CARTESIAN_POINT('Origin',(0.,-1.25,0.));
#10993=CARTESIAN_POINT('',(0.,0.,0.));
#10994=CARTESIAN_POINT('',(-4.58875487288325E-32,-2.46519032881566E-32,
0.));
#10995=CARTESIAN_POINT('',(0.,19.55,0.));
#10996=CARTESIAN_POINT('',(12.5664977693718,14.976168862976,-1.40033191544923E-15));
#10997=CARTESIAN_POINT('',(19.2529915713887,3.39482187338849,-4.94609679560253E-15));
#10998=CARTESIAN_POINT('',(16.9307966439858,-9.775,-8.97819184624903E-15));
#10999=CARTESIAN_POINT('',(6.68649380201682,-18.3709907363645,-1.16099549814463E-14));
#11000=CARTESIAN_POINT('',(-6.68649380201682,-18.3709907363645,-1.16099549814463E-14));
#11001=CARTESIAN_POINT('',(-16.9307966439858,-9.77500000000001,-8.97819184624903E-15));
#11002=CARTESIAN_POINT('',(-19.2529915713887,3.39482187338848,-4.94609679560253E-15));
#11003=CARTESIAN_POINT('',(-12.5664977693718,14.976168862976,-1.40033191544923E-15));
#11004=CARTESIAN_POINT('',(-1.61778115328528E-32,-1.37772764904077E-16,
0.));
#11005=CARTESIAN_POINT('',(1.84889274661175E-32,-1.37772764904077E-16,0.));
#11006=CARTESIAN_POINT('',(-6.66939279485048,18.3240061053252,2.22044604925031E-15));
#11007=CARTESIAN_POINT('',(6.66939279485059,18.3240061053252,2.2204460492503E-15));
#11008=CARTESIAN_POINT('',(16.8874953737966,9.74999999999994,-4.04586233938801E-16));
#11009=CARTESIAN_POINT('',(19.203751183738,-3.38613946450519,-4.42636902102866E-15));
#11010=CARTESIAN_POINT('',(12.5343583888875,-14.9378666408201,-7.96306544880304E-15));
#11011=CARTESIAN_POINT('',(-5.77315972805081E-14,-19.5,-9.35981595270379E-15));
#11012=CARTESIAN_POINT('',(-12.5343583888875,-14.93786664082,-7.96306544880302E-15));
#11013=CARTESIAN_POINT('',(-19.203751183738,-3.38613946450509,-4.42636902102863E-15));
#11014=CARTESIAN_POINT('',(-16.8874953737965,9.75000000000003,-4.04586233938771E-16));
#11015=UNCERTAINTY_MEASURE_WITH_UNIT(LENGTH_MEASURE(0.01),#11029,
'DISTANCE_ACCURACY_VALUE',
'Maximum model space distance between geometric entities at asserted c
onnectivities');
#11016=UNCERTAINTY_MEASURE_WITH_UNIT(LENGTH_MEASURE(0.01),#11029,
'DISTANCE_ACCURACY_VALUE',
'Maximum model space distance between geometric entities at asserted c
onnectivities');
#11017=UNCERTAINTY_MEASURE_WITH_UNIT(LENGTH_MEASURE(0.01),#11029,
'DISTANCE_ACCURACY_VALUE',
'Maximum model space distance between geometric entities at asserted c
onnectivities');
#11018=UNCERTAINTY_MEASURE_WITH_UNIT(LENGTH_MEASURE(0.01),#11029,
'DISTANCE_ACCURACY_VALUE',
'Maximum model space distance between geometric entities at asserted c
onnectivities');
#11019=UNCERTAINTY_MEASURE_WITH_UNIT(LENGTH_MEASURE(0.01),#11029,
'DISTANCE_ACCURACY_VALUE',
'Maximum model space distance between geometric entities at asserted c
onnectivities');
#11020=UNCERTAINTY_MEASURE_WITH_UNIT(LENGTH_MEASURE(0.01),#11029,
'DISTANCE_ACCURACY_VALUE',
'Maximum model space distance between geometric entities at asserted c
onnectivities');
#11021=UNCERTAINTY_MEASURE_WITH_UNIT(LENGTH_MEASURE(0.01),#11029,
'DISTANCE_ACCURACY_VALUE',
'Maximum model space distance between geometric entities at asserted c
onnectivities');
#11022=(
GEOMETRIC_REPRESENTATION_CONTEXT(3)
GLOBAL_UNCERTAINTY_ASSIGNED_CONTEXT((#11015))
GLOBAL_UNIT_ASSIGNED_CONTEXT((#11029,#11032,#11031))
REPRESENTATION_CONTEXT('','3D')
);
#11023=(
GEOMETRIC_REPRESENTATION_CONTEXT(3)
GLOBAL_UNCERTAINTY_ASSIGNED_CONTEXT((#11016))
GLOBAL_UNIT_ASSIGNED_CONTEXT((#11029,#11032,#11031))
REPRESENTATION_CONTEXT('','3D')
);
#11024=(
GEOMETRIC_REPRESENTATION_CONTEXT(3)
GLOBAL_UNCERTAINTY_ASSIGNED_CONTEXT((#11017))
GLOBAL_UNIT_ASSIGNED_CONTEXT((#11029,#11032,#11031))
REPRESENTATION_CONTEXT('','3D')
);
#11025=(
GEOMETRIC_REPRESENTATION_CONTEXT(3)
GLOBAL_UNCERTAINTY_ASSIGNED_CONTEXT((#11018))
GLOBAL_UNIT_ASSIGNED_CONTEXT((#11029,#11032,#11031))
REPRESENTATION_CONTEXT('','3D')
);
#11026=(
GEOMETRIC_REPRESENTATION_CONTEXT(3)
GLOBAL_UNCERTAINTY_ASSIGNED_CONTEXT((#11019))
GLOBAL_UNIT_ASSIGNED_CONTEXT((#11029,#11032,#11031))
REPRESENTATION_CONTEXT('','3D')
);
#11027=(
GEOMETRIC_REPRESENTATION_CONTEXT(3)
GLOBAL_UNCERTAINTY_ASSIGNED_CONTEXT((#11020))
GLOBAL_UNIT_ASSIGNED_CONTEXT((#11029,#11032,#11031))
REPRESENTATION_CONTEXT('','3D')
);
#11028=(
GEOMETRIC_REPRESENTATION_CONTEXT(3)
GLOBAL_UNCERTAINTY_ASSIGNED_CONTEXT((#11021))
GLOBAL_UNIT_ASSIGNED_CONTEXT((#11029,#11032,#11031))
REPRESENTATION_CONTEXT('','3D')
);
#11029=(
LENGTH_UNIT()
NAMED_UNIT(*)
SI_UNIT(.MILLI.,.METRE.)
);
#11030=(
LENGTH_UNIT()
NAMED_UNIT(*)
SI_UNIT(.CENTI.,.METRE.)
);
#11031=(
NAMED_UNIT(*)
SI_UNIT($,.STERADIAN.)
SOLID_ANGLE_UNIT()
);
#11032=(
NAMED_UNIT(*)
PLANE_ANGLE_UNIT()
SI_UNIT($,.RADIAN.)
);
#11033=SHAPE_DEFINITION_REPRESENTATION(#11039,#11067);
#11034=SHAPE_DEFINITION_REPRESENTATION(#11040,#11068);
#11035=SHAPE_DEFINITION_REPRESENTATION(#11041,#11069);
#11036=SHAPE_DEFINITION_REPRESENTATION(#11042,#11070);
#11037=SHAPE_DEFINITION_REPRESENTATION(#11043,#11071);
#11038=SHAPE_DEFINITION_REPRESENTATION(#11044,#11072);
#11039=PRODUCT_DEFINITION_SHAPE('',$,#11074);
#11040=PRODUCT_DEFINITION_SHAPE('',$,#11075);
#11041=PRODUCT_DEFINITION_SHAPE('',$,#11076);
#11042=PRODUCT_DEFINITION_SHAPE('',$,#11077);
#11043=PRODUCT_DEFINITION_SHAPE('',$,#11078);
#11044=PRODUCT_DEFINITION_SHAPE('',$,#11079);
#11045=PRODUCT_DEFINITION_SHAPE($,$,#77);
#11046=PRODUCT_DEFINITION_SHAPE($,$,#78);
#11047=PRODUCT_DEFINITION_SHAPE($,$,#79);
#11048=PRODUCT_DEFINITION_SHAPE($,$,#80);
#11049=PRODUCT_DEFINITION_SHAPE($,$,#81);
#11050=PRODUCT_DEFINITION_SHAPE($,$,#82);
#11051=PRODUCT_DEFINITION_SHAPE($,$,#83);
#11052=PRODUCT_DEFINITION_SHAPE($,$,#84);
#11053=PRODUCT_DEFINITION_SHAPE($,$,#85);
#11054=PRODUCT_DEFINITION_SHAPE($,$,#86);
#11055=PRODUCT_DEFINITION_SHAPE($,$,#87);
#11056=PRODUCT_DEFINITION_SHAPE($,$,#88);
#11057=PRODUCT_DEFINITION_SHAPE($,$,#89);
#11058=PRODUCT_DEFINITION_SHAPE($,$,#90);
#11059=PRODUCT_DEFINITION_SHAPE($,$,#91);
#11060=PRODUCT_DEFINITION_SHAPE($,$,#92);
#11061=PRODUCT_DEFINITION_SHAPE($,$,#93);
#11062=PRODUCT_DEFINITION_SHAPE($,$,#94);
#11063=PRODUCT_DEFINITION_SHAPE($,$,#95);
#11064=PRODUCT_DEFINITION_SHAPE($,$,#96);
#11065=PRODUCT_DEFINITION_SHAPE($,$,#97);
#11066=PRODUCT_DEFINITION_SHAPE($,$,#98);
#11067=SHAPE_REPRESENTATION('',(#3765,#4287,#4288,#4289,#4290,#4291,#4292,
#4293,#4294,#4295,#4296,#4297,#4298,#4299,#4300,#4301,#4302,#4303,#4304,
#4305,#4306,#4307,#4308),#11022);
#11068=SHAPE_REPRESENTATION('',(#3766),#11023);
#11069=SHAPE_REPRESENTATION('',(#3787),#11024);
#11070=SHAPE_REPRESENTATION('',(#3806),#11025);
#11071=SHAPE_REPRESENTATION('',(#3809),#11026);
#11072=SHAPE_REPRESENTATION('',(#4269),#11027);
#11073=DESIGN_CONTEXT('part definition',#11093,'design');
#11074=PRODUCT_DEFINITION('6205','6205',#11080,#11073);
#11075=PRODUCT_DEFINITION('Inner Race','Inner Race',#11081,#11073);
#11076=PRODUCT_DEFINITION('Outer Race','Outer Race',#11082,#11073);
#11077=PRODUCT_DEFINITION('Ball','Ball',#11083,#11073);
#11078=PRODUCT_DEFINITION('Cage','Cage',#11084,#11073);
#11079=PRODUCT_DEFINITION('Rivit','Rivit',#11085,#11073);
#11080=PRODUCT_DEFINITION_FORMATION('',$,#11095);
#11081=PRODUCT_DEFINITION_FORMATION('',$,#11096);
#11082=PRODUCT_DEFINITION_FORMATION('',$,#11097);
#11083=PRODUCT_DEFINITION_FORMATION('',$,#11098);
#11084=PRODUCT_DEFINITION_FORMATION('',$,#11099);
#11085=PRODUCT_DEFINITION_FORMATION('',$,#11100);
#11086=PRODUCT_RELATED_PRODUCT_CATEGORY('6205','6205',(#11095));
#11087=PRODUCT_RELATED_PRODUCT_CATEGORY('Inner Race','Inner Race',(#11096));
#11088=PRODUCT_RELATED_PRODUCT_CATEGORY('Outer Race','Outer Race',(#11097));
#11089=PRODUCT_RELATED_PRODUCT_CATEGORY('Ball','Ball',(#11098));
#11090=PRODUCT_RELATED_PRODUCT_CATEGORY('Cage','Cage',(#11099));
#11091=PRODUCT_RELATED_PRODUCT_CATEGORY('Rivit','Rivit',(#11100));
#11092=APPLICATION_PROTOCOL_DEFINITION('international standard',
'ap203_configuration_controlled_3d_design_of_mechanical_parts_and_asse
mblies_mim_lf',2004,#11093);
#11093=APPLICATION_CONTEXT(
'Configuration Controlled 3D Design of Mechanical Parts and Assemblies');
#11094=MECHANICAL_CONTEXT('part definition',#11093,'mechanical');
#11095=PRODUCT('6205','6205',$,(#11094));
#11096=PRODUCT('Inner Race','Inner Race',$,(#11094));
#11097=PRODUCT('Outer Race','Outer Race',$,(#11094));
#11098=PRODUCT('Ball','Ball',$,(#11094));
#11099=PRODUCT('Cage','Cage',$,(#11094));
#11100=PRODUCT('Rivit','Rivit',$,(#11094));
ENDSEC;
END-ISO-10303-21;
